dataset,model,total_time,accuracy,f1_macro,f1_weighted,seed
ACSF1,lr_classifier,0.3975611250025395,0.62,0.6138321300277821,0.6138321300277823,1
ACSF1,lr_classifier,0.3942410419986117,0.62,0.6138321300277821,0.6138321300277823,2
ACSF1,lr_classifier,0.3980083749993355,0.62,0.6138321300277821,0.6138321300277823,3
ACSF1,lr_classifier,0.3985702919999312,0.62,0.6138321300277821,0.6138321300277823,4
ACSF1,lr_classifier,0.3974106669993489,0.62,0.6138321300277821,0.6138321300277823,5
Adiac,lr_classifier,0.098662874999718,0.7365728900255755,0.7071510920347434,0.7189922306206125,1
Adiac,lr_classifier,0.1004644579988962,0.7365728900255755,0.7071510920347434,0.7189922306206125,2
Adiac,lr_classifier,0.1027844999989611,0.7365728900255755,0.7071510920347434,0.7189922306206125,3
Adiac,lr_classifier,0.1013818749997881,0.7365728900255755,0.7071510920347434,0.7189922306206125,4
Adiac,lr_classifier,0.1011509170020872,0.7365728900255755,0.7071510920347434,0.7189922306206125,5
AllGestureWiimoteX,lr_classifier,0.083668958999624,0.3042857142857142,0.3061617117232225,0.3061617117232225,1
AllGestureWiimoteX,lr_classifier,0.0806041249998088,0.3042857142857142,0.3061617117232225,0.3061617117232225,2
AllGestureWiimoteX,lr_classifier,0.0775964580025174,0.3042857142857142,0.3061617117232225,0.3061617117232225,3
AllGestureWiimoteX,lr_classifier,0.0806936659973871,0.3042857142857142,0.3061617117232225,0.3061617117232225,4
AllGestureWiimoteX,lr_classifier,0.0808924999982991,0.3042857142857142,0.3061617117232225,0.3061617117232225,5
AllGestureWiimoteY,lr_classifier,0.0727843329987081,0.3671428571428571,0.3565541913729058,0.3565541913729058,1
AllGestureWiimoteY,lr_classifier,0.0778038749995175,0.3671428571428571,0.3565541913729058,0.3565541913729058,2
AllGestureWiimoteY,lr_classifier,0.0757837089986424,0.3671428571428571,0.3565541913729058,0.3565541913729058,3
AllGestureWiimoteY,lr_classifier,0.0732959580018359,0.3671428571428571,0.3565541913729058,0.3565541913729058,4
AllGestureWiimoteY,lr_classifier,0.0772851670008094,0.3671428571428571,0.3565541913729058,0.3565541913729058,5
AllGestureWiimoteZ,lr_classifier,0.0648769580002408,0.3028571428571429,0.3010317924920014,0.3010317924920014,1
AllGestureWiimoteZ,lr_classifier,0.0624292920001607,0.3028571428571429,0.3010317924920014,0.3010317924920014,2
AllGestureWiimoteZ,lr_classifier,0.0671690830022271,0.3028571428571429,0.3010317924920014,0.3010317924920014,3
AllGestureWiimoteZ,lr_classifier,0.06251500000144,0.3028571428571429,0.3010317924920014,0.3010317924920014,4
AllGestureWiimoteZ,lr_classifier,0.0631432910013245,0.3028571428571429,0.3010317924920014,0.3010317924920014,5
ArrowHead,lr_classifier,0.0032116659967869,0.7314285714285714,0.7314328783746618,0.7270742777242409,1
ArrowHead,lr_classifier,0.0030636249975941,0.7314285714285714,0.7314328783746618,0.7270742777242409,2
ArrowHead,lr_classifier,0.0030969590006861,0.7314285714285714,0.7314328783746618,0.7270742777242409,3
ArrowHead,lr_classifier,0.0030967499988037,0.7314285714285714,0.7314328783746618,0.7270742777242409,4
ArrowHead,lr_classifier,0.0030532909986504,0.7314285714285714,0.7314328783746618,0.7270742777242409,5
Beef,lr_classifier,0.0205162499987636,0.9,0.9017316017316016,0.9017316017316016,1
Beef,lr_classifier,0.0204504159992211,0.9,0.9017316017316016,0.9017316017316016,2
Beef,lr_classifier,0.0205457080010091,0.9,0.9017316017316016,0.9017316017316016,3
Beef,lr_classifier,0.0204341249991557,0.9,0.9017316017316016,0.9017316017316016,4
Beef,lr_classifier,0.019304875000671,0.9,0.9017316017316016,0.9017316017316016,5
BeetleFly,lr_classifier,0.001976999999897,0.85,0.849624060150376,0.849624060150376,1
BeetleFly,lr_classifier,0.0018804159990395,0.85,0.849624060150376,0.849624060150376,2
BeetleFly,lr_classifier,0.0017724999997881,0.85,0.849624060150376,0.849624060150376,3
BeetleFly,lr_classifier,0.0017717919981805,0.85,0.849624060150376,0.849624060150376,4
BeetleFly,lr_classifier,0.0018034170025202,0.85,0.849624060150376,0.849624060150376,5
BirdChicken,lr_classifier,0.0032946669998636,0.7,0.696969696969697,0.696969696969697,1
BirdChicken,lr_classifier,0.003563333000784,0.7,0.696969696969697,0.696969696969697,2
BirdChicken,lr_classifier,0.0036934580020897,0.7,0.696969696969697,0.696969696969697,3
BirdChicken,lr_classifier,0.0037984589980624,0.7,0.696969696969697,0.696969696969697,4
BirdChicken,lr_classifier,0.003705874998559,0.7,0.696969696969697,0.696969696969697,5
BME,lr_classifier,0.002283375000843,0.9066666666666666,0.9069185645272602,0.9069185645272604,1
BME,lr_classifier,0.0019608749971666,0.9066666666666666,0.9069185645272602,0.9069185645272604,2
BME,lr_classifier,0.0019872919983754,0.9066666666666666,0.9069185645272602,0.9069185645272604,3
BME,lr_classifier,0.0020319579998613,0.9066666666666666,0.9069185645272602,0.9069185645272604,4
BME,lr_classifier,0.0022854170019854,0.9066666666666666,0.9069185645272602,0.9069185645272604,5
Car,lr_classifier,0.0092899999981455,0.8333333333333334,0.8363005863005863,0.8374004957338291,1
Car,lr_classifier,0.0089131250024365,0.8333333333333334,0.8363005863005863,0.8374004957338291,2
Car,lr_classifier,0.0088696669990895,0.8333333333333334,0.8363005863005863,0.8374004957338291,3
Car,lr_classifier,0.0087904169995454,0.8333333333333334,0.8363005863005863,0.8374004957338291,4
Car,lr_classifier,0.0087726659985492,0.8333333333333334,0.8363005863005863,0.8374004957338291,5
CBF,lr_classifier,0.002615749999677,0.8544444444444445,0.8539618954748106,0.8534521052417731,1
CBF,lr_classifier,0.0027235420020588,0.8544444444444445,0.8539618954748106,0.8534521052417731,2
CBF,lr_classifier,0.0023678750003455,0.8544444444444445,0.8539618954748106,0.8534521052417731,3
CBF,lr_classifier,0.0022566249972442,0.8544444444444445,0.8539618954748106,0.8534521052417731,4
CBF,lr_classifier,0.0025162500023725,0.8544444444444445,0.8539618954748106,0.8534521052417731,5
Chinatown,lr_classifier,0.0010212500019406,0.9825072886297376,0.9783021255060728,0.9826186836793712,1
Chinatown,lr_classifier,0.000853833000292,0.9825072886297376,0.9783021255060728,0.9826186836793712,2
Chinatown,lr_classifier,0.0008190000007743,0.9825072886297376,0.9783021255060728,0.9826186836793712,3
Chinatown,lr_classifier,0.0007998749970283,0.9825072886297376,0.9783021255060728,0.9826186836793712,4
Chinatown,lr_classifier,0.0007809170019754,0.9825072886297376,0.9783021255060728,0.9826186836793712,5
ChlorineConcentration,lr_classifier,0.020561290999467,0.7703125,0.7673193213380015,0.7716094898430046,1
ChlorineConcentration,lr_classifier,0.020020708998345,0.7703125,0.7673193213380015,0.7716094898430046,2
ChlorineConcentration,lr_classifier,0.0196238330026972,0.7703125,0.7673193213380015,0.7716094898430046,3
ChlorineConcentration,lr_classifier,0.0203998329998285,0.7703125,0.7673193213380015,0.7716094898430046,4
ChlorineConcentration,lr_classifier,0.0185009999986505,0.7703125,0.7673193213380015,0.7716094898430046,5
CinCECGTorso,lr_classifier,0.0408178329998918,0.4536231884057971,0.4633264555134538,0.4634913691584428,1
CinCECGTorso,lr_classifier,0.0404754160008451,0.4536231884057971,0.4633264555134538,0.4634913691584428,2
CinCECGTorso,lr_classifier,0.0406781249985215,0.4536231884057971,0.4633264555134538,0.4634913691584428,3
CinCECGTorso,lr_classifier,0.0414416670028003,0.4536231884057971,0.4633264555134538,0.4634913691584428,4
CinCECGTorso,lr_classifier,0.0406651250013965,0.4536231884057971,0.4633264555134538,0.4634913691584428,5
Coffee,lr_classifier,0.0015150840008573,1.0,1.0,1.0,1
Coffee,lr_classifier,0.0014663750007457,1.0,1.0,1.0,2
Coffee,lr_classifier,0.0012611670026672,1.0,1.0,1.0,3
Coffee,lr_classifier,0.0012427500005287,1.0,1.0,1.0,4
Coffee,lr_classifier,0.001210958998854,1.0,1.0,1.0,5
Computers,lr_classifier,0.0072766670018609,0.484,0.4837935174069628,0.4837935174069628,1
Computers,lr_classifier,0.0072597500002302,0.484,0.4837935174069628,0.4837935174069628,2
Computers,lr_classifier,0.0085661659977631,0.484,0.4837935174069628,0.4837935174069628,3
Computers,lr_classifier,0.00798291600222,0.484,0.4837935174069628,0.4837935174069628,4
Computers,lr_classifier,0.0078223750024335,0.484,0.4837935174069628,0.4837935174069628,5
CricketX,lr_classifier,0.051629083998705,0.2794871794871795,0.2764253186258858,0.279622548818159,1
CricketX,lr_classifier,0.0561647089998587,0.2794871794871795,0.2764253186258858,0.279622548818159,2
CricketX,lr_classifier,0.052691542001412,0.2794871794871795,0.2764253186258858,0.279622548818159,3
CricketX,lr_classifier,0.0526274590010871,0.2794871794871795,0.2764253186258858,0.279622548818159,4
CricketX,lr_classifier,0.0552390000011655,0.2794871794871795,0.2764253186258858,0.279622548818159,5
CricketY,lr_classifier,0.0489169159991433,0.3871794871794872,0.3899927477644002,0.391783731466848,1
CricketY,lr_classifier,0.0511679590017593,0.3871794871794872,0.3899927477644002,0.391783731466848,2
CricketY,lr_classifier,0.0514162920007947,0.3871794871794872,0.3899927477644002,0.391783731466848,3
CricketY,lr_classifier,0.0486552919974201,0.3871794871794872,0.3899927477644002,0.391783731466848,4
CricketY,lr_classifier,0.0525067919988941,0.3871794871794872,0.3899927477644002,0.391783731466848,5
CricketZ,lr_classifier,0.0576507080004375,0.2871794871794871,0.2919306345019086,0.2969987046211346,1
CricketZ,lr_classifier,0.0592157909995876,0.2871794871794871,0.2919306345019086,0.2969987046211346,2
CricketZ,lr_classifier,0.0601175000010698,0.2871794871794871,0.2919306345019086,0.2969987046211346,3
CricketZ,lr_classifier,0.0571285840014752,0.2871794871794871,0.2919306345019086,0.2969987046211346,4
CricketZ,lr_classifier,0.0613269170025887,0.2871794871794871,0.2919306345019086,0.2969987046211346,5
Crop,lr_classifier,0.2302389579999726,0.6873214285714285,0.6821858797432542,0.6821858797432541,1
Crop,lr_classifier,0.2296671249969222,0.6873214285714285,0.6821858797432542,0.6821858797432541,2
Crop,lr_classifier,0.2292656660029024,0.6873214285714285,0.6821858797432542,0.6821858797432541,3
Crop,lr_classifier,0.2306060829978378,0.6873214285714285,0.6821858797432542,0.6821858797432541,4
Crop,lr_classifier,0.2304822500009322,0.6873214285714285,0.6821858797432542,0.6821858797432541,5
DiatomSizeReduction,lr_classifier,0.0050648329997784,0.9575163398692812,0.9375958961825231,0.9557982603746724,1
DiatomSizeReduction,lr_classifier,0.0048657920015102,0.9575163398692812,0.9375958961825231,0.9557982603746724,2
DiatomSizeReduction,lr_classifier,0.0050465000022086,0.9575163398692812,0.9375958961825231,0.9557982603746724,3
DiatomSizeReduction,lr_classifier,0.0049451670020062,0.9575163398692812,0.9375958961825231,0.9557982603746724,4
DiatomSizeReduction,lr_classifier,0.0049159580012201,0.9575163398692812,0.9375958961825231,0.9557982603746724,5
DistalPhalanxOutlineAgeGroup,lr_classifier,0.0062455000006593,0.6906474820143885,0.6758562847981625,0.6927862475150428,1
DistalPhalanxOutlineAgeGroup,lr_classifier,0.006090207996749,0.6906474820143885,0.6758562847981625,0.6927862475150428,2
DistalPhalanxOutlineAgeGroup,lr_classifier,0.0068088340012764,0.6906474820143885,0.6758562847981625,0.6927862475150428,3
DistalPhalanxOutlineAgeGroup,lr_classifier,0.0064851669994823,0.6906474820143885,0.6758562847981625,0.6927862475150428,4
DistalPhalanxOutlineAgeGroup,lr_classifier,0.0061249999998835,0.6906474820143885,0.6758562847981625,0.6927862475150428,5
DistalPhalanxOutlineCorrect,lr_classifier,0.0043436250016384,0.6413043478260869,0.6296306336834971,0.6405896306336836,1
DistalPhalanxOutlineCorrect,lr_classifier,0.0045717920002061,0.6413043478260869,0.6296306336834971,0.6405896306336836,2
DistalPhalanxOutlineCorrect,lr_classifier,0.0045626249993802,0.6413043478260869,0.6296306336834971,0.6405896306336836,3
DistalPhalanxOutlineCorrect,lr_classifier,0.0044620830012718,0.6413043478260869,0.6296306336834971,0.6405896306336836,4
DistalPhalanxOutlineCorrect,lr_classifier,0.0044242499971005,0.6413043478260869,0.6296306336834971,0.6405896306336836,5
DistalPhalanxTW,lr_classifier,0.0203142919999663,0.5971223021582733,0.4820263400655558,0.604921705454926,1
DistalPhalanxTW,lr_classifier,0.0196985829970799,0.5971223021582733,0.4820263400655558,0.604921705454926,2
DistalPhalanxTW,lr_classifier,0.0197035410019452,0.5971223021582733,0.4820263400655558,0.604921705454926,3
DistalPhalanxTW,lr_classifier,0.0195990419997542,0.5971223021582733,0.4820263400655558,0.604921705454926,4
DistalPhalanxTW,lr_classifier,0.0198363329982385,0.5971223021582733,0.4820263400655558,0.604921705454926,5
DodgerLoopDay,lr_classifier,0.0072862500019255,0.5584415584415584,0.5504975872988295,0.560396779016203,1
DodgerLoopDay,lr_classifier,0.0067523750003601,0.5584415584415584,0.5504975872988295,0.560396779016203,2
DodgerLoopDay,lr_classifier,0.0067341670001042,0.5584415584415584,0.5504975872988295,0.560396779016203,3
DodgerLoopDay,lr_classifier,0.0067077080020681,0.5584415584415584,0.5504975872988295,0.560396779016203,4
DodgerLoopDay,lr_classifier,0.0069630409998353,0.5584415584415584,0.5504975872988295,0.560396779016203,5
DodgerLoopGame,lr_classifier,0.0015174580003076,0.7637795275590551,0.7604376257545271,0.7611060061154327,1
DodgerLoopGame,lr_classifier,0.0013876249977329,0.7637795275590551,0.7604376257545271,0.7611060061154327,2
DodgerLoopGame,lr_classifier,0.0013122090022079,0.7637795275590551,0.7604376257545271,0.7611060061154327,3
DodgerLoopGame,lr_classifier,0.0012674999998125,0.7637795275590551,0.7604376257545271,0.7611060061154327,4
DodgerLoopGame,lr_classifier,0.0012973340017197,0.7637795275590551,0.7604376257545271,0.7611060061154327,5
DodgerLoopWeekend,lr_classifier,0.0011412499989091,0.984126984126984,0.9802197802197804,0.98426652712367,1
DodgerLoopWeekend,lr_classifier,0.0012834580011258,0.984126984126984,0.9802197802197804,0.98426652712367,2
DodgerLoopWeekend,lr_classifier,0.0013200829998822,0.984126984126984,0.9802197802197804,0.98426652712367,3
DodgerLoopWeekend,lr_classifier,0.0012129589995311,0.984126984126984,0.9802197802197804,0.98426652712367,4
DodgerLoopWeekend,lr_classifier,0.001352625000436,0.984126984126984,0.9802197802197804,0.98426652712367,5
Earthquakes,lr_classifier,0.0023742080011288,0.6762589928057554,0.5382059800664452,0.663543583737661,1
Earthquakes,lr_classifier,0.00251387499884,0.6762589928057554,0.5382059800664452,0.663543583737661,2
Earthquakes,lr_classifier,0.0024664169977768,0.6762589928057554,0.5382059800664452,0.663543583737661,3
Earthquakes,lr_classifier,0.0023229170001286,0.6762589928057554,0.5382059800664452,0.663543583737661,4
Earthquakes,lr_classifier,0.0021227090001048,0.6762589928057554,0.5382059800664452,0.663543583737661,5
ECG200,lr_classifier,0.001802916998713,0.83,0.8236331569664903,0.8330158730158729,1
ECG200,lr_classifier,0.0018088329998136,0.83,0.8236331569664903,0.8330158730158729,2
ECG200,lr_classifier,0.0017202920025738,0.83,0.8236331569664903,0.8330158730158729,3
ECG200,lr_classifier,0.0016787919994385,0.83,0.8236331569664903,0.8330158730158729,4
ECG200,lr_classifier,0.0016879170034371,0.83,0.8236331569664903,0.8330158730158729,5
ECG5000,lr_classifier,0.0221908750027068,0.9015555555555556,0.5755659035650514,0.909388756650131,1
ECG5000,lr_classifier,0.0189719999980297,0.9015555555555556,0.5755659035650514,0.909388756650131,2
ECG5000,lr_classifier,0.0221053749992279,0.9015555555555556,0.5755659035650514,0.909388756650131,3
ECG5000,lr_classifier,0.0192983749984705,0.9015555555555556,0.5755659035650514,0.909388756650131,4
ECG5000,lr_classifier,0.0221548750014335,0.9015555555555556,0.5755659035650514,0.909388756650131,5
ECGFiveDays,lr_classifier,0.0016903750001802,0.9698025551684089,0.9697633583662002,0.9697696804310726,1
ECGFiveDays,lr_classifier,0.0017100000004575,0.9698025551684089,0.9697633583662002,0.9697696804310726,2
ECGFiveDays,lr_classifier,0.0015253749988914,0.9698025551684089,0.9697633583662002,0.9697696804310726,3
ECGFiveDays,lr_classifier,0.0013840829997207,0.9698025551684089,0.9697633583662002,0.9697696804310726,4
ECGFiveDays,lr_classifier,0.0013349589971767,0.9698025551684089,0.9697633583662002,0.9697696804310726,5
ElectricDevices,lr_classifier,0.0189030000001366,0.447801841525094,0.3793834504287248,0.4492908460066931,1
ElectricDevices,lr_classifier,0.0177529590000631,0.447801841525094,0.3793834504287248,0.4492908460066931,2
ElectricDevices,lr_classifier,0.0178489999998419,0.447801841525094,0.3793834504287248,0.4492908460066931,3
ElectricDevices,lr_classifier,0.017660125002294,0.447801841525094,0.3793834504287248,0.4492908460066931,4
ElectricDevices,lr_classifier,0.017837708001025,0.447801841525094,0.3793834504287248,0.4492908460066931,5
EOGHorizontalSignal,lr_classifier,0.4627024999972491,0.4005524861878453,0.4035527365841135,0.4034694427398456,1
EOGHorizontalSignal,lr_classifier,0.4585602910010493,0.4005524861878453,0.4035527365841135,0.4034694427398456,2
EOGHorizontalSignal,lr_classifier,0.4594914589979453,0.4005524861878453,0.4035527365841135,0.4034694427398456,3
EOGHorizontalSignal,lr_classifier,0.458646665996639,0.4005524861878453,0.4035527365841135,0.4034694427398456,4
EOGHorizontalSignal,lr_classifier,0.4592356659995857,0.4005524861878453,0.4035527365841135,0.4034694427398456,5
EOGVerticalSignal,lr_classifier,0.3648583750000398,0.3674033149171271,0.338823821899672,0.3397453514537301,1
EOGVerticalSignal,lr_classifier,0.3657634999981383,0.3674033149171271,0.338823821899672,0.3397453514537301,2
EOGVerticalSignal,lr_classifier,0.3649759999971138,0.3674033149171271,0.338823821899672,0.3397453514537301,3
EOGVerticalSignal,lr_classifier,0.3645671249978477,0.3674033149171271,0.338823821899672,0.3397453514537301,4
EOGVerticalSignal,lr_classifier,0.3646467920007126,0.3674033149171271,0.338823821899672,0.3397453514537301,5
EthanolLevel,lr_classifier,0.1972460840006533,0.74,0.7362575945657166,0.7362964131195358,1
EthanolLevel,lr_classifier,0.1975907499981986,0.74,0.7362575945657166,0.7362964131195358,2
EthanolLevel,lr_classifier,0.1973374170011084,0.74,0.7362575945657166,0.7362964131195358,3
EthanolLevel,lr_classifier,0.1970239160000346,0.74,0.7362575945657166,0.7362964131195358,4
EthanolLevel,lr_classifier,0.198074332998658,0.74,0.7362575945657166,0.7362964131195358,5
FaceAll,lr_classifier,0.009091707997868,0.763905325443787,0.7291079217334288,0.7636937740571149,1
FaceAll,lr_classifier,0.0088502079997851,0.763905325443787,0.7291079217334288,0.7636937740571149,2
FaceAll,lr_classifier,0.009083749999263,0.763905325443787,0.7291079217334288,0.7636937740571149,3
FaceAll,lr_classifier,0.0090038330017705,0.763905325443787,0.7291079217334288,0.7636937740571149,4
FaceAll,lr_classifier,0.0102710000028309,0.763905325443787,0.7291079217334288,0.7636937740571149,5
FaceFour,lr_classifier,0.0027264160016784,0.8636363636363636,0.8650693035835023,0.8641127297313909,1
FaceFour,lr_classifier,0.0027311670019116,0.8636363636363636,0.8650693035835023,0.8641127297313909,2
FaceFour,lr_classifier,0.0027029579978261,0.8636363636363636,0.8650693035835023,0.8641127297313909,3
FaceFour,lr_classifier,0.0029909170007158,0.8636363636363636,0.8650693035835023,0.8641127297313909,4
FaceFour,lr_classifier,0.0029948340015835,0.8636363636363636,0.8650693035835023,0.8641127297313909,5
FacesUCR,lr_classifier,0.0066686669997579,0.7307317073170732,0.7024669069649339,0.7328138198536732,1
FacesUCR,lr_classifier,0.0064358339986938,0.7307317073170732,0.7024669069649339,0.7328138198536732,2
FacesUCR,lr_classifier,0.0062574170005973,0.7307317073170732,0.7024669069649339,0.7328138198536732,3
FacesUCR,lr_classifier,0.007396917000733,0.7307317073170732,0.7024669069649339,0.7328138198536732,4
FacesUCR,lr_classifier,0.0075167499999224,0.7307317073170732,0.7024669069649339,0.7328138198536732,5
FiftyWords,lr_classifier,0.1724964169989107,0.5846153846153846,0.4392037260660767,0.5808653974360865,1
FiftyWords,lr_classifier,0.1691328329980024,0.5846153846153846,0.4392037260660767,0.5808653974360865,2
FiftyWords,lr_classifier,0.1708747080010653,0.5846153846153846,0.4392037260660767,0.5808653974360865,3
FiftyWords,lr_classifier,0.172524624998914,0.5846153846153846,0.4392037260660767,0.5808653974360865,4
FiftyWords,lr_classifier,0.1708127919991966,0.5846153846153846,0.4392037260660767,0.5808653974360865,5
Fish,lr_classifier,0.0288748340026359,0.8457142857142858,0.8491763163198343,0.8516165002493798,1
Fish,lr_classifier,0.0300614580010005,0.8457142857142858,0.8491763163198343,0.8516165002493798,2
Fish,lr_classifier,0.0291555410003638,0.8457142857142858,0.8491763163198343,0.8516165002493798,3
Fish,lr_classifier,0.030384708999918,0.8457142857142858,0.8491763163198343,0.8516165002493798,4
Fish,lr_classifier,0.0308557919997838,0.8457142857142858,0.8491763163198343,0.8516165002493798,5
FordA,lr_classifier,0.0753993750004156,0.4946969696969697,0.494380957795592,0.4939787608302021,1
FordA,lr_classifier,0.0617612920032115,0.4946969696969697,0.494380957795592,0.4939787608302021,2
FordA,lr_classifier,0.0699410419983905,0.4946969696969697,0.494380957795592,0.4939787608302021,3
FordA,lr_classifier,0.0612270410019846,0.4946969696969697,0.494380957795592,0.4939787608302021,4
FordA,lr_classifier,0.0793987920005747,0.4946969696969697,0.494380957795592,0.4939787608302021,5
FordB,lr_classifier,0.0449652499992225,0.4888888888888889,0.4860689655172414,0.4864449553001277,1
FordB,lr_classifier,0.0530992500025604,0.4888888888888889,0.4860689655172414,0.4864449553001277,2
FordB,lr_classifier,0.0488428339995152,0.4888888888888889,0.4860689655172414,0.4864449553001277,3
FordB,lr_classifier,0.0502361670005484,0.4888888888888889,0.4860689655172414,0.4864449553001277,4
FordB,lr_classifier,0.0501094159990316,0.4888888888888889,0.4860689655172414,0.4864449553001277,5
FreezerRegularTrain,lr_classifier,0.0031548340011795,0.9817543859649124,0.9817487684729064,0.9817487684729064,1
FreezerRegularTrain,lr_classifier,0.0032021250008256,0.9817543859649124,0.9817487684729064,0.9817487684729064,2
FreezerRegularTrain,lr_classifier,0.0031122920008783,0.9817543859649124,0.9817487684729064,0.9817487684729064,3
FreezerRegularTrain,lr_classifier,0.0030928749984013,0.9817543859649124,0.9817487684729064,0.9817487684729064,4
FreezerRegularTrain,lr_classifier,0.0033040419984899,0.9817543859649124,0.9817487684729064,0.9817487684729064,5
FreezerSmallTrain,lr_classifier,0.0027780419986811,0.8136842105263158,0.8134499233817689,0.8134499233817689,1
FreezerSmallTrain,lr_classifier,0.0027264580021437,0.8136842105263158,0.8134499233817689,0.8134499233817689,2
FreezerSmallTrain,lr_classifier,0.0031010409984446,0.8136842105263158,0.8134499233817689,0.8134499233817689,3
FreezerSmallTrain,lr_classifier,0.0027560419985093,0.8136842105263158,0.8134499233817689,0.8134499233817689,4
FreezerSmallTrain,lr_classifier,0.0026888329994108,0.8136842105263158,0.8134499233817689,0.8134499233817689,5
Fungi,lr_classifier,0.0069743340027343,0.8440860215053764,0.8705380279437,0.8448446070940269,1
Fungi,lr_classifier,0.0076170419997652,0.8440860215053764,0.8705380279437,0.8448446070940269,2
Fungi,lr_classifier,0.0078514579981856,0.8440860215053764,0.8705380279437,0.8448446070940269,3
Fungi,lr_classifier,0.0079292079972219,0.8440860215053764,0.8705380279437,0.8448446070940269,4
Fungi,lr_classifier,0.007714291998127,0.8440860215053764,0.8705380279437,0.8448446070940269,5
GestureMidAirD1,lr_classifier,0.1476167920009174,0.5846153846153846,0.5699018929788161,0.569901892978816,1
GestureMidAirD1,lr_classifier,0.1499785410014738,0.5846153846153846,0.5699018929788161,0.569901892978816,2
GestureMidAirD1,lr_classifier,0.1562892090005334,0.5846153846153846,0.5699018929788161,0.569901892978816,3
GestureMidAirD1,lr_classifier,0.1510647909999534,0.5846153846153846,0.5699018929788161,0.569901892978816,4
GestureMidAirD1,lr_classifier,0.1445615000011457,0.5846153846153846,0.5699018929788161,0.569901892978816,5
GestureMidAirD2,lr_classifier,0.1712717500013241,0.5923076923076923,0.5948283742401389,0.594828374240139,1
GestureMidAirD2,lr_classifier,0.1693883750012901,0.5923076923076923,0.5948283742401389,0.594828374240139,2
GestureMidAirD2,lr_classifier,0.1645084160008991,0.5923076923076923,0.5948283742401389,0.594828374240139,3
GestureMidAirD2,lr_classifier,0.1688635840000643,0.5923076923076923,0.5948283742401389,0.594828374240139,4
GestureMidAirD2,lr_classifier,0.1706842499988852,0.5923076923076923,0.5948283742401389,0.594828374240139,5
GestureMidAirD3,lr_classifier,0.1668145000003278,0.3307692307692307,0.3377222394463773,0.3377222394463773,1
GestureMidAirD3,lr_classifier,0.1617350000014994,0.3307692307692307,0.3377222394463773,0.3377222394463773,2
GestureMidAirD3,lr_classifier,0.1692703330008953,0.3307692307692307,0.3377222394463773,0.3377222394463773,3
GestureMidAirD3,lr_classifier,0.1680851250021078,0.3307692307692307,0.3377222394463773,0.3377222394463773,4
GestureMidAirD3,lr_classifier,0.1674322079998091,0.3307692307692307,0.3377222394463773,0.3377222394463773,5
GesturePebbleZ1,lr_classifier,0.0266032089966756,0.6976744186046512,0.6824965463046858,0.6897909623352431,1
GesturePebbleZ1,lr_classifier,0.0265700000018114,0.6976744186046512,0.6824965463046858,0.6897909623352431,2
GesturePebbleZ1,lr_classifier,0.0263268329981656,0.6976744186046512,0.6824965463046858,0.6897909623352431,3
GesturePebbleZ1,lr_classifier,0.0266032909967179,0.6976744186046512,0.6824965463046858,0.6897909623352431,4
GesturePebbleZ1,lr_classifier,0.0293249159985862,0.6976744186046512,0.6824965463046858,0.6897909623352431,5
GesturePebbleZ2,lr_classifier,0.0291510000024572,0.5126582278481012,0.4685131083386897,0.4822049356785889,1
GesturePebbleZ2,lr_classifier,0.0265715829991677,0.5126582278481012,0.4685131083386897,0.4822049356785889,2
GesturePebbleZ2,lr_classifier,0.027279833000648,0.5126582278481012,0.4685131083386897,0.4822049356785889,3
GesturePebbleZ2,lr_classifier,0.0291533750023518,0.5126582278481012,0.4685131083386897,0.4822049356785889,4
GesturePebbleZ2,lr_classifier,0.0285165000022971,0.5126582278481012,0.4685131083386897,0.4822049356785889,5
GunPoint,lr_classifier,0.001871000000392,0.8533333333333334,0.8529149581030486,0.8530195519106198,1
GunPoint,lr_classifier,0.0017711250002321,0.8533333333333334,0.8529149581030486,0.8530195519106198,2
GunPoint,lr_classifier,0.0016148750000866,0.8533333333333334,0.8529149581030486,0.8530195519106198,3
GunPoint,lr_classifier,0.0016466659981233,0.8533333333333334,0.8529149581030486,0.8530195519106198,4
GunPoint,lr_classifier,0.001662041999225,0.8533333333333334,0.8529149581030486,0.8530195519106198,5
GunPointAgeSpan,lr_classifier,0.0017840829968918,0.8924050632911392,0.8922496790757382,0.8923014738142051,1
GunPointAgeSpan,lr_classifier,0.001802333001251,0.8924050632911392,0.8922496790757382,0.8923014738142051,2
GunPointAgeSpan,lr_classifier,0.0016575420013396,0.8924050632911392,0.8922496790757382,0.8923014738142051,3
GunPointAgeSpan,lr_classifier,0.0016711660027795,0.8924050632911392,0.8922496790757382,0.8923014738142051,4
GunPointAgeSpan,lr_classifier,0.0019720829986908,0.8924050632911392,0.8922496790757382,0.8923014738142051,5
GunPointMaleVersusFemale,lr_classifier,0.0017355839991068,0.990506329113924,0.9904787730874688,0.9905047081711914,1
GunPointMaleVersusFemale,lr_classifier,0.0018317079993721,0.990506329113924,0.9904787730874688,0.9905047081711914,2
GunPointMaleVersusFemale,lr_classifier,0.00155604199972,0.990506329113924,0.9904787730874688,0.9905047081711914,3
GunPointMaleVersusFemale,lr_classifier,0.001744500001223,0.990506329113924,0.9904787730874688,0.9905047081711914,4
GunPointMaleVersusFemale,lr_classifier,0.001838874999521,0.990506329113924,0.9904787730874688,0.9905047081711914,5
GunPointOldVersusYoung,lr_classifier,0.0014351250028994,1.0,1.0,1.0,1
GunPointOldVersusYoung,lr_classifier,0.0013544159992306,1.0,1.0,1.0,2
GunPointOldVersusYoung,lr_classifier,0.0012244999998074,1.0,1.0,1.0,3
GunPointOldVersusYoung,lr_classifier,0.001201957999001,1.0,1.0,1.0,4
GunPointOldVersusYoung,lr_classifier,0.0011787500006903,1.0,1.0,1.0,5
Ham,lr_classifier,0.0024531249982828,0.6476190476190476,0.6464646464646464,0.647041847041847,1
Ham,lr_classifier,0.0024121669994201,0.6476190476190476,0.6464646464646464,0.647041847041847,2
Ham,lr_classifier,0.0023852080012147,0.6476190476190476,0.6464646464646464,0.647041847041847,3
Ham,lr_classifier,0.0030507500014209,0.6476190476190476,0.6464646464646464,0.647041847041847,4
Ham,lr_classifier,0.0027305410003464,0.6476190476190476,0.6464646464646464,0.647041847041847,5
HandOutlines,lr_classifier,0.1157389590007369,0.8432432432432433,0.8308904649330182,0.8437373543756522,1
HandOutlines,lr_classifier,0.1135302499969839,0.8432432432432433,0.8308904649330182,0.8437373543756522,2
HandOutlines,lr_classifier,0.1128424580019782,0.8432432432432433,0.8308904649330182,0.8437373543756522,3
HandOutlines,lr_classifier,0.1113468330004252,0.8432432432432433,0.8308904649330182,0.8437373543756522,4
HandOutlines,lr_classifier,0.1183974580017093,0.8432432432432433,0.8308904649330182,0.8437373543756522,5
Haptics,lr_classifier,0.0744128750011441,0.3733766233766233,0.3592740974820366,0.3618301876049471,1
Haptics,lr_classifier,0.0721754590013006,0.3733766233766233,0.3592740974820366,0.3618301876049471,2
Haptics,lr_classifier,0.0742108749982435,0.3733766233766233,0.3592740974820366,0.3618301876049471,3
Haptics,lr_classifier,0.0735431249995599,0.3733766233766233,0.3592740974820366,0.3618301876049471,4
Haptics,lr_classifier,0.0735062080020725,0.3733766233766233,0.3592740974820366,0.3618301876049471,5
Herring,lr_classifier,0.0040130000015778,0.640625,0.6133438402941949,0.6326011294982926,1
Herring,lr_classifier,0.0037409579999803,0.640625,0.6133438402941949,0.6326011294982926,2
Herring,lr_classifier,0.0034220839988847,0.640625,0.6133438402941949,0.6326011294982926,3
Herring,lr_classifier,0.0034146670004702,0.640625,0.6133438402941949,0.6326011294982926,4
Herring,lr_classifier,0.0041626659985922,0.640625,0.6133438402941949,0.6326011294982926,5
HouseTwenty,lr_classifier,0.0042436660005478,0.7226890756302521,0.718796992481203,0.724079105326341,1
HouseTwenty,lr_classifier,0.0040077500016195,0.7226890756302521,0.718796992481203,0.724079105326341,2
HouseTwenty,lr_classifier,0.0045554169992101,0.7226890756302521,0.718796992481203,0.724079105326341,3
HouseTwenty,lr_classifier,0.0042862910013354,0.7226890756302521,0.718796992481203,0.724079105326341,4
HouseTwenty,lr_classifier,0.0041112080034508,0.7226890756302521,0.718796992481203,0.724079105326341,5
InlineSkate,lr_classifier,0.3222652080003172,0.2727272727272727,0.2718621908174999,0.2700588970067872,1
InlineSkate,lr_classifier,0.3203378340003837,0.2727272727272727,0.2718621908174999,0.2700588970067872,2
InlineSkate,lr_classifier,0.3233712500004913,0.2727272727272727,0.2718621908174999,0.2700588970067872,3
InlineSkate,lr_classifier,0.3223948329978157,0.2727272727272727,0.2718621908174999,0.2700588970067872,4
InlineSkate,lr_classifier,0.3206172909995075,0.2727272727272727,0.2718621908174999,0.2700588970067872,5
InsectEPGRegularTrain,lr_classifier,0.0069115420010348,1.0,1.0,1.0,1
InsectEPGRegularTrain,lr_classifier,0.0064290410009562,1.0,1.0,1.0,2
InsectEPGRegularTrain,lr_classifier,0.0065038339998864,1.0,1.0,1.0,3
InsectEPGRegularTrain,lr_classifier,0.0063585829993826,1.0,1.0,1.0,4
InsectEPGRegularTrain,lr_classifier,0.0071368340031767,1.0,1.0,1.0,5
InsectEPGSmallTrain,lr_classifier,0.0045639169984497,1.0,1.0,1.0,1
InsectEPGSmallTrain,lr_classifier,0.0043546250017243,1.0,1.0,1.0,2
InsectEPGSmallTrain,lr_classifier,0.0045127080011297,1.0,1.0,1.0,3
InsectEPGSmallTrain,lr_classifier,0.00441420900097,1.0,1.0,1.0,4
InsectEPGSmallTrain,lr_classifier,0.0046099999999569,1.0,1.0,1.0,5
InsectWingbeatSound,lr_classifier,0.0367014999974344,0.5828282828282828,0.5859693003414369,0.5859693003414369,1
InsectWingbeatSound,lr_classifier,0.0369591659982688,0.5828282828282828,0.5859693003414369,0.5859693003414369,2
InsectWingbeatSound,lr_classifier,0.0371851250019972,0.5828282828282828,0.5859693003414369,0.5859693003414369,3
InsectWingbeatSound,lr_classifier,0.0368369589996291,0.5828282828282828,0.5859693003414369,0.5859693003414369,4
InsectWingbeatSound,lr_classifier,0.0360057500001858,0.5828282828282828,0.5859693003414369,0.5859693003414369,5
ItalyPowerDemand,lr_classifier,0.001111415997002,0.9620991253644317,0.9620968343664436,0.962095975242198,1
ItalyPowerDemand,lr_classifier,0.0019621659994299,0.9620991253644317,0.9620968343664436,0.962095975242198,2
ItalyPowerDemand,lr_classifier,0.001044084001478,0.9620991253644317,0.9620968343664436,0.962095975242198,3
ItalyPowerDemand,lr_classifier,0.0012226660001033,0.9620991253644317,0.9620968343664436,0.962095975242198,4
ItalyPowerDemand,lr_classifier,0.0010914169979514,0.9620991253644317,0.9620968343664436,0.962095975242198,5
LargeKitchenAppliances,lr_classifier,0.0137676660015131,0.392,0.392153634463293,0.392153634463293,1
LargeKitchenAppliances,lr_classifier,0.0125865000009071,0.392,0.392153634463293,0.392153634463293,2
LargeKitchenAppliances,lr_classifier,0.0122334579973539,0.392,0.392153634463293,0.392153634463293,3
LargeKitchenAppliances,lr_classifier,0.0129347080001025,0.392,0.392153634463293,0.392153634463293,4
LargeKitchenAppliances,lr_classifier,0.0122635410007205,0.392,0.392153634463293,0.392153634463293,5
Lightning2,lr_classifier,0.0036256669991416,0.7377049180327869,0.7318681318681319,0.7351107908484957,1
Lightning2,lr_classifier,0.0033145829984277,0.7377049180327869,0.7318681318681319,0.7351107908484957,2
Lightning2,lr_classifier,0.0032410409985459,0.7377049180327869,0.7318681318681319,0.7351107908484957,3
Lightning2,lr_classifier,0.0032188749974011,0.7377049180327869,0.7318681318681319,0.7351107908484957,4
Lightning2,lr_classifier,0.0033538340030645,0.7377049180327869,0.7318681318681319,0.7351107908484957,5
Lightning7,lr_classifier,0.0113393330029794,0.6575342465753424,0.6083824388172214,0.6278934420089869,1
Lightning7,lr_classifier,0.0113320000018575,0.6575342465753424,0.6083824388172214,0.6278934420089869,2
Lightning7,lr_classifier,0.0120114579985965,0.6575342465753424,0.6083824388172214,0.6278934420089869,3
Lightning7,lr_classifier,0.0111184999987017,0.6575342465753424,0.6083824388172214,0.6278934420089869,4
Lightning7,lr_classifier,0.0121087500010617,0.6575342465753424,0.6083824388172214,0.6278934420089869,5
Mallat,lr_classifier,0.0181254169983731,0.823454157782516,0.8147758255774625,0.8138423665177621,1
Mallat,lr_classifier,0.0182226249999075,0.823454157782516,0.8147758255774625,0.8138423665177621,2
Mallat,lr_classifier,0.0186665420005738,0.823454157782516,0.8147758255774625,0.8138423665177621,3
Mallat,lr_classifier,0.0184414579998701,0.823454157782516,0.8147758255774625,0.8138423665177621,4
Mallat,lr_classifier,0.0182506249984726,0.823454157782516,0.8147758255774625,0.8138423665177621,5
Meat,lr_classifier,0.0033342909991915,0.9333333333333332,0.9315770677086616,0.9315770677086616,1
Meat,lr_classifier,0.0032920410012593,0.9333333333333332,0.9315770677086616,0.9315770677086616,2
Meat,lr_classifier,0.0031103750006877,0.9333333333333332,0.9315770677086616,0.9315770677086616,3
Meat,lr_classifier,0.0031909589997667,0.9333333333333332,0.9315770677086616,0.9315770677086616,4
Meat,lr_classifier,0.0030670419982925,0.9333333333333332,0.9315770677086616,0.9315770677086616,5
MedicalImages,lr_classifier,0.0212810829980298,0.5092105263157894,0.5198364735409507,0.5283571413563318,1
MedicalImages,lr_classifier,0.0224664160014071,0.5092105263157894,0.5198364735409507,0.5283571413563318,2
MedicalImages,lr_classifier,0.0222082079999381,0.5092105263157894,0.5198364735409507,0.5283571413563318,3
MedicalImages,lr_classifier,0.0218404169972927,0.5092105263157894,0.5198364735409507,0.5283571413563318,4
MedicalImages,lr_classifier,0.0197077500015439,0.5092105263157894,0.5198364735409507,0.5283571413563318,5
MelbournePedestrian,lr_classifier,0.0165497090019925,0.901250539025442,0.8930807082237073,0.90113824315295,1
MelbournePedestrian,lr_classifier,0.0167549170000711,0.901250539025442,0.8930807082237073,0.90113824315295,2
MelbournePedestrian,lr_classifier,0.0164597500006493,0.901250539025442,0.8930807082237073,0.90113824315295,3
MelbournePedestrian,lr_classifier,0.0168781669999589,0.901250539025442,0.8930807082237073,0.90113824315295,4
MelbournePedestrian,lr_classifier,0.0182640830025775,0.901250539025442,0.8930807082237073,0.90113824315295,5
MiddlePhalanxOutlineCorrect,lr_classifier,0.0053551250020973,0.5910652920962199,0.5887145622765657,0.5930954678495577,1
MiddlePhalanxOutlineCorrect,lr_classifier,0.0052064999981666,0.5910652920962199,0.5887145622765657,0.5930954678495577,2
MiddlePhalanxOutlineCorrect,lr_classifier,0.0054111249992274,0.5910652920962199,0.5887145622765657,0.5930954678495577,3
MiddlePhalanxOutlineCorrect,lr_classifier,0.0052395419988897,0.5910652920962199,0.5887145622765657,0.5930954678495577,4
MiddlePhalanxOutlineCorrect,lr_classifier,0.0047359169984702,0.5910652920962199,0.5887145622765657,0.5930954678495577,5
MiddlePhalanxOutlineAgeGroup,lr_classifier,0.0083395420006127,0.5844155844155844,0.507990483443435,0.5792640669639766,1
MiddlePhalanxOutlineAgeGroup,lr_classifier,0.0083524170004238,0.5844155844155844,0.507990483443435,0.5792640669639766,2
MiddlePhalanxOutlineAgeGroup,lr_classifier,0.0083007079992967,0.5844155844155844,0.507990483443435,0.5792640669639766,3
MiddlePhalanxOutlineAgeGroup,lr_classifier,0.008548834000976,0.5844155844155844,0.507990483443435,0.5792640669639766,4
MiddlePhalanxOutlineAgeGroup,lr_classifier,0.0082973750031669,0.5844155844155844,0.507990483443435,0.5792640669639766,5
MiddlePhalanxTW,lr_classifier,0.0148847500022384,0.5064935064935064,0.3984543616643445,0.5157078087063335,1
MiddlePhalanxTW,lr_classifier,0.0139931669982615,0.5064935064935064,0.3984543616643445,0.5157078087063335,2
MiddlePhalanxTW,lr_classifier,0.0140498330001719,0.5064935064935064,0.3984543616643445,0.5157078087063335,3
MiddlePhalanxTW,lr_classifier,0.0121869159993366,0.5064935064935064,0.3984543616643445,0.5157078087063335,4
MiddlePhalanxTW,lr_classifier,0.0127415000024484,0.5064935064935064,0.3984543616643445,0.5157078087063335,5
MixedShapesRegularTrain,lr_classifier,0.128257084001234,0.825979381443299,0.8271883078708306,0.8241043114920009,1
MixedShapesRegularTrain,lr_classifier,0.1266395410020777,0.825979381443299,0.8271883078708306,0.8241043114920009,2
MixedShapesRegularTrain,lr_classifier,0.1254023330002383,0.825979381443299,0.8271883078708306,0.8241043114920009,3
MixedShapesRegularTrain,lr_classifier,0.1260318339991499,0.825979381443299,0.8271883078708306,0.8241043114920009,4
MixedShapesRegularTrain,lr_classifier,0.1253534999996191,0.825979381443299,0.8271883078708306,0.8241043114920009,5
MixedShapesSmallTrain,lr_classifier,0.0270601250012987,0.777319587628866,0.777151325708739,0.7788351266498728,1
MixedShapesSmallTrain,lr_classifier,0.0278593340008228,0.777319587628866,0.777151325708739,0.7788351266498728,2
MixedShapesSmallTrain,lr_classifier,0.0276325830018322,0.777319587628866,0.777151325708739,0.7788351266498728,3
MixedShapesSmallTrain,lr_classifier,0.0280065840015595,0.777319587628866,0.777151325708739,0.7788351266498728,4
MixedShapesSmallTrain,lr_classifier,0.0278844170024967,0.777319587628866,0.777151325708739,0.7788351266498728,5
MoteStrain,lr_classifier,0.0014434999975492,0.8618210862619808,0.8607657510849351,0.8617145845468661,1
MoteStrain,lr_classifier,0.0012589170000865,0.8618210862619808,0.8607657510849351,0.8617145845468661,2
MoteStrain,lr_classifier,0.0012019159985356,0.8618210862619808,0.8607657510849351,0.8617145845468661,3
MoteStrain,lr_classifier,0.0012878750021627,0.8618210862619808,0.8607657510849351,0.8617145845468661,4
MoteStrain,lr_classifier,0.0011952080021728,0.8618210862619808,0.8607657510849351,0.8617145845468661,5
NonInvasiveFetalECGThorax1,lr_classifier,0.181114291997801,0.9027989821882952,0.9003378049906067,0.9031848644396314,1
NonInvasiveFetalECGThorax1,lr_classifier,0.1804546249986742,0.9027989821882952,0.9003378049906067,0.9031848644396314,2
NonInvasiveFetalECGThorax1,lr_classifier,0.1817005829980189,0.9027989821882952,0.9003378049906067,0.9031848644396314,3
NonInvasiveFetalECGThorax1,lr_classifier,0.1793867079977644,0.9027989821882952,0.9003378049906067,0.9031848644396314,4
NonInvasiveFetalECGThorax1,lr_classifier,0.1798920420005743,0.9027989821882952,0.9003378049906067,0.9031848644396314,5
NonInvasiveFetalECGThorax2,lr_classifier,0.1717583329991612,0.9292620865139948,0.9253569840631468,0.9292283863381704,1
NonInvasiveFetalECGThorax2,lr_classifier,0.1721497920007095,0.9292620865139948,0.9253569840631468,0.9292283863381704,2
NonInvasiveFetalECGThorax2,lr_classifier,0.1702207079979416,0.9292620865139948,0.9253569840631468,0.9292283863381704,3
NonInvasiveFetalECGThorax2,lr_classifier,0.1724394999982905,0.9292620865139948,0.9253569840631468,0.9292283863381704,4
NonInvasiveFetalECGThorax2,lr_classifier,0.1713887910009361,0.9292620865139948,0.9253569840631468,0.9292283863381704,5
OliveOil,lr_classifier,0.00731829200231,0.9333333333333332,0.9302944862155388,0.9318295739348372,1
OliveOil,lr_classifier,0.0073226249987783,0.9333333333333332,0.9302944862155388,0.9318295739348372,2
OliveOil,lr_classifier,0.0079739169996173,0.9333333333333332,0.9302944862155388,0.9318295739348372,3
OliveOil,lr_classifier,0.0081600000012258,0.9333333333333332,0.9302944862155388,0.9318295739348372,4
OliveOil,lr_classifier,0.0079124999974737,0.9333333333333332,0.9302944862155388,0.9318295739348372,5
OSULeaf,lr_classifier,0.023500374998548,0.4504132231404958,0.4308644468042322,0.4473636106946598,1
OSULeaf,lr_classifier,0.0209342079979251,0.4504132231404958,0.4308644468042322,0.4473636106946598,2
OSULeaf,lr_classifier,0.0204460830027528,0.4504132231404958,0.4308644468042322,0.4473636106946598,3
OSULeaf,lr_classifier,0.0220311249977385,0.4504132231404958,0.4308644468042322,0.4473636106946598,4
OSULeaf,lr_classifier,0.023213125001348,0.4504132231404958,0.4308644468042322,0.4473636106946598,5
PhalangesOutlinesCorrect,lr_classifier,0.0099681669998972,0.6585081585081585,0.6440363335150481,0.6602648540275534,1
PhalangesOutlinesCorrect,lr_classifier,0.0081060830016213,0.6585081585081585,0.6440363335150481,0.6602648540275534,2
PhalangesOutlinesCorrect,lr_classifier,0.0081433749983261,0.6585081585081585,0.6440363335150481,0.6602648540275534,3
PhalangesOutlinesCorrect,lr_classifier,0.0090321249990665,0.6585081585081585,0.6440363335150481,0.6602648540275534,4
PhalangesOutlinesCorrect,lr_classifier,0.0100494170001184,0.6585081585081585,0.6440363335150481,0.6602648540275534,5
Phoneme,lr_classifier,0.0859276659975876,0.0938818565400844,0.0371633065242237,0.0787363585496158,1
Phoneme,lr_classifier,0.0829850410009385,0.0938818565400844,0.0371633065242237,0.0787363585496158,2
Phoneme,lr_classifier,0.0829414159998123,0.0938818565400844,0.0371633065242237,0.0787363585496158,3
Phoneme,lr_classifier,0.0827182499997434,0.0938818565400844,0.0371633065242237,0.0787363585496158,4
Phoneme,lr_classifier,0.0823548750013287,0.0938818565400844,0.0371633065242237,0.0787363585496158,5
PickupGestureWiimoteZ,lr_classifier,0.0226767909989575,0.68,0.6685569985569987,0.6685569985569986,1
PickupGestureWiimoteZ,lr_classifier,0.022358707999956,0.68,0.6685569985569987,0.6685569985569986,2
PickupGestureWiimoteZ,lr_classifier,0.0220313329991768,0.68,0.6685569985569987,0.6685569985569986,3
PickupGestureWiimoteZ,lr_classifier,0.0220187919985619,0.68,0.6685569985569987,0.6685569985569986,4
PickupGestureWiimoteZ,lr_classifier,0.0247355829997104,0.68,0.6685569985569987,0.6685569985569986,5
PigAirwayPressure,lr_classifier,3.019620875002147,0.0817307692307692,0.0697945217175986,0.0697945217175986,1
PigAirwayPressure,lr_classifier,3.019542833997548,0.0817307692307692,0.0697945217175986,0.0697945217175986,2
PigAirwayPressure,lr_classifier,3.011450666002929,0.0817307692307692,0.0697945217175986,0.0697945217175986,3
PigAirwayPressure,lr_classifier,3.0127108750020852,0.0817307692307692,0.0697945217175986,0.0697945217175986,4
PigAirwayPressure,lr_classifier,3.0222339580031985,0.0817307692307692,0.0697945217175986,0.0697945217175986,5
PigArtPressure,lr_classifier,0.8145744590001414,0.1682692307692307,0.1516429617391155,0.1516429617391155,1
PigArtPressure,lr_classifier,0.8142980000011448,0.1682692307692307,0.1516429617391155,0.1516429617391155,2
PigArtPressure,lr_classifier,0.8116703750019951,0.1682692307692307,0.1516429617391155,0.1516429617391155,3
PigArtPressure,lr_classifier,0.8179995000027702,0.1682692307692307,0.1516429617391155,0.1516429617391155,4
PigArtPressure,lr_classifier,0.8148781249983585,0.1682692307692307,0.1516429617391155,0.1516429617391155,5
PigCVP,lr_classifier,0.5587594999997236,0.1009615384615384,0.0849428349428349,0.0849428349428349,1
PigCVP,lr_classifier,0.5584179170000425,0.1009615384615384,0.0849428349428349,0.0849428349428349,2
PigCVP,lr_classifier,0.5588947090000147,0.1009615384615384,0.0849428349428349,0.0849428349428349,3
PigCVP,lr_classifier,0.5566703750009765,0.1009615384615384,0.0849428349428349,0.0849428349428349,4
PigCVP,lr_classifier,0.5544115830016381,0.1009615384615384,0.0849428349428349,0.0849428349428349,5
PLAID,lr_classifier,0.4885187910003878,0.2644320297951583,0.2782568009606978,0.3102831915573689,1
PLAID,lr_classifier,0.4926455829991027,0.2644320297951583,0.2782568009606978,0.3102831915573689,2
PLAID,lr_classifier,0.4909519579996413,0.2644320297951583,0.2782568009606978,0.3102831915573689,3
PLAID,lr_classifier,0.4922238750004908,0.2644320297951583,0.2782568009606978,0.3102831915573689,4
PLAID,lr_classifier,0.4939954589972331,0.2644320297951583,0.2782568009606978,0.3102831915573689,5
Plane,lr_classifier,0.0042206670004816,0.9809523809523808,0.9815476190476192,0.9809523809523808,1
Plane,lr_classifier,0.0040155419992515,0.9809523809523808,0.9815476190476192,0.9809523809523808,2
Plane,lr_classifier,0.0039557499985676,0.9809523809523808,0.9815476190476192,0.9809523809523808,3
Plane,lr_classifier,0.0039643329982936,0.9809523809523808,0.9815476190476192,0.9809523809523808,4
Plane,lr_classifier,0.0038365840009646,0.9809523809523808,0.9815476190476192,0.9809523809523808,5
PowerCons,lr_classifier,0.001348166999378,0.9888888888888888,0.9888875169774046,0.9888875169774048,1
PowerCons,lr_classifier,0.0015384580001409,0.9888888888888888,0.9888875169774046,0.9888875169774048,2
PowerCons,lr_classifier,0.001454166998883,0.9888888888888888,0.9888875169774046,0.9888875169774048,3
PowerCons,lr_classifier,0.0013990830011607,0.9888888888888888,0.9888875169774046,0.9888875169774048,4
PowerCons,lr_classifier,0.0013115830006427,0.9888888888888888,0.9888875169774046,0.9888875169774048,5
ProximalPhalanxOutlineCorrect,lr_classifier,0.0051026660003117,0.8350515463917526,0.8144329896907216,0.8371771707939206,1
ProximalPhalanxOutlineCorrect,lr_classifier,0.0044337090002954,0.8350515463917526,0.8144329896907216,0.8371771707939206,2
ProximalPhalanxOutlineCorrect,lr_classifier,0.0044286659976933,0.8350515463917526,0.8144329896907216,0.8371771707939206,3
ProximalPhalanxOutlineCorrect,lr_classifier,0.004698125001596,0.8350515463917526,0.8144329896907216,0.8371771707939206,4
ProximalPhalanxOutlineCorrect,lr_classifier,0.005179332998523,0.8350515463917526,0.8144329896907216,0.8371771707939206,5
ProximalPhalanxOutlineAgeGroup,lr_classifier,0.0069317499983299,0.8390243902439024,0.7489595655919489,0.841156195734294,1
ProximalPhalanxOutlineAgeGroup,lr_classifier,0.0071252919988182,0.8390243902439024,0.7489595655919489,0.841156195734294,2
ProximalPhalanxOutlineAgeGroup,lr_classifier,0.0069086250005057,0.8390243902439024,0.7489595655919489,0.841156195734294,3
ProximalPhalanxOutlineAgeGroup,lr_classifier,0.0073511669979779,0.8390243902439024,0.7489595655919489,0.841156195734294,4
ProximalPhalanxOutlineAgeGroup,lr_classifier,0.0071835829985502,0.8390243902439024,0.7489595655919489,0.841156195734294,5
ProximalPhalanxTW,lr_classifier,0.0208351250003033,0.7170731707317073,0.4921697596116201,0.7273896079341342,1
ProximalPhalanxTW,lr_classifier,0.0192435419994581,0.7170731707317073,0.4921697596116201,0.7273896079341342,2
ProximalPhalanxTW,lr_classifier,0.0203828330013493,0.7170731707317073,0.4921697596116201,0.7273896079341342,3
ProximalPhalanxTW,lr_classifier,0.0227598750025208,0.7170731707317073,0.4921697596116201,0.7273896079341342,4
ProximalPhalanxTW,lr_classifier,0.0223720409994712,0.7170731707317073,0.4921697596116201,0.7273896079341342,5
RefrigerationDevices,lr_classifier,0.00872199999867,0.3706666666666666,0.3709459805821262,0.3709459805821261,1
RefrigerationDevices,lr_classifier,0.0082620829998631,0.3706666666666666,0.3709459805821262,0.3709459805821261,2
RefrigerationDevices,lr_classifier,0.0093256250002013,0.3706666666666666,0.3709459805821262,0.3709459805821261,3
RefrigerationDevices,lr_classifier,0.009782165998331,0.3706666666666666,0.3709459805821262,0.3709459805821261,4
RefrigerationDevices,lr_classifier,0.0091892499985988,0.3706666666666666,0.3709459805821262,0.3709459805821261,5
Rock,lr_classifier,0.082766083000024,0.84,0.8293987988755431,0.8364669051878354,1
Rock,lr_classifier,0.0788362079983926,0.84,0.8293987988755431,0.8364669051878354,2
Rock,lr_classifier,0.0771690409965231,0.84,0.8293987988755431,0.8364669051878354,3
Rock,lr_classifier,0.0808133330028795,0.84,0.8293987988755431,0.8364669051878354,4
Rock,lr_classifier,0.0767708340026729,0.84,0.8293987988755431,0.8364669051878354,5
ScreenType,lr_classifier,0.0262625420000404,0.3893333333333333,0.3880670302346476,0.3880670302346476,1
ScreenType,lr_classifier,0.0239635420002741,0.3893333333333333,0.3880670302346476,0.3880670302346476,2
ScreenType,lr_classifier,0.0260722919992986,0.3893333333333333,0.3880670302346476,0.3880670302346476,3
ScreenType,lr_classifier,0.0264190830021107,0.3893333333333333,0.3880670302346476,0.3880670302346476,4
ScreenType,lr_classifier,0.0239387080000597,0.3893333333333333,0.3880670302346476,0.3880670302346476,5
SemgHandGenderCh2,lr_classifier,0.0092673340004694,0.8116666666666666,0.8003245462390038,0.814601341182915,1
SemgHandGenderCh2,lr_classifier,0.008714042000065,0.8116666666666666,0.8003245462390038,0.814601341182915,2
SemgHandGenderCh2,lr_classifier,0.0100639170013892,0.8116666666666666,0.8003245462390038,0.814601341182915,3
SemgHandGenderCh2,lr_classifier,0.0087620000012975,0.8116666666666666,0.8003245462390038,0.814601341182915,4
SemgHandGenderCh2,lr_classifier,0.0097501250020286,0.8116666666666666,0.8003245462390038,0.814601341182915,5
SemgHandMovementCh2,lr_classifier,0.096912417000567,0.4977777777777777,0.5006186520665904,0.5006186520665904,1
SemgHandMovementCh2,lr_classifier,0.0959764159997575,0.4977777777777777,0.5006186520665904,0.5006186520665904,2
SemgHandMovementCh2,lr_classifier,0.095240124999691,0.4977777777777777,0.5006186520665904,0.5006186520665904,3
SemgHandMovementCh2,lr_classifier,0.0949075829994399,0.4977777777777777,0.5006186520665904,0.5006186520665904,4
SemgHandMovementCh2,lr_classifier,0.0958680000003369,0.4977777777777777,0.5006186520665904,0.5006186520665904,5
SemgHandSubjectCh2,lr_classifier,0.0685192499986442,0.82,0.820404108343791,0.8204041083437908,1
SemgHandSubjectCh2,lr_classifier,0.0682399590004934,0.82,0.820404108343791,0.8204041083437908,2
SemgHandSubjectCh2,lr_classifier,0.0685238750011194,0.82,0.820404108343791,0.8204041083437908,3
SemgHandSubjectCh2,lr_classifier,0.0732787919987458,0.82,0.820404108343791,0.8204041083437908,4
SemgHandSubjectCh2,lr_classifier,0.0691282500010856,0.82,0.820404108343791,0.8204041083437908,5
ShakeGestureWiimoteZ,lr_classifier,0.0412807909997354,0.58,0.5197619047619048,0.5197619047619048,1
ShakeGestureWiimoteZ,lr_classifier,0.0404288329991686,0.58,0.5197619047619048,0.5197619047619048,2
ShakeGestureWiimoteZ,lr_classifier,0.0378622079988417,0.58,0.5197619047619048,0.5197619047619048,3
ShakeGestureWiimoteZ,lr_classifier,0.0373052079994522,0.58,0.5197619047619048,0.5197619047619048,4
ShakeGestureWiimoteZ,lr_classifier,0.04090579199692,0.58,0.5197619047619048,0.5197619047619048,5
ShapeletSim,lr_classifier,0.0014433750002353,0.4833333333333333,0.4797202797202797,0.4797202797202797,1
ShapeletSim,lr_classifier,0.0012481250014388,0.4833333333333333,0.4797202797202797,0.4797202797202797,2
ShapeletSim,lr_classifier,0.0012423749976733,0.4833333333333333,0.4797202797202797,0.4797202797202797,3
ShapeletSim,lr_classifier,0.0011980410017713,0.4833333333333333,0.4797202797202797,0.4797202797202797,4
ShapeletSim,lr_classifier,0.0011580409991438,0.4833333333333333,0.4797202797202797,0.4797202797202797,5
ShapesAll,lr_classifier,0.8768923329989775,0.645,0.6279537038132743,0.6279537038132742,1
ShapesAll,lr_classifier,0.8731118340001558,0.645,0.6279537038132743,0.6279537038132742,2
ShapesAll,lr_classifier,0.8736918329996115,0.645,0.6279537038132743,0.6279537038132742,3
ShapesAll,lr_classifier,0.8706039160024375,0.645,0.6279537038132743,0.6279537038132742,4
ShapesAll,lr_classifier,0.871980584000994,0.645,0.6279537038132743,0.6279537038132742,5
SmallKitchenAppliances,lr_classifier,0.0067804169993905,0.4106666666666667,0.411916903182548,0.4119169031825481,1
SmallKitchenAppliances,lr_classifier,0.0068592919997172,0.4106666666666667,0.411916903182548,0.4119169031825481,2
SmallKitchenAppliances,lr_classifier,0.0067199999975855,0.4106666666666667,0.411916903182548,0.4119169031825481,3
SmallKitchenAppliances,lr_classifier,0.0075420419998408,0.4106666666666667,0.411916903182548,0.4119169031825481,4
SmallKitchenAppliances,lr_classifier,0.0071888750026118,0.4106666666666667,0.411916903182548,0.4119169031825481,5
SmoothSubspace,lr_classifier,0.0015542500004812,0.86,0.8594592792612595,0.8594592792612593,1
SmoothSubspace,lr_classifier,0.0014496249968942,0.86,0.8594592792612595,0.8594592792612593,2
SmoothSubspace,lr_classifier,0.0013193330014473,0.86,0.8594592792612595,0.8594592792612593,3
SmoothSubspace,lr_classifier,0.0014900409987603,0.86,0.8594592792612595,0.8594592792612593,4
SmoothSubspace,lr_classifier,0.0014171660004649,0.86,0.8594592792612595,0.8594592792612593,5
SonyAIBORobotSurface1,lr_classifier,0.0012718750003841,0.7071547420965059,0.703243182583324,0.6984245947772304,1
SonyAIBORobotSurface1,lr_classifier,0.0013147919999028,0.7071547420965059,0.703243182583324,0.6984245947772304,2
SonyAIBORobotSurface1,lr_classifier,0.0015164169999479,0.7071547420965059,0.703243182583324,0.6984245947772304,3
SonyAIBORobotSurface1,lr_classifier,0.0017486670003563,0.7071547420965059,0.703243182583324,0.6984245947772304,4
SonyAIBORobotSurface1,lr_classifier,0.0014527499988616,0.7071547420965059,0.703243182583324,0.6984245947772304,5
SonyAIBORobotSurface2,lr_classifier,0.0012556250003399,0.8090241343126967,0.8031224176602527,0.8110986771359802,1
SonyAIBORobotSurface2,lr_classifier,0.0013484170012816,0.8090241343126967,0.8031224176602527,0.8110986771359802,2
SonyAIBORobotSurface2,lr_classifier,0.0013660420008818,0.8090241343126967,0.8031224176602527,0.8110986771359802,3
SonyAIBORobotSurface2,lr_classifier,0.0016769579997344,0.8090241343126967,0.8031224176602527,0.8110986771359802,4
SonyAIBORobotSurface2,lr_classifier,0.0016851250002218,0.8090241343126967,0.8031224176602527,0.8110986771359802,5
StarLightCurves,lr_classifier,0.1224159580015111,0.8887809616318602,0.8662717827812726,0.896874211921329,1
StarLightCurves,lr_classifier,0.1286477919966273,0.8887809616318602,0.8662717827812726,0.896874211921329,2
StarLightCurves,lr_classifier,0.1234891250023793,0.8887809616318602,0.8662717827812726,0.896874211921329,3
StarLightCurves,lr_classifier,0.1283749579997675,0.8887809616318602,0.8662717827812726,0.896874211921329,4
StarLightCurves,lr_classifier,0.1239687500019499,0.8887809616318602,0.8662717827812726,0.896874211921329,5
Strawberry,lr_classifier,0.0035410830023465,0.954054054054054,0.950811339198436,0.954429526300494,1
Strawberry,lr_classifier,0.0033707090005918,0.954054054054054,0.950811339198436,0.954429526300494,2
Strawberry,lr_classifier,0.0040014589976635,0.954054054054054,0.950811339198436,0.954429526300494,3
Strawberry,lr_classifier,0.0043607909974525,0.954054054054054,0.950811339198436,0.954429526300494,4
Strawberry,lr_classifier,0.0043926670005021,0.954054054054054,0.950811339198436,0.954429526300494,5
SwedishLeaf,lr_classifier,0.0266846249978698,0.8336,0.831400210493771,0.830112238014044,1
SwedishLeaf,lr_classifier,0.025777790997381,0.8336,0.831400210493771,0.830112238014044,2
SwedishLeaf,lr_classifier,0.0270843329999479,0.8336,0.831400210493771,0.830112238014044,3
SwedishLeaf,lr_classifier,0.0292630419971828,0.8336,0.831400210493771,0.830112238014044,4
SwedishLeaf,lr_classifier,0.0288904170010937,0.8336,0.831400210493771,0.830112238014044,5
Symbols,lr_classifier,0.0081953750013781,0.8341708542713567,0.8298699222127331,0.8319268836741242,1
Symbols,lr_classifier,0.0080622499990568,0.8341708542713567,0.8298699222127331,0.8319268836741242,2
Symbols,lr_classifier,0.0091062920000695,0.8341708542713567,0.8298699222127331,0.8319268836741242,3
Symbols,lr_classifier,0.00901199999862,0.8341708542713567,0.8298699222127331,0.8319268836741242,4
Symbols,lr_classifier,0.0084246670012362,0.8341708542713567,0.8298699222127331,0.8319268836741242,5
SyntheticControl,lr_classifier,0.0040874590013117,0.9166666666666666,0.9154190276080842,0.915419027608084,1
SyntheticControl,lr_classifier,0.0040473330009263,0.9166666666666666,0.9154190276080842,0.915419027608084,2
SyntheticControl,lr_classifier,0.00387475000025,0.9166666666666666,0.9154190276080842,0.915419027608084,3
SyntheticControl,lr_classifier,0.0045607499996549,0.9166666666666666,0.9154190276080842,0.915419027608084,4
SyntheticControl,lr_classifier,0.0045175000013841,0.9166666666666666,0.9154190276080842,0.915419027608084,5
ToeSegmentation1,lr_classifier,0.0022464579997176,0.5789473684210527,0.5786555786555787,0.5780719991246307,1
ToeSegmentation1,lr_classifier,0.0022685000003548,0.5789473684210527,0.5786555786555787,0.5780719991246307,2
ToeSegmentation1,lr_classifier,0.0020363330004329,0.5789473684210527,0.5786555786555787,0.5780719991246307,3
ToeSegmentation1,lr_classifier,0.0021963340004731,0.5789473684210527,0.5786555786555787,0.5780719991246307,4
ToeSegmentation1,lr_classifier,0.0021707919986511,0.5789473684210527,0.5786555786555787,0.5780719991246307,5
ToeSegmentation2,lr_classifier,0.003023083001608,0.5615384615384615,0.5313389412434382,0.6063801734916782,1
ToeSegmentation2,lr_classifier,0.0027049999989685,0.5615384615384615,0.5313389412434382,0.6063801734916782,2
ToeSegmentation2,lr_classifier,0.0029678329992748,0.5615384615384615,0.5313389412434382,0.6063801734916782,3
ToeSegmentation2,lr_classifier,0.0027381660001992,0.5615384615384615,0.5313389412434382,0.6063801734916782,4
ToeSegmentation2,lr_classifier,0.002631499999552,0.5615384615384615,0.5313389412434382,0.6063801734916782,5
Trace,lr_classifier,0.0088089579985535,0.79,0.7779764353293764,0.7842949403537638,1
Trace,lr_classifier,0.0089981249984703,0.79,0.7779764353293764,0.7842949403537638,2
Trace,lr_classifier,0.0092360420021577,0.79,0.7779764353293764,0.7842949403537638,3
Trace,lr_classifier,0.0092378749977797,0.79,0.7779764353293764,0.7842949403537638,4
Trace,lr_classifier,0.0092652079983963,0.79,0.7779764353293764,0.7842949403537638,5
TwoLeadECG,lr_classifier,0.0016830000022309,0.9464442493415276,0.9464361568854196,0.9464367349179988,1
TwoLeadECG,lr_classifier,0.0015443750016856,0.9464442493415276,0.9464361568854196,0.9464367349179988,2
TwoLeadECG,lr_classifier,0.0013819999985571,0.9464442493415276,0.9464361568854196,0.9464367349179988,3
TwoLeadECG,lr_classifier,0.0013987079983053,0.9464442493415276,0.9464361568854196,0.9464367349179988,4
TwoLeadECG,lr_classifier,0.0013311660004546,0.9464442493415276,0.9464361568854196,0.9464367349179988,5
TwoPatterns,lr_classifier,0.0096608329986338,0.83475,0.8345668305588568,0.8345204979295725,1
TwoPatterns,lr_classifier,0.0085497090003627,0.83475,0.8345668305588568,0.8345204979295725,2
TwoPatterns,lr_classifier,0.0081608750006125,0.83475,0.8345668305588568,0.8345204979295725,3
TwoPatterns,lr_classifier,0.0097441670004627,0.83475,0.8345668305588568,0.8345204979295725,4
TwoPatterns,lr_classifier,0.0083825410001736,0.83475,0.8345668305588568,0.8345204979295725,5
UMD,lr_classifier,0.0021712079978897,0.8402777777777778,0.8425291056387145,0.8425291056387145,1
UMD,lr_classifier,0.0020509999994828,0.8402777777777778,0.8425291056387145,0.8425291056387145,2
UMD,lr_classifier,0.0019779590002144,0.8402777777777778,0.8425291056387145,0.8425291056387145,3
UMD,lr_classifier,0.0019895410005119,0.8402777777777778,0.8425291056387145,0.8425291056387145,4
UMD,lr_classifier,0.0019530000026861,0.8402777777777778,0.8425291056387145,0.8425291056387145,5
UWaveGestureLibraryAll,lr_classifier,0.1429832089997944,0.8160245672808487,0.8172427698233488,0.8173888263549239,1
UWaveGestureLibraryAll,lr_classifier,0.1439543750020675,0.8160245672808487,0.8172427698233488,0.8173888263549239,2
UWaveGestureLibraryAll,lr_classifier,0.1440492500005348,0.8160245672808487,0.8172427698233488,0.8173888263549239,3
UWaveGestureLibraryAll,lr_classifier,0.1432739580013731,0.8160245672808487,0.8172427698233488,0.8173888263549239,4
UWaveGestureLibraryAll,lr_classifier,0.1431869590014685,0.8160245672808487,0.8172427698233488,0.8173888263549239,5
UWaveGestureLibraryX,lr_classifier,0.061063583001669,0.6328866554997208,0.6052304229589965,0.6073826504738078,1
UWaveGestureLibraryX,lr_classifier,0.0648794580010871,0.6328866554997208,0.6052304229589965,0.6073826504738078,2
UWaveGestureLibraryX,lr_classifier,0.0650017500011017,0.6328866554997208,0.6052304229589965,0.6073826504738078,3
UWaveGestureLibraryX,lr_classifier,0.0612630830000853,0.6328866554997208,0.6052304229589965,0.6073826504738078,4
UWaveGestureLibraryX,lr_classifier,0.060801249997894,0.6328866554997208,0.6052304229589965,0.6073826504738078,5
UWaveGestureLibraryY,lr_classifier,0.0706290000016451,0.5804020100502513,0.5775854910059585,0.5771311017627961,1
UWaveGestureLibraryY,lr_classifier,0.0761664169986033,0.5804020100502513,0.5775854910059585,0.5771311017627961,2
UWaveGestureLibraryY,lr_classifier,0.0758982499974081,0.5804020100502513,0.5775854910059585,0.5771311017627961,3
UWaveGestureLibraryY,lr_classifier,0.0751845830018282,0.5804020100502513,0.5775854910059585,0.5771311017627961,4
UWaveGestureLibraryY,lr_classifier,0.0753235000011045,0.5804020100502513,0.5775854910059585,0.5771311017627961,5
UWaveGestureLibraryZ,lr_classifier,0.0710119159994064,0.5382467895030709,0.5228872309144194,0.5211807162259998,1
UWaveGestureLibraryZ,lr_classifier,0.0712083750004239,0.5382467895030709,0.5228872309144194,0.5211807162259998,2
UWaveGestureLibraryZ,lr_classifier,0.0710822920009377,0.5382467895030709,0.5228872309144194,0.5211807162259998,3
UWaveGestureLibraryZ,lr_classifier,0.0714132089997292,0.5382467895030709,0.5228872309144194,0.5211807162259998,4
UWaveGestureLibraryZ,lr_classifier,0.0707050409982912,0.5382467895030709,0.5228872309144194,0.5211807162259998,5
Wafer,lr_classifier,0.0086963749999995,0.8948734587929915,0.775588324196044,0.9038981463236908,1
Wafer,lr_classifier,0.0101626249997934,0.8948734587929915,0.775588324196044,0.9038981463236908,2
Wafer,lr_classifier,0.0087951249988691,0.8948734587929915,0.775588324196044,0.9038981463236908,3
Wafer,lr_classifier,0.0106139999988954,0.8948734587929915,0.775588324196044,0.9038981463236908,4
Wafer,lr_classifier,0.0095806669996818,0.8948734587929915,0.775588324196044,0.9038981463236908,5
Wine,lr_classifier,0.0022079170012148,0.8888888888888888,0.8887362637362637,0.8887362637362637,1
Wine,lr_classifier,0.002086042000883,0.8888888888888888,0.8887362637362637,0.8887362637362637,2
Wine,lr_classifier,0.0019857500010402,0.8888888888888888,0.8887362637362637,0.8887362637362637,3
Wine,lr_classifier,0.0021676670003216,0.8888888888888888,0.8887362637362637,0.8887362637362637,4
Wine,lr_classifier,0.0020573330002662,0.8888888888888888,0.8887362637362637,0.8887362637362637,5
WordSynonyms,lr_classifier,0.0768590419975225,0.4435736677115987,0.3223495207018386,0.4389731489974301,1
WordSynonyms,lr_classifier,0.070751791998191,0.4435736677115987,0.3223495207018386,0.4389731489974301,2
WordSynonyms,lr_classifier,0.0764017080000485,0.4435736677115987,0.3223495207018386,0.4389731489974301,3
WordSynonyms,lr_classifier,0.0709922919995733,0.4435736677115987,0.3223495207018386,0.4389731489974301,4
WordSynonyms,lr_classifier,0.0755221250001341,0.4435736677115987,0.3223495207018386,0.4389731489974301,5
Worms,lr_classifier,0.0610942500024975,0.3506493506493506,0.3130498084291188,0.3397890232372991,1
Worms,lr_classifier,0.0636245839996263,0.3506493506493506,0.3130498084291188,0.3397890232372991,2
Worms,lr_classifier,0.061398416000884,0.3506493506493506,0.3130498084291188,0.3397890232372991,3
Worms,lr_classifier,0.0606552909994206,0.3506493506493506,0.3130498084291188,0.3397890232372991,4
Worms,lr_classifier,0.0629672499999287,0.3506493506493506,0.3130498084291188,0.3397890232372991,5
WormsTwoClass,lr_classifier,0.0127596669990452,0.5324675324675324,0.5285714285714286,0.5346938775510204,1
WormsTwoClass,lr_classifier,0.0123520419983833,0.5324675324675324,0.5285714285714286,0.5346938775510204,2
WormsTwoClass,lr_classifier,0.0125399579992517,0.5324675324675324,0.5285714285714286,0.5346938775510204,3
WormsTwoClass,lr_classifier,0.0137169579975306,0.5324675324675324,0.5285714285714286,0.5346938775510204,4
WormsTwoClass,lr_classifier,0.0136243750021094,0.5324675324675324,0.5285714285714286,0.5346938775510204,5
Yoga,lr_classifier,0.0152534169974387,0.6596666666666666,0.6577757254501009,0.6595903506534421,1
Yoga,lr_classifier,0.0135246660029224,0.6596666666666666,0.6577757254501009,0.6595903506534421,2
Yoga,lr_classifier,0.0146706659979827,0.6596666666666666,0.6577757254501009,0.6595903506534421,3
Yoga,lr_classifier,0.0142359589990519,0.6596666666666666,0.6577757254501009,0.6595903506534421,4
Yoga,lr_classifier,0.0147471660020528,0.6596666666666666,0.6577757254501009,0.6595903506534421,5
ACSF1,rf_classifier,0.220036834001803,0.81,0.8123199302604336,0.8123199302604337,1
ACSF1,rf_classifier,0.2022887080020154,0.79,0.7910471404427523,0.7910471404427523,2
ACSF1,rf_classifier,0.2008678339989273,0.79,0.7912958912432597,0.7912958912432597,3
ACSF1,rf_classifier,0.2050722079984552,0.77,0.77265787016561,0.77265787016561,4
ACSF1,rf_classifier,0.2043268749985145,0.77,0.7733629299164365,0.7733629299164364,5
Adiac,rf_classifier,0.2734104589981143,0.6445012787723785,0.6241010753261221,0.630967626387802,1
Adiac,rf_classifier,0.2607364169998618,0.6624040920716112,0.6423031864758717,0.6492645491205614,2
Adiac,rf_classifier,0.2750540409979294,0.6572890025575447,0.6361758047418017,0.6436222783213653,3
Adiac,rf_classifier,0.2844986659983988,0.6445012787723785,0.6179068869172195,0.624067229575062,4
Adiac,rf_classifier,0.2614318330015521,0.649616368286445,0.6308111777091335,0.6364766036402902,5
AllGestureWiimoteX,rf_classifier,0.2369790830016427,0.5285714285714286,0.5286989350666078,0.5286989350666078,1
AllGestureWiimoteX,rf_classifier,0.2482760410021001,0.5357142857142857,0.5364126723971435,0.5364126723971436,2
AllGestureWiimoteX,rf_classifier,0.2436234170017996,0.5385714285714286,0.5383794798430377,0.5383794798430378,3
AllGestureWiimoteX,rf_classifier,0.2396591249998891,0.5271428571428571,0.5288477128747262,0.5288477128747262,4
AllGestureWiimoteX,rf_classifier,0.2384234580022166,0.5357142857142857,0.5369843725364303,0.5369843725364303,5
AllGestureWiimoteY,rf_classifier,0.2379751250009576,0.56,0.5543718514905159,0.5543718514905159,1
AllGestureWiimoteY,rf_classifier,0.2366357499995501,0.5414285714285715,0.534138407100913,0.5341384071009131,2
AllGestureWiimoteY,rf_classifier,0.2390436669993505,0.5671428571428572,0.5621265595013638,0.5621265595013638,3
AllGestureWiimoteY,rf_classifier,0.23911516699809,0.5585714285714286,0.5527343883932934,0.5527343883932933,4
AllGestureWiimoteY,rf_classifier,0.2368350409997219,0.56,0.5542900673138473,0.5542900673138473,5
AllGestureWiimoteZ,rf_classifier,0.2780197090032743,0.4642857142857143,0.4638623106703305,0.4638623106703304,1
AllGestureWiimoteZ,rf_classifier,0.2352180420020886,0.46,0.4618713364472313,0.4618713364472313,2
AllGestureWiimoteZ,rf_classifier,0.2313901250017807,0.4642857142857143,0.4668416307955065,0.4668416307955064,3
AllGestureWiimoteZ,rf_classifier,0.2397745840025891,0.4642857142857143,0.4654673452452004,0.4654673452452004,4
AllGestureWiimoteZ,rf_classifier,0.2517751250015863,0.4628571428571428,0.4661962406310168,0.4661962406310167,5
ArrowHead,rf_classifier,0.197171250001702,0.7142857142857143,0.710516536603493,0.7158846950151299,1
ArrowHead,rf_classifier,0.2035189169982914,0.7028571428571428,0.7018215723670269,0.7064093143220415,2
ArrowHead,rf_classifier,0.1925114170007873,0.72,0.7154799904457908,0.7223570358375908,3
ArrowHead,rf_classifier,0.1935300420009298,0.7314285714285714,0.7280562571440083,0.7332273773699628,4
ArrowHead,rf_classifier,0.1982158749997324,0.7142857142857143,0.712794038370065,0.7178414405762306,5
Beef,rf_classifier,0.1895452079988899,0.7333333333333333,0.7266666666666667,0.7266666666666667,1
Beef,rf_classifier,0.1978500000004714,0.7,0.7011904761904761,0.7011904761904761,2
Beef,rf_classifier,0.1859809579982538,0.7333333333333333,0.7247619047619047,0.7247619047619047,3
Beef,rf_classifier,0.1962054169998737,0.7333333333333333,0.7388461538461539,0.7388461538461539,4
Beef,rf_classifier,0.1992808750001131,0.7,0.7011904761904761,0.7011904761904761,5
BeetleFly,rf_classifier,0.1777159160010342,0.9,0.898989898989899,0.898989898989899,1
BeetleFly,rf_classifier,0.1998669580025307,0.85,0.8465473145780051,0.846547314578005,2
BeetleFly,rf_classifier,0.1840749590010091,0.85,0.8465473145780051,0.846547314578005,3
BeetleFly,rf_classifier,0.2043890840031963,0.9,0.898989898989899,0.898989898989899,4
BeetleFly,rf_classifier,0.1799099999989266,0.8,0.7916666666666667,0.7916666666666667,5
BirdChicken,rf_classifier,0.19763624999905,0.7,0.696969696969697,0.696969696969697,1
BirdChicken,rf_classifier,0.191425541001081,0.8,0.8,0.8,2
BirdChicken,rf_classifier,0.1787169169983826,0.8,0.8,0.8,3
BirdChicken,rf_classifier,0.2003309579995402,0.8,0.8,0.8,4
BirdChicken,rf_classifier,0.1747490420020767,0.7,0.696969696969697,0.696969696969697,5
BME,rf_classifier,0.2048211250003078,0.98,0.9801215376804836,0.9801215376804836,1
BME,rf_classifier,0.1850118340007611,0.98,0.9801215376804836,0.9801215376804836,2
BME,rf_classifier,0.2025965000029828,0.98,0.9801215376804836,0.9801215376804836,3
BME,rf_classifier,0.1862602080000215,0.98,0.9801215376804836,0.9801215376804836,4
BME,rf_classifier,0.1937110830003803,0.98,0.9801215376804836,0.9801215376804836,5
Car,rf_classifier,0.19843545799813,0.6833333333333333,0.6967742905242905,0.6943251964085297,1
Car,rf_classifier,0.2034695830006967,0.6666666666666666,0.6813044662309369,0.680124364560639,2
Car,rf_classifier,0.1941287920017202,0.6833333333333333,0.6967742905242905,0.6943251964085297,3
Car,rf_classifier,0.2019266249990323,0.6666666666666666,0.6752219728269506,0.6766789488320356,4
Car,rf_classifier,0.2016430410003522,0.6666666666666666,0.6733070414939157,0.6741025381737284,5
CBF,rf_classifier,0.1944970420008758,0.9077777777777778,0.9079080589802488,0.907618310815265,1
CBF,rf_classifier,0.1884869999994407,0.9,0.9002447598780877,0.8999419279907084,2
CBF,rf_classifier,0.1986920000017562,0.8922222222222222,0.8922116470807425,0.891870962391137,3
CBF,rf_classifier,0.2056660830021428,0.8933333333333333,0.8933555069374775,0.8930156347860111,4
CBF,rf_classifier,0.1871536670005298,0.9033333333333332,0.9032117775040877,0.9028848930679304,5
Chinatown,rf_classifier,0.1959122090011078,0.97667638483965,0.971251361998156,0.9768948421352808,1
Chinatown,rf_classifier,0.18907287500042,0.979591836734694,0.974765893493363,0.9797527015094049,2
Chinatown,rf_classifier,0.1888644999999087,0.9825072886297376,0.9783021255060728,0.9826186836793712,3
Chinatown,rf_classifier,0.200252292001096,0.9825072886297376,0.9783021255060728,0.9826186836793712,4
Chinatown,rf_classifier,0.187290292000398,0.9825072886297376,0.9783021255060728,0.9826186836793712,5
ChlorineConcentration,rf_classifier,0.2591814999977941,0.7203125,0.642065717090536,0.6890844454534993,1
ChlorineConcentration,rf_classifier,0.2619445829986944,0.71171875,0.6294703523118997,0.6783873146359346,2
ChlorineConcentration,rf_classifier,0.2635176250005315,0.7140625,0.6339750282908624,0.6817564266006497,3
ChlorineConcentration,rf_classifier,0.2578214589993877,0.7203125,0.6414372277457733,0.6887378744921276,4
ChlorineConcentration,rf_classifier,0.247917458997108,0.7169270833333333,0.6371805062664281,0.6849932081263898,5
CinCECGTorso,rf_classifier,0.1978876249995664,0.7405797101449275,0.7240254962352615,0.7231573466954193,1
CinCECGTorso,rf_classifier,0.2042614580022927,0.7420289855072464,0.7250073665849082,0.724111895785367,2
CinCECGTorso,rf_classifier,0.1962843330002215,0.7543478260869565,0.7363901824001948,0.7354348145948706,3
CinCECGTorso,rf_classifier,0.2179455420009617,0.7572463768115942,0.7398986877948415,0.738949587841817,4
CinCECGTorso,rf_classifier,0.1940746250002121,0.75,0.7327723105254609,0.7318663074666634,5
Coffee,rf_classifier,0.185589084001549,1.0,1.0,1.0,1
Coffee,rf_classifier,0.1926432500004011,1.0,1.0,1.0,2
Coffee,rf_classifier,0.1980612500010465,1.0,1.0,1.0,3
Coffee,rf_classifier,0.1875707920007698,1.0,1.0,1.0,4
Coffee,rf_classifier,0.1885425000000395,1.0,1.0,1.0,5
Computers,rf_classifier,0.2414275840019399,0.624,0.6239759344598055,0.6239759344598055,1
Computers,rf_classifier,0.2383847499986586,0.612,0.6119937919006704,0.6119937919006704,2
Computers,rf_classifier,0.2333849169990571,0.6,0.5998975737788874,0.5998975737788874,3
Computers,rf_classifier,0.2374827090025064,0.6,0.5998975737788874,0.5998975737788874,4
Computers,rf_classifier,0.2378994170030637,0.612,0.6119441199532732,0.6119441199532732,5
CricketX,rf_classifier,0.2423975000019709,0.5717948717948718,0.5702562024037331,0.5667581972826253,1
CricketX,rf_classifier,0.2389138340004137,0.5743589743589743,0.5721685026660844,0.5696149126374987,2
CricketX,rf_classifier,0.2509144160030701,0.5794871794871795,0.5772223491435505,0.5742279451368164,3
CricketX,rf_classifier,0.2455067500013683,0.5923076923076923,0.5931045869003637,0.5898345956262664,4
CricketX,rf_classifier,0.2353172500006621,0.5692307692307692,0.5637998769636144,0.5624274447898583,5
CricketY,rf_classifier,0.2328439579978294,0.6205128205128205,0.6245543669711275,0.6227196189078621,1
CricketY,rf_classifier,0.2372953340018284,0.6384615384615384,0.6428483883451722,0.6420749837456149,2
CricketY,rf_classifier,0.2342977909975161,0.617948717948718,0.6208820555847282,0.6187794837637326,3
CricketY,rf_classifier,0.2320767909986898,0.6051282051282051,0.6079240833136954,0.6065026702170366,4
CricketY,rf_classifier,0.237512958003208,0.617948717948718,0.6215166125752648,0.6198846118013424,5
CricketZ,rf_classifier,0.2509567079978296,0.5948717948717949,0.5868846518021931,0.5971210825933465,1
CricketZ,rf_classifier,0.2461421660009364,0.617948717948718,0.612751417398165,0.6227118362671539,2
CricketZ,rf_classifier,0.2431772079980874,0.6102564102564103,0.6018068554735153,0.6112818925876965,3
CricketZ,rf_classifier,0.2392722079966915,0.6256410256410256,0.6179298500238986,0.6271696228437758,4
CricketZ,rf_classifier,0.2502750000021478,0.6076923076923076,0.6026105762025332,0.6131478803743887,5
Crop,rf_classifier,1.2349370000010822,0.75875,0.756969326394677,0.7569693263946772,1
Crop,rf_classifier,1.237935125001968,0.7589285714285714,0.7568632521777151,0.7568632521777151,2
Crop,rf_classifier,1.22252166600083,0.7586904761904761,0.7567588081450579,0.7567588081450578,3
Crop,rf_classifier,1.2351871249993565,0.7588095238095238,0.7567747605399925,0.7567747605399925,4
Crop,rf_classifier,1.2126090000019758,0.7577380952380952,0.7559263130742835,0.7559263130742834,5
DiatomSizeReduction,rf_classifier,0.1975945839985797,0.9052287581699346,0.7958174249279822,0.8799944716644389,1
DiatomSizeReduction,rf_classifier,0.1987834169995039,0.9084967320261438,0.7993931992412111,0.8838898159930143,2
DiatomSizeReduction,rf_classifier,0.19767999999749,0.9183006535947712,0.8313319798203519,0.9003103750831369,3
DiatomSizeReduction,rf_classifier,0.1939733750004961,0.9052287581699346,0.7958174249279822,0.8799944716644389,4
DiatomSizeReduction,rf_classifier,0.1953372089992626,0.9019607843137256,0.7741959923920223,0.8709110940273891,5
DistalPhalanxOutlineAgeGroup,rf_classifier,0.2145172919990727,0.762589928057554,0.738441890166028,0.7635215965158908,1
DistalPhalanxOutlineAgeGroup,rf_classifier,0.2119820839980093,0.7697841726618705,0.7561943974707742,0.7710536518950416,2
DistalPhalanxOutlineAgeGroup,rf_classifier,0.2176343749997613,0.7553956834532374,0.7330917874396135,0.7562558648733188,3
DistalPhalanxOutlineAgeGroup,rf_classifier,0.2085624579995055,0.762589928057554,0.7508166551644813,0.7637527245284517,4
DistalPhalanxOutlineAgeGroup,rf_classifier,0.2152939999978116,0.7410071942446043,0.7224135731598418,0.742080962095995,5
DistalPhalanxOutlineCorrect,rf_classifier,0.2838955000006535,0.7644927536231884,0.747803472271034,0.7586162461048243,1
DistalPhalanxOutlineCorrect,rf_classifier,0.2791347919992404,0.7681159420289855,0.7531305903398926,0.763267740011926,2
DistalPhalanxOutlineCorrect,rf_classifier,0.2825552499998593,0.7572463768115942,0.7400435791101427,0.7511890536772804,3
DistalPhalanxOutlineCorrect,rf_classifier,0.2822613749995071,0.7608695652173914,0.7434077079107505,0.7545638945233266,4
DistalPhalanxOutlineCorrect,rf_classifier,0.2776993330007826,0.7608695652173914,0.7423479490806224,0.7538613861386138,5
DistalPhalanxTW,rf_classifier,0.2096613329995307,0.6906474820143885,0.510694935337761,0.645488861578521,1
DistalPhalanxTW,rf_classifier,0.2170122919997084,0.6906474820143885,0.4916473162901419,0.6419945141992816,2
DistalPhalanxTW,rf_classifier,0.2144824579991109,0.697841726618705,0.5260697708582276,0.6553387902347638,3
DistalPhalanxTW,rf_classifier,0.2104232500023499,0.6906474820143885,0.4870058752784842,0.638728052277525,4
DistalPhalanxTW,rf_classifier,0.2157713749984395,0.6762589928057554,0.496879136189481,0.6349437315351482,5
DodgerLoopDay,rf_classifier,0.1985113750015443,0.5974025974025974,0.530262616853775,0.5455013463782189,1
DodgerLoopDay,rf_classifier,0.2011261249972449,0.5844155844155844,0.554841071717502,0.5665654584418887,2
DodgerLoopDay,rf_classifier,0.1983270000018819,0.6233766233766234,0.5907897255011845,0.6008335516440819,3
DodgerLoopDay,rf_classifier,0.1965156660007778,0.6233766233766234,0.5696997510498655,0.5818154548948926,4
DodgerLoopDay,rf_classifier,0.2041561249970982,0.7012987012987013,0.672772362213356,0.6848857899111993,5
DodgerLoopGame,rf_classifier,0.2021937909994449,0.7244094488188977,0.7158836689038031,0.7170462752558615,1
DodgerLoopGame,rf_classifier,0.2015520000022661,0.7480314960629921,0.7434343434343434,0.7442456056629284,2
DodgerLoopGame,rf_classifier,0.1990576249991136,0.7480314960629921,0.7434343434343434,0.7442456056629284,3
DodgerLoopGame,rf_classifier,0.1890322079998441,0.7637795275590551,0.7583713850837138,0.7592253023166625,4
DodgerLoopGame,rf_classifier,0.193581625000661,0.7716535433070866,0.7645893256631511,0.7655526280691423,5
DodgerLoopWeekend,rf_classifier,0.1940159160003531,0.984126984126984,0.9802197802197804,0.98426652712367,1
DodgerLoopWeekend,rf_classifier,0.1978463749983348,0.984126984126984,0.9802197802197804,0.98426652712367,2
DodgerLoopWeekend,rf_classifier,0.1987068750022445,0.984126984126984,0.9802197802197804,0.98426652712367,3
DodgerLoopWeekend,rf_classifier,0.195231749999948,0.984126984126984,0.9802197802197804,0.98426652712367,4
DodgerLoopWeekend,rf_classifier,0.1942345409988775,0.984126984126984,0.9802197802197804,0.98426652712367,5
Earthquakes,rf_classifier,0.2293240830003924,0.7482014388489209,0.4279835390946502,0.6404357995085412,1
Earthquakes,rf_classifier,0.2285564170015277,0.7482014388489209,0.4279835390946502,0.6404357995085412,2
Earthquakes,rf_classifier,0.2249380419998488,0.7482014388489209,0.4279835390946502,0.6404357995085412,3
Earthquakes,rf_classifier,0.232697833002021,0.7482014388489209,0.4279835390946502,0.6404357995085412,4
Earthquakes,rf_classifier,0.2236559999983001,0.7482014388489209,0.4279835390946502,0.6404357995085412,5
ECG200,rf_classifier,0.1957170840032631,0.79,0.7643362136684996,0.7861115475255303,1
ECG200,rf_classifier,0.2015927499996905,0.78,0.7549019607843137,0.7768627450980392,2
ECG200,rf_classifier,0.1926342920014576,0.81,0.7867803837953091,0.8064818763326226,3
ECG200,rf_classifier,0.1971329579973826,0.8,0.7738579828132067,0.7953867028493895,4
ECG200,rf_classifier,0.2022648749989457,0.8,0.7771836007130125,0.7971479500891266,5
ECG5000,rf_classifier,0.2306631669998751,0.9366666666666666,0.5430973791923327,0.9240613049678288,1
ECG5000,rf_classifier,0.2240462910012866,0.9366666666666666,0.5351007549731431,0.923480610999881,2
ECG5000,rf_classifier,0.2273434169983375,0.9373333333333334,0.5436702016705457,0.925038943639931,3
ECG5000,rf_classifier,0.2245822080003563,0.9364444444444444,0.5404570105927282,0.923909808551847,4
ECG5000,rf_classifier,0.2155562500011001,0.9357777777777778,0.5404757397075317,0.9232661347973152,5
ECGFiveDays,rf_classifier,0.2000597910009673,0.8176538908246226,0.8139177932842077,0.8137646745325514,1
ECGFiveDays,rf_classifier,0.1980478750010661,0.759581881533101,0.7495886823363125,0.7492981823596616,2
ECGFiveDays,rf_classifier,0.1982400840024638,0.8257839721254355,0.8219092323136493,0.8217566835021617,3
ECGFiveDays,rf_classifier,0.2057707919993845,0.7874564459930313,0.7816843350823933,0.7814781882641564,4
ECGFiveDays,rf_classifier,0.2030892920010956,0.7851335656213705,0.7778405405970836,0.7776067897950231,5
ElectricDevices,rf_classifier,2.823923042000388,0.6565944754247179,0.5569324856359982,0.6403003791231036,1
ElectricDevices,rf_classifier,2.827486083999247,0.6551679419011801,0.5535943798563147,0.6384779148606969,2
ElectricDevices,rf_classifier,2.6170204170011857,0.6565944754247179,0.5553690138999183,0.6400693081291785,3
ElectricDevices,rf_classifier,2.525255290998757,0.6572428997535987,0.5572982837403353,0.6408446700236783,4
ElectricDevices,rf_classifier,2.746751624999888,0.6576319543509273,0.5568321140924344,0.6408251386718526,5
EOGHorizontalSignal,rf_classifier,0.2877015420017415,0.4806629834254143,0.4599825451262049,0.4587776905593807,1
EOGHorizontalSignal,rf_classifier,0.2859919999973499,0.4806629834254143,0.4557869994679657,0.4542829352972352,2
EOGHorizontalSignal,rf_classifier,0.28592270900117,0.4806629834254143,0.4592645763770329,0.4579238915336799,3
EOGHorizontalSignal,rf_classifier,0.2902883750030014,0.4834254143646408,0.4633717579104086,0.4619639152749348,4
EOGHorizontalSignal,rf_classifier,0.2806133749982109,0.4723756906077348,0.4506087648871622,0.4491687238320618,5
EOGVerticalSignal,rf_classifier,0.2923031660029664,0.3977900552486187,0.3812702456171573,0.382220279688423,1
EOGVerticalSignal,rf_classifier,0.2917411669986904,0.3895027624309392,0.3710957319862656,0.3718614185834571,2
EOGVerticalSignal,rf_classifier,0.2865216250029334,0.4005524861878453,0.3820267634804012,0.3829484243595535,3
EOGVerticalSignal,rf_classifier,0.2868150409994996,0.3977900552486187,0.3801832671316763,0.3810373165628712,4
EOGVerticalSignal,rf_classifier,0.2905796250015555,0.4005524861878453,0.3813519843801458,0.3822372243450286,5
EthanolLevel,rf_classifier,0.5048772910013213,0.486,0.4536903510327693,0.4536799021897202,1
EthanolLevel,rf_classifier,0.5048480000004929,0.49,0.4594071789043977,0.4593370914628293,2
EthanolLevel,rf_classifier,0.4823126670016791,0.492,0.4625921655678621,0.4625870502265523,3
EthanolLevel,rf_classifier,0.432492457999615,0.49,0.4599274010300533,0.4598642538315276,4
EthanolLevel,rf_classifier,0.4399176250008167,0.498,0.4680379945531461,0.4680058773998167,5
FaceAll,rf_classifier,0.2955324160029704,0.8118343195266272,0.804575751995824,0.8160617200873586,1
FaceAll,rf_classifier,0.3031291670013161,0.8266272189349112,0.8248801849845796,0.830181367930802,2
FaceAll,rf_classifier,0.323271166998893,0.8224852071005917,0.8162333460737202,0.8261085820384371,3
FaceAll,rf_classifier,0.3203964579988678,0.8301775147928994,0.8192067480501348,0.8334163161184684,4
FaceAll,rf_classifier,0.3186927089991513,0.808284023668639,0.8143855482027208,0.8123391430574087,5
FaceFour,rf_classifier,0.2112564159979229,0.875,0.8917113674144401,0.8773079373883131,1
FaceFour,rf_classifier,0.2078080829996906,0.8522727272727273,0.8719354562574902,0.85484934086629,2
FaceFour,rf_classifier,0.2002357499986828,0.8522727272727273,0.8704545454545455,0.8530991735537189,3
FaceFour,rf_classifier,0.2098122499992314,0.8181818181818182,0.8352713178294573,0.8196969696969696,4
FaceFour,rf_classifier,0.1975072499990346,0.8522727272727273,0.8663102972323362,0.852634126659614,5
FacesUCR,rf_classifier,0.2254488329999731,0.7951219512195122,0.7589376059972546,0.7934579168836667,1
FacesUCR,rf_classifier,0.2205103749984118,0.7960975609756098,0.7617908107229459,0.7947902343196521,2
FacesUCR,rf_classifier,0.2260633330006385,0.7970731707317074,0.7604363783721916,0.7952157874163875,3
FacesUCR,rf_classifier,0.2286322079999081,0.7970731707317074,0.7578483722642411,0.7947522747827653,4
FacesUCR,rf_classifier,0.2263345419996767,0.7917073170731708,0.7493900060229359,0.7885130947505465,5
FiftyWords,rf_classifier,0.4651362500007963,0.6901098901098901,0.5233588778025604,0.6560732538568018,1
FiftyWords,rf_classifier,0.4761875830008648,0.6923076923076923,0.5173744327567857,0.6575235125429049,2
FiftyWords,rf_classifier,0.48171474999981,0.6813186813186813,0.5135416739582761,0.6461449536295375,3
FiftyWords,rf_classifier,0.6857366670010379,0.676923076923077,0.5040841935800626,0.6429622381659342,4
FiftyWords,rf_classifier,0.483515374999115,0.6835164835164835,0.5137809163083241,0.645733028340582,5
Fish,rf_classifier,0.2130384999982197,0.7885714285714286,0.7869860485029331,0.7880134058242524,1
Fish,rf_classifier,0.2114107920024253,0.7828571428571428,0.7827583732792286,0.7845321916517342,2
Fish,rf_classifier,0.2011114169981738,0.7771428571428571,0.7802956301194907,0.7810022799267491,3
Fish,rf_classifier,0.208691916999669,0.7828571428571428,0.7843998476499762,0.7863061038029515,4
Fish,rf_classifier,0.2133760830001847,0.7885714285714286,0.788116415727653,0.789714747213714,5
FordA,rf_classifier,3.7690455420015496,0.7765151515151515,0.7754945433181952,0.7759761786470959,1
FordA,rf_classifier,3.859222375001991,0.7795454545454545,0.7783976346722434,0.7789050918793473,2
FordA,rf_classifier,3.363366333000158,0.7787878787878788,0.7778003246753247,0.7782716573199527,3
FordA,rf_classifier,3.333483291000448,0.781060606060606,0.7799206749837744,0.7804246445124788,4
FordA,rf_classifier,3.2357071670012374,0.7780303030303031,0.7771913178583958,0.7776263472067922,5
FordB,rf_classifier,3.536703667003166,0.6654320987654321,0.6629865553882079,0.6627030141270804,1
FordB,rf_classifier,3.1149002079982893,0.6641975308641975,0.6620879626505358,0.6618242666238283,2
FordB,rf_classifier,3.2625254160011536,0.6555555555555556,0.6530378190159042,0.652745907533046,3
FordB,rf_classifier,3.129902500000753,0.6765432098765433,0.6745111993177956,0.674257197997952,4
FordB,rf_classifier,3.240757167000993,0.6592592592592592,0.6553744080505131,0.6550130265427226,5
FreezerRegularTrain,rf_classifier,0.2167260419992089,0.950877192982456,0.9508281573498965,0.9508281573498965,1
FreezerRegularTrain,rf_classifier,0.2062895829985791,0.952280701754386,0.9522372110080166,0.9522372110080168,2
FreezerRegularTrain,rf_classifier,0.2092419170003268,0.9526315789473684,0.952587397231104,0.952587397231104,3
FreezerRegularTrain,rf_classifier,0.203479084000719,0.9498245614035088,0.94976637141134,0.94976637141134,4
FreezerRegularTrain,rf_classifier,0.2039964169998711,0.9526315789473684,0.9525853405333784,0.9525853405333784,5
FreezerSmallTrain,rf_classifier,0.198026750000281,0.7533333333333333,0.7523564485031071,0.7523564485031072,1
FreezerSmallTrain,rf_classifier,0.2019774170003074,0.7614035087719299,0.760490112863782,0.760490112863782,2
FreezerSmallTrain,rf_classifier,0.2107319999995525,0.7708771929824562,0.7704068131458985,0.7704068131458985,3
FreezerSmallTrain,rf_classifier,0.1948700840002857,0.7435087719298246,0.7425601826662998,0.7425601826662998,4
FreezerSmallTrain,rf_classifier,0.20366387499962,0.756140350877193,0.7551745828017916,0.7551745828017916,5
Fungi,rf_classifier,0.1908865419973153,0.7688172043010753,0.7905393189556658,0.7708275341417096,1
Fungi,rf_classifier,0.1980402080007479,0.7849462365591398,0.8122282432891383,0.7839602076164291,2
Fungi,rf_classifier,0.1993603750015609,0.7903225806451613,0.8077817229778015,0.7893938535779144,3
Fungi,rf_classifier,0.1986763749991951,0.7634408602150538,0.7908395606117734,0.762227075054311,4
Fungi,rf_classifier,0.1984190830007719,0.7688172043010753,0.8040230320920285,0.769047575653108,5
GestureMidAirD1,rf_classifier,0.2255236250020971,0.5230769230769231,0.4954781329781329,0.4954781329781331,1
GestureMidAirD1,rf_classifier,0.2139329170022392,0.5153846153846153,0.4905158044834157,0.4905158044834158,2
GestureMidAirD1,rf_classifier,0.2227708339996752,0.5230769230769231,0.4965319810908047,0.4965319810908046,3
GestureMidAirD1,rf_classifier,0.214466249999532,0.5307692307692308,0.511008436008436,0.5110084360084359,4
GestureMidAirD1,rf_classifier,0.2106397909992665,0.5153846153846153,0.492455834763527,0.492455834763527,5
GestureMidAirD2,rf_classifier,0.2154805829995894,0.4461538461538462,0.4536741036741037,0.4536741036741036,1
GestureMidAirD2,rf_classifier,0.2171152089977113,0.3923076923076923,0.3888201542047695,0.3888201542047695,2
GestureMidAirD2,rf_classifier,0.2194157500016444,0.3769230769230769,0.3835759326143941,0.3835759326143941,3
GestureMidAirD2,rf_classifier,0.2182927499998186,0.4076923076923077,0.4196697407670258,0.4196697407670258,4
GestureMidAirD2,rf_classifier,0.2122356250001758,0.4076923076923077,0.4166784070630225,0.4166784070630224,5
GestureMidAirD3,rf_classifier,0.2277515420028066,0.1923076923076923,0.1830946830946831,0.1830946830946831,1
GestureMidAirD3,rf_classifier,0.2277254999971774,0.2307692307692307,0.2294852470965831,0.2294852470965831,2
GestureMidAirD3,rf_classifier,0.2212175420027051,0.2,0.1934278282104369,0.1934278282104369,3
GestureMidAirD3,rf_classifier,0.2198053749998507,0.2076923076923077,0.1945110445110445,0.1945110445110445,4
GestureMidAirD3,rf_classifier,0.2250477079978736,0.2230769230769231,0.2159854034854035,0.2159854034854034,5
GesturePebbleZ1,rf_classifier,0.2043238330006715,0.6686046511627907,0.6529888538230297,0.6529331751925633,1
GesturePebbleZ1,rf_classifier,0.2137701249994279,0.6744186046511628,0.6625950992148174,0.6624069056103121,2
GesturePebbleZ1,rf_classifier,0.2177716250007506,0.6744186046511628,0.6583381029392311,0.6576545491313215,3
GesturePebbleZ1,rf_classifier,0.2063247909973142,0.6976744186046512,0.6855289816772375,0.6850397908233224,4
GesturePebbleZ1,rf_classifier,0.2022614999987126,0.6686046511627907,0.6563451980118646,0.6555868765171091,5
GesturePebbleZ2,rf_classifier,0.2139107500006503,0.6455696202531646,0.6306963026479225,0.6264396767312582,1
GesturePebbleZ2,rf_classifier,0.2080002080001577,0.6518987341772152,0.6361290287785304,0.6314411856302811,2
GesturePebbleZ2,rf_classifier,0.2137035410014505,0.6329113924050633,0.6214514190123946,0.6176385193983218,3
GesturePebbleZ2,rf_classifier,0.2121547919996373,0.6329113924050633,0.6225180360262004,0.6184141925866476,4
GesturePebbleZ2,rf_classifier,0.2138577080004324,0.6518987341772152,0.640622728797753,0.6363082969385533,5
GunPoint,rf_classifier,0.1946509160006826,0.9266666666666666,0.9262701639930292,0.926342255388236,1
GunPoint,rf_classifier,0.1999770000002172,0.9133333333333332,0.913020206075204,0.913089789910344,2
GunPoint,rf_classifier,0.1905061669967835,0.92,0.9197717953289356,0.9198288464967016,3
GunPoint,rf_classifier,0.1900177919997077,0.9333333333333332,0.9332264957264956,0.9332621082621082,4
GunPoint,rf_classifier,0.1904520829993998,0.9133333333333332,0.9128647392644892,0.912949938186097,5
GunPointAgeSpan,rf_classifier,0.2024012500005483,0.9620253164556962,0.9620253164556962,0.9620253164556962,1
GunPointAgeSpan,rf_classifier,0.2007793330012646,0.9620253164556962,0.9620253164556962,0.9620253164556962,2
GunPointAgeSpan,rf_classifier,0.2003369170015503,0.9620253164556962,0.9620253164556962,0.9620253164556962,3
GunPointAgeSpan,rf_classifier,0.2051908330031437,0.9683544303797468,0.9683531626807677,0.968355698078726,4
GunPointAgeSpan,rf_classifier,0.2047219580017554,0.9620253164556962,0.9620253164556962,0.9620253164556962,5
GunPointMaleVersusFemale,rf_classifier,0.2063701249971927,0.9683544303797468,0.9682002978706274,0.968312394240896,1
GunPointMaleVersusFemale,rf_classifier,0.198161208001693,0.9778481012658228,0.9777498365437812,0.977824704903432,2
GunPointMaleVersusFemale,rf_classifier,0.1959900000001653,0.9746835443037974,0.9745817245817244,0.9746631803593828,3
GunPointMaleVersusFemale,rf_classifier,0.2042037920000439,0.9746835443037974,0.9745817245817244,0.9746631803593828,4
GunPointMaleVersusFemale,rf_classifier,0.2101588750010705,0.9683544303797468,0.9682002978706274,0.968312394240896,5
GunPointOldVersusYoung,rf_classifier,0.2005902499986405,1.0,1.0,1.0,1
GunPointOldVersusYoung,rf_classifier,0.2113557500015304,1.0,1.0,1.0,2
GunPointOldVersusYoung,rf_classifier,0.2051286249989061,1.0,1.0,1.0,3
GunPointOldVersusYoung,rf_classifier,0.2038419999989855,1.0,1.0,1.0,4
GunPointOldVersusYoung,rf_classifier,0.2011597080017964,1.0,1.0,1.0,5
Ham,rf_classifier,0.2029087919981975,0.7047619047619048,0.7047619047619048,0.7047619047619048,1
Ham,rf_classifier,0.2000468340011139,0.7238095238095238,0.7234081206285766,0.723709173014287,2
Ham,rf_classifier,0.2049487499971292,0.7047619047619048,0.704654750022684,0.7048154821315152,3
Ham,rf_classifier,0.2102252909971866,0.6952380952380952,0.695210449927431,0.6952933858594236,4
Ham,rf_classifier,0.2029571669991128,0.7238095238095238,0.7234081206285766,0.723709173014287,5
HandOutlines,rf_classifier,1.7556587500002934,0.9054054054054054,0.8974590430038563,0.905482554554935,1
HandOutlines,rf_classifier,1.8558824159990763,0.9054054054054054,0.8974590430038563,0.905482554554935,2
HandOutlines,rf_classifier,1.7225249170005554,0.9027027027027028,0.8943561435233653,0.9027027027027028,3
HandOutlines,rf_classifier,1.64912995800114,0.9054054054054054,0.8974590430038563,0.905482554554935,4
HandOutlines,rf_classifier,1.4997513749985956,0.9054054054054054,0.8974590430038563,0.905482554554935,5
Haptics,rf_classifier,0.2093901250009366,0.4675324675324675,0.4335886597063068,0.435625539471987,1
Haptics,rf_classifier,0.2044034589998773,0.4512987012987013,0.4158264372088524,0.4178929099317811,2
Haptics,rf_classifier,0.2092876669994439,0.4448051948051948,0.4094805939710662,0.4119228327596182,3
Haptics,rf_classifier,0.2118899579982098,0.4577922077922078,0.4218030816595456,0.4243870761399061,4
Haptics,rf_classifier,0.2193091249973804,0.4448051948051948,0.4110315716387823,0.4131567148170564,5
Herring,rf_classifier,0.1927699580010085,0.578125,0.502160760587727,0.538623595505618,1
Herring,rf_classifier,0.1889251669999794,0.5625,0.4909090909090908,0.5267045454545454,2
Herring,rf_classifier,0.2018690000004426,0.546875,0.4652837798905214,0.5044475655430711,3
Herring,rf_classifier,0.2031035410000186,0.578125,0.5155592935239698,0.5482022708158116,4
Herring,rf_classifier,0.2003731670010893,0.609375,0.5622435020519836,0.5891757865937073,5
HouseTwenty,rf_classifier,0.1940075829988927,0.7142857142857143,0.7118233618233618,0.716076516076516,1
HouseTwenty,rf_classifier,0.1991234999986773,0.7394957983193278,0.7388318584070797,0.7409343347958652,2
HouseTwenty,rf_classifier,0.2033239170013985,0.7310924369747899,0.7301587301587302,0.7326930772308924,3
HouseTwenty,rf_classifier,0.1972547090008447,0.7478991596638656,0.7470238095238095,0.7493997599039615,4
HouseTwenty,rf_classifier,0.187547125002311,0.7478991596638656,0.7470238095238095,0.7493997599039615,5
InlineSkate,rf_classifier,0.2063462920013989,0.3381818181818182,0.3505147217214723,0.3357672629068062,1
InlineSkate,rf_classifier,0.2068437500020081,0.3436363636363636,0.3541355609529263,0.3394772479176952,2
InlineSkate,rf_classifier,0.2120820829986769,0.36,0.3719821313025863,0.3590526568641615,3
InlineSkate,rf_classifier,0.2141805829996883,0.3545454545454545,0.3641129920195108,0.3502474146066454,4
InlineSkate,rf_classifier,0.2012283750009373,0.3490909090909091,0.3594628912296035,0.345768688683963,5
InsectEPGRegularTrain,rf_classifier,0.1895956670014129,1.0,1.0,1.0,1
InsectEPGRegularTrain,rf_classifier,0.1934013330028392,1.0,1.0,1.0,2
InsectEPGRegularTrain,rf_classifier,0.2016590000021096,1.0,1.0,1.0,3
InsectEPGRegularTrain,rf_classifier,0.1887996669975109,1.0,1.0,1.0,4
InsectEPGRegularTrain,rf_classifier,0.1891643330018269,1.0,1.0,1.0,5
InsectEPGSmallTrain,rf_classifier,0.1991611660014314,1.0,1.0,1.0,1
InsectEPGSmallTrain,rf_classifier,0.1914617919974262,1.0,1.0,1.0,2
InsectEPGSmallTrain,rf_classifier,0.1882856249976612,1.0,1.0,1.0,3
InsectEPGSmallTrain,rf_classifier,0.1886313340000924,1.0,1.0,1.0,4
InsectEPGSmallTrain,rf_classifier,0.1905043750011827,1.0,1.0,1.0,5
InsectWingbeatSound,rf_classifier,0.2132067089987686,0.6474747474747474,0.6458665637426981,0.6458665637426982,1
InsectWingbeatSound,rf_classifier,0.2162692919991968,0.6454545454545455,0.6440518085700926,0.6440518085700926,2
InsectWingbeatSound,rf_classifier,0.212689791998855,0.6464646464646465,0.6446054541001671,0.6446054541001671,3
InsectWingbeatSound,rf_classifier,0.2229978340001253,0.6439393939393939,0.6423644914803996,0.6423644914803995,4
InsectWingbeatSound,rf_classifier,0.2253750419986318,0.6515151515151515,0.6493751060698952,0.6493751060698953,5
ItalyPowerDemand,rf_classifier,0.1997517080017132,0.9698736637512148,0.9698732085094326,0.9698735499407692,1
ItalyPowerDemand,rf_classifier,0.2001978330008569,0.9650145772594751,0.965014544218201,0.9650146433420236,2
ItalyPowerDemand,rf_classifier,0.2012640840002859,0.9698736637512148,0.9698735499420592,0.9698733792283256,3
ItalyPowerDemand,rf_classifier,0.1918126250020577,0.9689018464528668,0.9689018170828454,0.9689017289727808,4
ItalyPowerDemand,rf_classifier,0.2003777079989959,0.9659863945578232,0.9659863945578232,0.9659863945578232,5
LargeKitchenAppliances,rf_classifier,0.2496848329974454,0.5813333333333334,0.581069876569792,0.5810698765697919,1
LargeKitchenAppliances,rf_classifier,0.2502211249993706,0.5813333333333334,0.5812973788499171,0.581297378849917,2
LargeKitchenAppliances,rf_classifier,0.2641987909992167,0.5866666666666667,0.5863633829428601,0.5863633829428602,3
LargeKitchenAppliances,rf_classifier,0.2609269169988693,0.5733333333333334,0.5730846710188343,0.5730846710188343,4
LargeKitchenAppliances,rf_classifier,0.2606779579982685,0.5813333333333334,0.5811609704156265,0.5811609704156264,5
Lightning2,rf_classifier,0.2025057089995243,0.7704918032786885,0.7674291938997821,0.7696167720275724,1
Lightning2,rf_classifier,0.1949083340005017,0.7704918032786885,0.7653846153846153,0.7682219419924338,2
Lightning2,rf_classifier,0.2050336669999524,0.7704918032786885,0.7653846153846153,0.7682219419924338,3
Lightning2,rf_classifier,0.198620208997454,0.7540983606557377,0.7497949138638228,0.7524845681087696,4
Lightning2,rf_classifier,0.2094611669999722,0.7540983606557377,0.7497949138638228,0.7524845681087696,5
Lightning7,rf_classifier,0.2121256249993166,0.7397260273972602,0.7114952716456475,0.721330820105153,1
Lightning7,rf_classifier,0.2044416659991839,0.7534246575342466,0.7140966660130422,0.7303954537499475,2
Lightning7,rf_classifier,0.2048588750003546,0.7671232876712328,0.7336940836940836,0.7471149854711499,3
Lightning7,rf_classifier,0.2021600419975584,0.7397260273972602,0.7132298595713229,0.7239653467518485,4
Lightning7,rf_classifier,0.1992590410009143,0.7671232876712328,0.7397546897546897,0.7501452885014529,5
Mallat,rf_classifier,0.196276457998465,0.8537313432835821,0.8327559170699323,0.8315310347479623,1
Mallat,rf_classifier,0.2062075419999018,0.8597014925373134,0.841943839291758,0.8407669770074132,2
Mallat,rf_classifier,0.2027342500005033,0.8759061833688699,0.8652702864315882,0.8644417125999482,3
Mallat,rf_classifier,0.1950450000003911,0.8635394456289979,0.8430954380169704,0.8419932444987444,4
Mallat,rf_classifier,0.2021775409994006,0.8665245202558636,0.8510905593487608,0.8500280523036111,5
Meat,rf_classifier,0.2018217079967144,0.9333333333333332,0.934122934122934,0.934122934122934,1
Meat,rf_classifier,0.2000235000014072,0.95,0.9497171590194844,0.9497171590194846,2
Meat,rf_classifier,0.1928007079986855,0.9333333333333332,0.934122934122934,0.934122934122934,3
Meat,rf_classifier,0.190193457998248,0.9333333333333332,0.9331094582012576,0.9331094582012576,4
Meat,rf_classifier,0.1918991249985993,0.9333333333333332,0.934122934122934,0.934122934122934,5
MedicalImages,rf_classifier,0.2272248330009461,0.6947368421052632,0.5995241887419942,0.6658098052317277,1
MedicalImages,rf_classifier,0.2248269580013584,0.6947368421052632,0.6075216578152816,0.6669377029335011,2
MedicalImages,rf_classifier,0.2348041669974918,0.6921052631578948,0.6016264496455788,0.6628993835835092,3
MedicalImages,rf_classifier,0.2331581670005107,0.6934210526315789,0.5957203367134968,0.6651343239470534,4
MedicalImages,rf_classifier,0.214760416001809,0.6907894736842105,0.5903280502970906,0.6616570072248743,5
MelbournePedestrian,rf_classifier,0.2940584160023718,0.9646399310047434,0.9636808926624364,0.9645676075028828,1
MelbournePedestrian,rf_classifier,0.2838020410017634,0.9659335920655456,0.9649705133771956,0.965864647192604,2
MelbournePedestrian,rf_classifier,0.2722639589992468,0.9642087106511428,0.9632117625775324,0.9641273289505744,3
MelbournePedestrian,rf_classifier,0.2786199160000251,0.965071151358344,0.9640774155783004,0.9649843390081468,4
MelbournePedestrian,rf_classifier,0.2921920839980885,0.9642087106511428,0.963295158648023,0.964104569938321,5
MiddlePhalanxOutlineCorrect,rf_classifier,0.2728711250019842,0.8006872852233677,0.7895301276935356,0.7963576420028358,1
MiddlePhalanxOutlineCorrect,rf_classifier,0.2805396660005499,0.8075601374570447,0.7980969372584003,0.8042555278638673,2
MiddlePhalanxOutlineCorrect,rf_classifier,0.2761540409992449,0.8109965635738832,0.8031776873224541,0.8087048239829471,3
MiddlePhalanxOutlineCorrect,rf_classifier,0.2767954580012883,0.8006872852233677,0.7921428571428571,0.7980805105547374,4
MiddlePhalanxOutlineCorrect,rf_classifier,0.2816455829997721,0.7972508591065293,0.7882487882487883,0.7944002033349113,5
MiddlePhalanxOutlineAgeGroup,rf_classifier,0.2133617079998657,0.5909090909090909,0.4749206349206349,0.5622840651412081,1
MiddlePhalanxOutlineAgeGroup,rf_classifier,0.2089641249986016,0.564935064935065,0.4464751557016533,0.5344059847203431,2
MiddlePhalanxOutlineAgeGroup,rf_classifier,0.2142432910004572,0.5909090909090909,0.4652081236534244,0.553909962587745,3
MiddlePhalanxOutlineAgeGroup,rf_classifier,0.2173521670010814,0.5909090909090909,0.4757954545454545,0.5624948347107438,4
MiddlePhalanxOutlineAgeGroup,rf_classifier,0.2107897079986287,0.577922077922078,0.4601355773726039,0.5487171454071874,5
MiddlePhalanxTW,rf_classifier,0.2148898329978692,0.5584415584415584,0.4028648492013802,0.5434667746068766,1
MiddlePhalanxTW,rf_classifier,0.2216701249999459,0.577922077922078,0.419350009127347,0.5610122511811916,2
MiddlePhalanxTW,rf_classifier,0.2102187919990683,0.538961038961039,0.379975465246783,0.5261809680414332,3
MiddlePhalanxTW,rf_classifier,0.2170623340025486,0.551948051948052,0.3946688047734518,0.5365662677063697,4
MiddlePhalanxTW,rf_classifier,0.2138709160026337,0.551948051948052,0.3992734389190646,0.5384916582828304,5
MixedShapesRegularTrain,rf_classifier,0.3470063749991823,0.8721649484536083,0.8733183480043338,0.8715782249600577,1
MixedShapesRegularTrain,rf_classifier,0.3494031669979449,0.8738144329896907,0.8742996520819842,0.8730341714065172,2
MixedShapesRegularTrain,rf_classifier,0.3444472920018597,0.8725773195876289,0.872685506515802,0.8716359032798633,3
MixedShapesRegularTrain,rf_classifier,0.3312766249982815,0.8717525773195877,0.8724691252705341,0.8708608821460851,4
MixedShapesRegularTrain,rf_classifier,0.3177155419980408,0.876701030927835,0.877348372411725,0.8759580464793413,5
MixedShapesSmallTrain,rf_classifier,0.2008017079970159,0.7810309278350516,0.7777349011166281,0.7753695777523444,1
MixedShapesSmallTrain,rf_classifier,0.2041026249971764,0.7839175257731958,0.7800771803120193,0.7786121893535843,2
MixedShapesSmallTrain,rf_classifier,0.2108676659991033,0.7752577319587629,0.7716035550032225,0.7695416359214267,3
MixedShapesSmallTrain,rf_classifier,0.1994818329985719,0.7760824742268041,0.7724908861354585,0.7701924526751368,4
MixedShapesSmallTrain,rf_classifier,0.202197916998557,0.780618556701031,0.7775888368871858,0.7754111677678427,5
MoteStrain,rf_classifier,0.1912803330014867,0.8873801916932907,0.8863880191657307,0.8872190696589005,1
MoteStrain,rf_classifier,0.2015599160004058,0.8825878594249201,0.881691129534598,0.8824973637479152,2
MoteStrain,rf_classifier,0.1938315410006907,0.884185303514377,0.8831649842484466,0.8840196106421319,3
MoteStrain,rf_classifier,0.1915287499978148,0.8825878594249201,0.8814808518201541,0.8823774364917828,4
MoteStrain,rf_classifier,0.2064715000014985,0.884185303514377,0.8832341202841643,0.8840590402537294,5
NonInvasiveFetalECGThorax1,rf_classifier,1.3531042499998875,0.8778625954198473,0.8737278861635024,0.8770396117525882,1
NonInvasiveFetalECGThorax1,rf_classifier,1.3679641250018904,0.8839694656488549,0.8791149446606118,0.8828716700734965,2
NonInvasiveFetalECGThorax1,rf_classifier,1.3754471669999475,0.8798982188295166,0.8748833990551181,0.8784728371856162,3
NonInvasiveFetalECGThorax1,rf_classifier,1.3841864579990215,0.8844783715012723,0.880687064012959,0.8842781998485144,4
NonInvasiveFetalECGThorax1,rf_classifier,1.3814134999993255,0.8834605597964377,0.8790651639369552,0.8823564783845856,5
NonInvasiveFetalECGThorax2,rf_classifier,1.377553041002102,0.9119592875318068,0.9087075422741958,0.9117046046597512,1
NonInvasiveFetalECGThorax2,rf_classifier,1.396086042001116,0.9119592875318068,0.9087008935598044,0.9119483614825996,2
NonInvasiveFetalECGThorax2,rf_classifier,1.4052872089996526,0.9119592875318068,0.9085728627831076,0.911664357222009,3
NonInvasiveFetalECGThorax2,rf_classifier,1.382754082998872,0.9114503816793892,0.9077921305401064,0.9112059904335952,4
NonInvasiveFetalECGThorax2,rf_classifier,1.379441917000804,0.9073791348600508,0.9040524561852916,0.9074740879280438,5
OliveOil,rf_classifier,0.1820299160026479,0.9,0.8735087719298245,0.8917660818713451,1
OliveOil,rf_classifier,0.2031682090018876,0.9,0.8735087719298245,0.8917660818713451,2
OliveOil,rf_classifier,0.2069994580015191,0.9,0.8735087719298245,0.8917660818713451,3
OliveOil,rf_classifier,0.1993963339991751,0.9,0.8735087719298245,0.8917660818713451,4
OliveOil,rf_classifier,0.2018520829988119,0.9,0.8735087719298245,0.8917660818713451,5
OSULeaf,rf_classifier,0.2140348749999248,0.5041322314049587,0.47325824183918,0.4707519391022696,1
OSULeaf,rf_classifier,0.2071272079992923,0.5,0.470312201648176,0.4704305039612709,2
OSULeaf,rf_classifier,0.2137974159995792,0.5041322314049587,0.4760192534371725,0.4755527493214241,3
OSULeaf,rf_classifier,0.2129445840000698,0.5247933884297521,0.4919448382598738,0.4951245528045204,4
OSULeaf,rf_classifier,0.2115340839991404,0.512396694214876,0.4824756482983067,0.4822253581890648,5
PhalangesOutlinesCorrect,rf_classifier,0.6324219159978384,0.8228438228438228,0.802064108790675,0.8165650603241666,1
PhalangesOutlinesCorrect,rf_classifier,0.6296019580004213,0.8216783216783217,0.8002534985385032,0.8150450134464204,2
PhalangesOutlinesCorrect,rf_classifier,0.5642282500011788,0.817016317016317,0.79503136778134,0.8102095889613598,3
PhalangesOutlinesCorrect,rf_classifier,0.5109167919981701,0.8216783216783217,0.7999100712570972,0.8148324761394914,4
PhalangesOutlinesCorrect,rf_classifier,0.6720567089978431,0.8275058275058275,0.8062815404236103,0.8207798210361108,5
Phoneme,rf_classifier,0.4847435420015245,0.1434599156118143,0.0377174547087255,0.0885052680569578,1
Phoneme,rf_classifier,0.4788980419980362,0.1455696202531645,0.0357326911001102,0.0882318070289385,2
Phoneme,rf_classifier,0.493177292002656,0.1439873417721519,0.037320756437705,0.0863894197352147,3
Phoneme,rf_classifier,0.4769027500005904,0.1392405063291139,0.029833948732925,0.0766325187823308,4
Phoneme,rf_classifier,0.4811162919977505,0.1366033755274261,0.0313575160927037,0.0763053874950864,5
PickupGestureWiimoteZ,rf_classifier,0.1923551670006418,0.72,0.7170435120435121,0.7170435120435121,1
PickupGestureWiimoteZ,rf_classifier,0.1986443749992759,0.7,0.7067094017094018,0.7067094017094017,2
PickupGestureWiimoteZ,rf_classifier,0.2001007080034469,0.72,0.7220940170940171,0.7220940170940172,3
PickupGestureWiimoteZ,rf_classifier,0.2068027500026801,0.72,0.7182539682539684,0.7182539682539683,4
PickupGestureWiimoteZ,rf_classifier,0.1932871670032909,0.72,0.7170435120435121,0.7170435120435121,5
PigAirwayPressure,rf_classifier,0.2809014580016082,0.1153846153846153,0.1036026473526473,0.1036026473526473,1
PigAirwayPressure,rf_classifier,0.2760828329992364,0.1153846153846153,0.1003697691197691,0.1003697691197691,2
PigAirwayPressure,rf_classifier,0.2824659170000814,0.0961538461538461,0.0845035463530938,0.0845035463530938,3
PigAirwayPressure,rf_classifier,0.295834290998755,0.110576923076923,0.1023244917475686,0.1023244917475686,4
PigAirwayPressure,rf_classifier,0.2815889999983483,0.1009615384615384,0.0860832166827642,0.0860832166827642,5
PigArtPressure,rf_classifier,0.2773296659979678,0.1826923076923076,0.1734140859140859,0.1734140859140859,1
PigArtPressure,rf_classifier,0.2761734580017219,0.1875,0.1823135198135198,0.1823135198135198,2
PigArtPressure,rf_classifier,0.2813163329992676,0.1875,0.1748098055790363,0.1748098055790363,3
PigArtPressure,rf_classifier,0.2829452079968177,0.2067307692307692,0.1962305856536625,0.1962305856536625,4
PigArtPressure,rf_classifier,0.2682384169966099,0.1875,0.1800255300255299,0.1800255300255299,5
PigCVP,rf_classifier,0.271043249998911,0.1153846153846153,0.0978083685320527,0.0978083685320527,1
PigCVP,rf_classifier,0.2728350830002455,0.1298076923076923,0.1191363461100303,0.1191363461100303,2
PigCVP,rf_classifier,0.2708485420007491,0.125,0.1110674205131218,0.1110674205131218,3
PigCVP,rf_classifier,0.2878417089996219,0.1153846153846153,0.1013428502116284,0.1013428502116284,4
PigCVP,rf_classifier,0.2695172080020711,0.1153846153846153,0.1080170363824209,0.1080170363824209,5
PLAID,rf_classifier,0.437801167001453,0.7895716945996276,0.6814349661445689,0.7749466383101763,1
PLAID,rf_classifier,0.4419699999998556,0.7988826815642458,0.7129373950947117,0.7868846086655411,2
PLAID,rf_classifier,0.4463640419999137,0.8063314711359404,0.7245618825626168,0.7952518103741906,3
PLAID,rf_classifier,0.4144879999985278,0.7988826815642458,0.7102722418034972,0.7869225768796105,4
PLAID,rf_classifier,0.4307471249994705,0.7914338919925512,0.7085016876211926,0.7799988067493603,5
Plane,rf_classifier,0.1949327920010546,0.9904761904761904,0.9907448872966116,0.9904562870080112,1
Plane,rf_classifier,0.204643125001894,0.9904761904761904,0.9907448872966116,0.9904562870080112,2
Plane,rf_classifier,0.2056944590003695,0.9809523809523808,0.9815476190476192,0.9809523809523808,3
Plane,rf_classifier,0.2040570829994976,0.9904761904761904,0.9907448872966116,0.9904562870080112,4
Plane,rf_classifier,0.2029522080010792,0.9904761904761904,0.9907448872966116,0.9904562870080112,5
PowerCons,rf_classifier,0.2426955419978185,1.0,1.0,1.0,1
PowerCons,rf_classifier,0.2028171660022053,1.0,1.0,1.0,2
PowerCons,rf_classifier,0.2035232500020356,1.0,1.0,1.0,3
PowerCons,rf_classifier,0.2023571250028908,1.0,1.0,1.0,4
PowerCons,rf_classifier,0.1995683749992167,1.0,1.0,1.0,5
ProximalPhalanxOutlineCorrect,rf_classifier,0.2845918330021959,0.8762886597938144,0.841060808350528,0.86857453174054,1
ProximalPhalanxOutlineCorrect,rf_classifier,0.2787826659987331,0.872852233676976,0.8373196343582383,0.8652754294104804,2
ProximalPhalanxOutlineCorrect,rf_classifier,0.2804697079991456,0.8762886597938144,0.8423618634886241,0.8692519909305157,3
ProximalPhalanxOutlineCorrect,rf_classifier,0.2803816670020751,0.872852233676976,0.8373196343582383,0.8652754294104804,4
ProximalPhalanxOutlineCorrect,rf_classifier,0.2717819999998028,0.865979381443299,0.8285261010803052,0.8579930201894252,5
ProximalPhalanxOutlineAgeGroup,rf_classifier,0.2144115420014714,0.8536585365853658,0.7710472541507025,0.8549855153723951,1
ProximalPhalanxOutlineAgeGroup,rf_classifier,0.2163725000027625,0.8536585365853658,0.7710472541507025,0.8549855153723951,2
ProximalPhalanxOutlineAgeGroup,rf_classifier,0.2118668330003856,0.8536585365853658,0.7710472541507025,0.8549855153723951,3
ProximalPhalanxOutlineAgeGroup,rf_classifier,0.2151846250017115,0.8536585365853658,0.7710472541507025,0.8549855153723951,4
ProximalPhalanxOutlineAgeGroup,rf_classifier,0.2131435420014895,0.8536585365853658,0.7710472541507025,0.8549855153723951,5
ProximalPhalanxTW,rf_classifier,0.2120405420027964,0.8,0.4841092630566314,0.7666729276998853,1
ProximalPhalanxTW,rf_classifier,0.2126424580019374,0.8,0.4677729677729678,0.7618906838419032,2
ProximalPhalanxTW,rf_classifier,0.215405291000934,0.8048780487804879,0.4716949716949716,0.7673009916912356,3
ProximalPhalanxTW,rf_classifier,0.2141711250005755,0.8,0.4565092575655955,0.7606929083741176,4
ProximalPhalanxTW,rf_classifier,0.2115824590000556,0.7951219512195122,0.4695839291427526,0.7614810106201786,5
RefrigerationDevices,rf_classifier,0.2589617919984448,0.52,0.4959355206133217,0.4959355206133217,1
RefrigerationDevices,rf_classifier,0.2584207500003685,0.5226666666666666,0.4995991746288407,0.4995991746288406,2
RefrigerationDevices,rf_classifier,0.2502440419993945,0.5146666666666667,0.4904706596897553,0.4904706596897553,3
RefrigerationDevices,rf_classifier,0.2521044999994046,0.5093333333333333,0.4849461751178383,0.4849461751178384,4
RefrigerationDevices,rf_classifier,0.2612173330016958,0.5066666666666667,0.4810306803644191,0.4810306803644191,5
Rock,rf_classifier,0.1891665420007484,0.68,0.6304652213188798,0.6822186088527552,1
Rock,rf_classifier,0.1908185419997607,0.68,0.6304652213188798,0.6822186088527552,2
Rock,rf_classifier,0.1927165829984005,0.68,0.6304652213188798,0.6822186088527552,3
Rock,rf_classifier,0.2028327500011073,0.66,0.6073170731707317,0.6624465290806754,4
Rock,rf_classifier,0.1960969160027161,0.68,0.6304652213188798,0.6822186088527552,5
ScreenType,rf_classifier,0.253650041999208,0.4106666666666667,0.4031809114920046,0.4031809114920046,1
ScreenType,rf_classifier,0.2546914160011511,0.4186666666666667,0.4094691638277535,0.4094691638277534,2
ScreenType,rf_classifier,0.2507695409985899,0.4053333333333333,0.3999870899860249,0.3999870899860249,3
ScreenType,rf_classifier,0.2566126250021625,0.416,0.4066172284630595,0.4066172284630594,4
ScreenType,rf_classifier,0.2547965000012482,0.408,0.4012581412657023,0.4012581412657023,5
SemgHandGenderCh2,rf_classifier,0.273721416000626,0.8816666666666667,0.875551764331266,0.8838275720032368,1
SemgHandGenderCh2,rf_classifier,0.292467207997106,0.895,0.8892246015162748,0.8968127163124101,2
SemgHandGenderCh2,rf_classifier,0.2814767079980811,0.905,0.8994469582704877,0.9065359477124182,3
SemgHandGenderCh2,rf_classifier,0.2888687500017113,0.895,0.8890451128481649,0.8967564775052176,4
SemgHandGenderCh2,rf_classifier,0.3349609580000106,0.895,0.8890451128481649,0.8967564775052176,5
SemgHandMovementCh2,rf_classifier,0.3685037909999664,0.5111111111111111,0.497906952560204,0.497906952560204,1
SemgHandMovementCh2,rf_classifier,0.3662740409999969,0.5088888888888888,0.4959759736893288,0.4959759736893289,2
SemgHandMovementCh2,rf_classifier,0.3441125829995144,0.5088888888888888,0.4995398229596459,0.4995398229596459,3
SemgHandMovementCh2,rf_classifier,0.345618999999715,0.5066666666666667,0.4941180565441141,0.4941180565441141,4
SemgHandMovementCh2,rf_classifier,0.3589079170014884,0.5,0.485659397868381,0.4856593978683811,5
SemgHandSubjectCh2,rf_classifier,0.3605858749979234,0.7,0.7007189811449084,0.7007189811449085,1
SemgHandSubjectCh2,rf_classifier,0.3532921670012001,0.6933333333333334,0.6951463449757761,0.6951463449757762,2
SemgHandSubjectCh2,rf_classifier,0.3562988330013468,0.7177777777777777,0.719474915403292,0.7194749154032921,3
SemgHandSubjectCh2,rf_classifier,0.3597093339994899,0.7066666666666667,0.7084127852784462,0.7084127852784462,4
SemgHandSubjectCh2,rf_classifier,0.3477199999979348,0.7088888888888889,0.7089087909412799,0.7089087909412798,5
ShakeGestureWiimoteZ,rf_classifier,0.1936087910034984,0.8,0.7776917526917526,0.7776917526917526,1
ShakeGestureWiimoteZ,rf_classifier,0.1940941670000029,0.82,0.8122516372516371,0.8122516372516373,2
ShakeGestureWiimoteZ,rf_classifier,0.1992530419993272,0.82,0.8055305805305805,0.8055305805305804,3
ShakeGestureWiimoteZ,rf_classifier,0.1964805829993565,0.78,0.7601703851703852,0.7601703851703852,4
ShakeGestureWiimoteZ,rf_classifier,0.1961365409988502,0.82,0.8055305805305805,0.8055305805305804,5
ShapeletSim,rf_classifier,0.1971869580011116,0.4166666666666667,0.4152046783625731,0.4152046783625731,1
ShapeletSim,rf_classifier,0.1964565419984865,0.5111111111111111,0.5110507470058032,0.5110507470058032,2
ShapeletSim,rf_classifier,0.2000378749980882,0.5,0.5,0.5,3
ShapeletSim,rf_classifier,0.1952733750003972,0.5111111111111111,0.5095975232198142,0.5095975232198142,4
ShapeletSim,rf_classifier,0.194074291997822,0.4555555555555555,0.4552865612648221,0.4552865612648221,5
ShapesAll,rf_classifier,0.5836855839988857,0.7383333333333333,0.7152056881463261,0.7152056881463262,1
ShapesAll,rf_classifier,0.583946583999932,0.7416666666666667,0.7190322645103907,0.7190322645103907,2
ShapesAll,rf_classifier,0.606220833997213,0.7433333333333333,0.7212030452310436,0.7212030452310436,3
ShapesAll,rf_classifier,0.6080071249998582,0.7466666666666667,0.7278424446310433,0.7278424446310433,4
ShapesAll,rf_classifier,0.5973343750010827,0.74,0.7185426263274224,0.7185426263274224,5
SmallKitchenAppliances,rf_classifier,0.2550570410021464,0.7226666666666667,0.7137198267262232,0.7137198267262234,1
SmallKitchenAppliances,rf_classifier,0.2543253749972791,0.72,0.7106050496385068,0.7106050496385069,2
SmallKitchenAppliances,rf_classifier,0.2488172919984208,0.7226666666666667,0.7151174981305218,0.7151174981305218,3
SmallKitchenAppliances,rf_classifier,0.2512096669997845,0.7253333333333334,0.7155530990582536,0.7155530990582536,4
SmallKitchenAppliances,rf_classifier,0.2497640420006064,0.72,0.7094603622027965,0.7094603622027965,5
SmoothSubspace,rf_classifier,0.2041077909998421,0.9866666666666668,0.9866659999333268,0.9866659999333266,1
SmoothSubspace,rf_classifier,0.2034359169992967,0.9866666666666668,0.9866659999333268,0.9866659999333266,2
SmoothSubspace,rf_classifier,0.2047897090014885,0.98,0.97993199319932,0.97993199319932,3
SmoothSubspace,rf_classifier,0.2012013749990728,0.9866666666666668,0.9866659999333268,0.9866659999333266,4
SmoothSubspace,rf_classifier,0.2001389999968523,0.9866666666666668,0.9866659999333268,0.9866659999333266,5
SonyAIBORobotSurface1,rf_classifier,0.2000144590019772,0.6372712146422629,0.618592654696197,0.6066552291667563,1
SonyAIBORobotSurface1,rf_classifier,0.1934147909996681,0.6688851913477537,0.6569723252365506,0.6479313107771554,2
SonyAIBORobotSurface1,rf_classifier,0.2048102500011737,0.6306156405990017,0.6103693580039249,0.5978077958098991,3
SonyAIBORobotSurface1,rf_classifier,0.1927372079990164,0.6405990016638935,0.623241235198514,0.61180394721745,4
SonyAIBORobotSurface1,rf_classifier,0.1932124999984807,0.6472545757071547,0.6307669124124821,0.6197318621758902,5
SonyAIBORobotSurface2,rf_classifier,0.2012507500003266,0.8016789087093389,0.793469623636495,0.8031047319062014,1
SonyAIBORobotSurface2,rf_classifier,0.1952989170022192,0.7974816369359916,0.7899895981886462,0.7992714017478575,2
SonyAIBORobotSurface2,rf_classifier,0.198053832998994,0.7953830010493179,0.7878133245947461,0.7971913126467991,3
SonyAIBORobotSurface2,rf_classifier,0.1964894170014304,0.7943336831059811,0.787325226579223,0.7963592485761424,4
SonyAIBORobotSurface2,rf_classifier,0.201443375000963,0.8016789087093389,0.7938251834622424,0.8032412088929011,5
StarLightCurves,rf_classifier,0.5907355419985834,0.9441476444876152,0.9159994027293196,0.9429058106570758,1
StarLightCurves,rf_classifier,0.6186864160008554,0.944754735308402,0.9171767168907896,0.9436164803043438,2
StarLightCurves,rf_classifier,0.5710745830001542,0.9445118989800876,0.9164176622673964,0.9432520846140868,3
StarLightCurves,rf_classifier,0.5769607499969425,0.9445118989800876,0.9164176622673964,0.9432520846140868,4
StarLightCurves,rf_classifier,0.5767074169998523,0.9442690626517728,0.91645243883388,0.9431684888327346,5
Strawberry,rf_classifier,0.3021029169976827,0.9567567567567568,0.9533490937746256,0.9569612165356846,1
Strawberry,rf_classifier,0.3001346670025668,0.9621621621621622,0.959050088540349,0.9622842042649784,2
Strawberry,rf_classifier,0.3046644579990243,0.9621621621621622,0.9591804570527976,0.962341064468724,3
Strawberry,rf_classifier,0.298304542000551,0.9594594594594594,0.9561953922288258,0.9596210469461246,4
Strawberry,rf_classifier,0.3002727080020122,0.9621621621621622,0.959050088540349,0.9622842042649784,5
SwedishLeaf,rf_classifier,0.2345148329986841,0.8928,0.8919476117571514,0.8918180467439477,1
SwedishLeaf,rf_classifier,0.2452901659999042,0.8864,0.8855636195599651,0.8856902218544468,2
SwedishLeaf,rf_classifier,0.2328629160001583,0.88,0.8786205294264153,0.8787549045526973,3
SwedishLeaf,rf_classifier,0.2425497920012276,0.8912,0.8901398555517339,0.8905596655544228,4
SwedishLeaf,rf_classifier,0.2416251249997003,0.88,0.8795752224534013,0.8797889034694294,5
Symbols,rf_classifier,0.2052682920002553,0.8582914572864322,0.8546889896652141,0.855716709314571,1
Symbols,rf_classifier,0.1909451669998816,0.8623115577889447,0.8587308904737055,0.8600077672849342,2
Symbols,rf_classifier,0.1985373749994323,0.8592964824120602,0.8556514302972312,0.8566404371157287,3
Symbols,rf_classifier,0.2061155830015195,0.8582914572864322,0.854967678793277,0.8558649457127279,4
Symbols,rf_classifier,0.2005525839995243,0.8613065326633166,0.8578750407736577,0.8588717182773064,5
SyntheticControl,rf_classifier,0.2192003329982981,0.9566666666666668,0.956417761279269,0.956417761279269,1
SyntheticControl,rf_classifier,0.2241228749990114,0.9566666666666668,0.9563933316128308,0.9563933316128308,2
SyntheticControl,rf_classifier,0.2120732080002199,0.9533333333333334,0.9531405839189137,0.9531405839189134,3
SyntheticControl,rf_classifier,0.2155549159979273,0.97,0.969903655637012,0.969903655637012,4
SyntheticControl,rf_classifier,0.2177508330023556,0.9566666666666668,0.9564723277157946,0.9564723277157944,5
ToeSegmentation1,rf_classifier,0.1980692079996515,0.6491228070175439,0.6488796488796489,0.6483933326038589,1
ToeSegmentation1,rf_classifier,0.1945395000002463,0.6710526315789473,0.6705392751864054,0.6698547999963496,2
ToeSegmentation1,rf_classifier,0.2020843749996856,0.6666666666666666,0.6654051131536263,0.6664864447362323,3
ToeSegmentation1,rf_classifier,0.1963897079986054,0.6491228070175439,0.6490958060792613,0.6489338004495656,4
ToeSegmentation1,rf_classifier,0.2009127919991442,0.6622807017543859,0.6608126122993103,0.6619870838633708,5
ToeSegmentation2,rf_classifier,0.1925238750009157,0.7538461538461538,0.6611274030628869,0.7729353084191793,1
ToeSegmentation2,rf_classifier,0.1894045000008191,0.7307692307692307,0.6481323950197201,0.7556914510746388,2
ToeSegmentation2,rf_classifier,0.2053564170018944,0.7923076923076923,0.7108493286102644,0.807654920250686,3
ToeSegmentation2,rf_classifier,0.2021474169996509,0.7769230769230769,0.713938842097276,0.7986061741581888,4
ToeSegmentation2,rf_classifier,0.197215791002236,0.7230769230769231,0.6415441176470589,0.7493778280542986,5
Trace,rf_classifier,0.2005437499974505,0.84,0.8278388278388278,0.8348717948717951,1
Trace,rf_classifier,0.2063649159972556,0.81,0.7918414918414918,0.79795337995338,2
Trace,rf_classifier,0.205589624998538,0.85,0.8377818683847216,0.8437873907040957,3
Trace,rf_classifier,0.1986329999999725,0.85,0.8392612859097128,0.8464432284541723,4
Trace,rf_classifier,0.1971144589988398,0.83,0.8161527841693511,0.8229590427979752,5
TwoLeadECG,rf_classifier,0.1938068750023376,0.7304653204565408,0.7257081582433926,0.7256764438286383,1
TwoLeadECG,rf_classifier,0.195628041998134,0.7295873573309921,0.7252567211122181,0.725226436942856,2
TwoLeadECG,rf_classifier,0.1933359169997857,0.7418788410886743,0.7385248461754692,0.7384988462149017,3
TwoLeadECG,rf_classifier,0.2015364170001703,0.7225636523266022,0.7169073462324996,0.7168722138965115,4
TwoLeadECG,rf_classifier,0.1947712500004854,0.7322212467076383,0.7278716262528543,0.7278414205552516,5
TwoPatterns,rf_classifier,0.3753463330031081,0.8475,0.8469982168908518,0.8469602748665873,1
TwoPatterns,rf_classifier,0.3749454999997397,0.84525,0.8446747957218042,0.8444240747551762,2
TwoPatterns,rf_classifier,0.3830006249991129,0.85675,0.8564113896960611,0.8563621871216706,3
TwoPatterns,rf_classifier,0.3614226250028878,0.85675,0.8563291149695565,0.8562808868187969,4
TwoPatterns,rf_classifier,0.3642603749976842,0.8495,0.8491383332827196,0.8490872618414669,5
UMD,rf_classifier,0.1918174579986953,0.9375,0.9378027505267688,0.937802750526769,1
UMD,rf_classifier,0.1970875000006344,0.9444444444444444,0.9447349556687418,0.9447349556687418,2
UMD,rf_classifier,0.2020265829996788,0.9305555555555556,0.9308998302207132,0.9308998302207132,3
UMD,rf_classifier,0.1913574169993808,0.9166666666666666,0.9180602006688964,0.9180602006688964,4
UMD,rf_classifier,0.1946019160022842,0.9236111111111112,0.9243461065392744,0.9243461065392744,5
UWaveGestureLibraryAll,rf_classifier,0.4671067079980275,0.9352317141261864,0.9348700715363352,0.9349719790926811,1
UWaveGestureLibraryAll,rf_classifier,0.465869791998557,0.932719151312116,0.9322750831664754,0.9323752754138622,2
UWaveGestureLibraryAll,rf_classifier,0.4715124590002233,0.9346733668341708,0.934286616786596,0.9344181572910364,3
UWaveGestureLibraryAll,rf_classifier,0.4742397919981158,0.9335566722501396,0.9331132294295552,0.9332446533315044,4
UWaveGestureLibraryAll,rf_classifier,0.4893805829997291,0.932998324958124,0.9325826248485768,0.9326822237747604,5
UWaveGestureLibraryX,rf_classifier,0.4022808749978139,0.7593523171412618,0.7458960399365225,0.7477195009747236,1
UWaveGestureLibraryX,rf_classifier,0.3956974159991659,0.7568397543271915,0.7423528877345955,0.7441531270479717,2
UWaveGestureLibraryX,rf_classifier,0.3954872079993947,0.7579564489112228,0.7439949908809909,0.7457409325112124,3
UWaveGestureLibraryX,rf_classifier,0.3973627919986029,0.7579564489112228,0.7436115058562156,0.7454166804209575,4
UWaveGestureLibraryX,rf_classifier,0.3816502500012575,0.757677275265215,0.7427255839563194,0.7445378326530251,5
UWaveGestureLibraryY,rf_classifier,0.3907309159985743,0.6923506420993858,0.6897599303973097,0.6893980277658253,1
UWaveGestureLibraryY,rf_classifier,0.3955763750018377,0.6915131211613623,0.6883454950661444,0.6879398098406867,2
UWaveGestureLibraryY,rf_classifier,0.3962470410006062,0.6917922948073701,0.6890883840783102,0.6888307761179734,3
UWaveGestureLibraryY,rf_classifier,0.3879324579975218,0.6929089893914014,0.6899764162509993,0.6896520399240917,4
UWaveGestureLibraryY,rf_classifier,0.3875269170021056,0.6903964265773311,0.6874186643401163,0.687101127900281,5
UWaveGestureLibraryZ,rf_classifier,0.3837711659944034,0.7160804020100503,0.7024422066695282,0.701592694583892,1
UWaveGestureLibraryZ,rf_classifier,0.3803626660010195,0.7113344500279174,0.6977196048771145,0.6968107448297192,2
UWaveGestureLibraryZ,rf_classifier,0.3863596660012263,0.7116136236739252,0.6965748795945816,0.6956953894275769,3
UWaveGestureLibraryZ,rf_classifier,0.3878509999995003,0.7138470128419877,0.6993826087890274,0.6984834851647556,4
UWaveGestureLibraryZ,rf_classifier,0.3806183749984484,0.7093802345058626,0.6947878596780128,0.6938540636868497,5
Wafer,rf_classifier,0.2945800840025185,0.9886437378325762,0.9695303401489672,0.9884558142174978,1
Wafer,rf_classifier,0.2964846250033588,0.9888059701492538,0.9700275999268512,0.988632773457307,2
Wafer,rf_classifier,0.2861935419932706,0.9884815055158988,0.969073733427827,0.988286752119971,3
Wafer,rf_classifier,0.2872855000023264,0.988157040882544,0.9681586133727568,0.9879482548430352,4
Wafer,rf_classifier,0.3008616250008344,0.9884815055158988,0.9691163514101422,0.9882950350707091,5
Wine,rf_classifier,0.2011907079941011,0.7407407407407407,0.7393103448275862,0.7393103448275861,1
Wine,rf_classifier,0.2014922090020263,0.7222222222222222,0.7213622291021672,0.7213622291021672,2
Wine,rf_classifier,0.1926431250030873,0.7592592592592593,0.7571774472500865,0.7571774472500865,3
Wine,rf_classifier,0.195444334000058,0.7777777777777778,0.7777777777777778,0.7777777777777778,4
Wine,rf_classifier,0.2021978749980917,0.7777777777777778,0.7774725274725275,0.7774725274725275,5
WordSynonyms,rf_classifier,0.257554000003438,0.5815047021943573,0.4236239717776672,0.5385713005170821,1
WordSynonyms,rf_classifier,0.2529901250018156,0.5579937304075235,0.3872851269237094,0.5127366601923704,2
WordSynonyms,rf_classifier,0.2436863330003689,0.5752351097178683,0.3992684098710775,0.5269910098383229,3
WordSynonyms,rf_classifier,0.2614601669993135,0.5752351097178683,0.40398329356358,0.5310187809121097,4
WordSynonyms,rf_classifier,0.2532338329983759,0.5799373040752351,0.4187187994574967,0.5375826515777407,5
Worms,rf_classifier,0.2107432080010767,0.5454545454545454,0.4504347826086956,0.4907585168454734,1
Worms,rf_classifier,0.2118593749983119,0.5454545454545454,0.465079365079365,0.4972170686456401,2
Worms,rf_classifier,0.2152395419980166,0.5454545454545454,0.4504347826086956,0.4907585168454734,3
Worms,rf_classifier,0.2126929169971845,0.5584415584415584,0.4752014652014652,0.513526949241235,4
Worms,rf_classifier,0.2126247499982128,0.5584415584415584,0.4691555812608444,0.5117532843096754,5
WormsTwoClass,rf_classifier,0.2125919579993933,0.6103896103896104,0.5904255319148937,0.6033434650455927,1
WormsTwoClass,rf_classifier,0.2157999999981257,0.6233766233766234,0.6063811034725894,0.6180655234066128,2
WormsTwoClass,rf_classifier,0.2148383750027278,0.6233766233766234,0.6063811034725894,0.6180655234066128,3
WormsTwoClass,rf_classifier,0.2152419579942943,0.5844155844155844,0.5722222222222222,0.5825396825396825,4
WormsTwoClass,rf_classifier,0.2121074579990818,0.6103896103896104,0.5904255319148937,0.6033434650455927,5
Yoga,rf_classifier,0.2243019160014228,0.8093333333333333,0.8069980092452003,0.8085124315326563,1
Yoga,rf_classifier,0.2414819170007831,0.812,0.8097255009212345,0.8112094728811607,2
Yoga,rf_classifier,0.2274879579999833,0.809,0.8067879148369684,0.8082626382789895,3
Yoga,rf_classifier,0.244458624998515,0.8093333333333333,0.8069980092452003,0.8085124315326563,4
Yoga,rf_classifier,0.2400782920012716,0.8116666666666666,0.8092307339079372,0.8107684613721499,5
ACSF1,cpu_optimised_hydra,0.8947741250012768,0.86,0.8603094992382918,0.8603094992382917,1
ACSF1,cpu_optimised_hydra,0.8860070410009939,0.88,0.8783698764853698,0.8783698764853699,2
ACSF1,cpu_optimised_hydra,0.8858624999993481,0.88,0.8788858509911142,0.878885850991114,3
ACSF1,cpu_optimised_hydra,0.8835224170034053,0.88,0.877623402457162,0.8776234024571621,4
ACSF1,cpu_optimised_hydra,0.8877129579996108,0.88,0.876052456763858,0.8760524567638579,5
Adiac,cpu_optimised_hydra,1.106007457994565,0.8158567774936062,0.8059557727514385,0.8092681952707844,1
Adiac,cpu_optimised_hydra,1.095917708997149,0.8260869565217391,0.8132508262879148,0.8187361638640016,2
Adiac,cpu_optimised_hydra,1.084396458005358,0.8184143222506394,0.8066795279634218,0.8101017037395858,3
Adiac,cpu_optimised_hydra,1.0936059580053552,0.8107416879795396,0.7974746874039749,0.8022945600872171,4
Adiac,cpu_optimised_hydra,1.0849702499981504,0.8107416879795396,0.8038739862718342,0.8072507767947024,5
AllGestureWiimoteX,cpu_optimised_hydra,1.475039166994975,0.6828571428571428,0.684863478997436,0.684863478997436,1
AllGestureWiimoteX,cpu_optimised_hydra,1.472285916999681,0.6857142857142857,0.6915478783046114,0.6915478783046113,2
AllGestureWiimoteX,cpu_optimised_hydra,1.4682364580003195,0.6928571428571428,0.6932784298689453,0.6932784298689453,3
AllGestureWiimoteX,cpu_optimised_hydra,1.462941415993555,0.6842857142857143,0.6876076728794012,0.6876076728794014,4
AllGestureWiimoteX,cpu_optimised_hydra,1.4654914170023403,0.6757142857142857,0.6799438700113712,0.6799438700113712,5
AllGestureWiimoteY,cpu_optimised_hydra,1.4589908339985411,0.7257142857142858,0.7248412126884344,0.7248412126884344,1
AllGestureWiimoteY,cpu_optimised_hydra,1.4542132079950534,0.7228571428571429,0.7209609069578382,0.7209609069578381,2
AllGestureWiimoteY,cpu_optimised_hydra,1.4606330829992658,0.73,0.7274518027534095,0.7274518027534094,3
AllGestureWiimoteY,cpu_optimised_hydra,1.449732542001584,0.7142857142857143,0.7125639097693945,0.7125639097693947,4
AllGestureWiimoteY,cpu_optimised_hydra,1.4564876670046942,0.7271428571428571,0.7236045949914862,0.7236045949914862,5
AllGestureWiimoteZ,cpu_optimised_hydra,1.451396707998356,0.6942857142857143,0.6883101516844291,0.688310151684429,1
AllGestureWiimoteZ,cpu_optimised_hydra,1.4496859579958254,0.6871428571428572,0.6827668700454289,0.682766870045429,2
AllGestureWiimoteZ,cpu_optimised_hydra,1.4444763749997946,0.6857142857142857,0.6801291456348018,0.6801291456348016,3
AllGestureWiimoteZ,cpu_optimised_hydra,1.443902708000678,0.6757142857142857,0.6684771163755198,0.6684771163755198,4
AllGestureWiimoteZ,cpu_optimised_hydra,1.44702120799775,0.6857142857142857,0.6809585636078382,0.6809585636078382,5
ArrowHead,cpu_optimised_hydra,0.4380777500045951,0.8171428571428572,0.8171497584541063,0.8171055900621119,1
ArrowHead,cpu_optimised_hydra,0.4382142920003389,0.8228571428571428,0.8227305933078952,0.8230703133247036,2
ArrowHead,cpu_optimised_hydra,0.4392164590026368,0.8057142857142857,0.8060610644681442,0.8055069100024853,3
ArrowHead,cpu_optimised_hydra,0.439668500002881,0.8228571428571428,0.8227323927921252,0.8228052630981896,4
ArrowHead,cpu_optimised_hydra,0.442924667004263,0.8228571428571428,0.8229380923573301,0.8223647048656122,5
Beef,cpu_optimised_hydra,0.0856361659971298,0.8333333333333334,0.8351515151515152,0.8351515151515152,1
Beef,cpu_optimised_hydra,0.0858887920039706,0.8333333333333334,0.8351515151515152,0.8351515151515152,2
Beef,cpu_optimised_hydra,0.0907883750041946,0.8333333333333334,0.8351515151515152,0.8351515151515152,3
Beef,cpu_optimised_hydra,0.0857269999978598,0.8,0.7956643356643357,0.7956643356643357,4
Beef,cpu_optimised_hydra,0.0907291670009726,0.8333333333333334,0.8351515151515152,0.8351515151515152,5
BeetleFly,cpu_optimised_hydra,0.0590089160032221,0.95,0.949874686716792,0.949874686716792,1
BeetleFly,cpu_optimised_hydra,0.0586994590048561,0.95,0.949874686716792,0.949874686716792,2
BeetleFly,cpu_optimised_hydra,0.0618936659957398,0.95,0.949874686716792,0.949874686716792,3
BeetleFly,cpu_optimised_hydra,0.05871583300177,0.95,0.949874686716792,0.949874686716792,4
BeetleFly,cpu_optimised_hydra,0.0584126670000841,0.95,0.949874686716792,0.949874686716792,5
BirdChicken,cpu_optimised_hydra,0.064024999999674,0.9,0.898989898989899,0.898989898989899,1
BirdChicken,cpu_optimised_hydra,0.0608210409991443,0.9,0.898989898989899,0.898989898989899,2
BirdChicken,cpu_optimised_hydra,0.0601748749977559,0.9,0.898989898989899,0.898989898989899,3
BirdChicken,cpu_optimised_hydra,0.0634793749995878,0.9,0.898989898989899,0.898989898989899,4
BirdChicken,cpu_optimised_hydra,0.0606508339988067,0.9,0.898989898989899,0.898989898989899,5
BME,cpu_optimised_hydra,0.18449316600163,1.0,1.0,1.0,1
BME,cpu_optimised_hydra,0.1749794170027598,1.0,1.0,1.0,2
BME,cpu_optimised_hydra,0.1870524999976623,1.0,1.0,1.0,3
BME,cpu_optimised_hydra,0.1858251660014502,1.0,1.0,1.0,4
BME,cpu_optimised_hydra,0.1794415409967769,1.0,1.0,1.0,5
Car,cpu_optimised_hydra,0.2008015419996809,0.9333333333333332,0.9333333333333332,0.9322222222222224,1
Car,cpu_optimised_hydra,0.1977158750014496,0.9333333333333332,0.9350635208711434,0.9326206896551724,2
Car,cpu_optimised_hydra,0.2018303750010091,0.9166666666666666,0.917661361626879,0.915244621279104,3
Car,cpu_optimised_hydra,0.1986728749980102,0.9166666666666666,0.917661361626879,0.915244621279104,4
Car,cpu_optimised_hydra,0.1971245000022463,0.9333333333333332,0.9333333333333332,0.9322222222222224,5
CBF,cpu_optimised_hydra,0.8817407080059638,0.9911111111111112,0.9911184692175592,0.991103753004663,1
CBF,cpu_optimised_hydra,0.8936245410004631,0.9933333333333332,0.9933443613868124,0.993329657315507,2
CBF,cpu_optimised_hydra,0.8826014160003979,0.9933333333333332,0.9933331856741012,0.993325901151988,3
CBF,cpu_optimised_hydra,0.8900030839940882,0.9933333333333332,0.9933331856741012,0.993325901151988,4
CBF,cpu_optimised_hydra,0.8773730829998385,0.9911111111111112,0.9911255945895548,0.9911036052427596,5
Chinatown,cpu_optimised_hydra,0.0799175419961102,0.979591836734694,0.9749229724789806,0.979812661395437,1
Chinatown,cpu_optimised_hydra,0.0688553330037393,0.9825072886297376,0.9784385214986172,0.9826711316014606,2
Chinatown,cpu_optimised_hydra,0.0722177080024266,0.979591836734694,0.9749229724789806,0.979812661395437,3
Chinatown,cpu_optimised_hydra,0.0705219999945256,0.979591836734694,0.9749229724789806,0.979812661395437,4
Chinatown,cpu_optimised_hydra,0.0703492079992429,0.979591836734694,0.9749229724789806,0.979812661395437,5
ChlorineConcentration,cpu_optimised_hydra,5.900431207999645,0.7640625,0.7276873255449338,0.7576035645177619,1
ChlorineConcentration,cpu_optimised_hydra,5.873371250003402,0.76484375,0.7253973859065374,0.7575855610081011,2
ChlorineConcentration,cpu_optimised_hydra,5.878949624995585,0.7755208333333333,0.7358160467453104,0.7681475846595995,3
ChlorineConcentration,cpu_optimised_hydra,5.881874459002574,0.7669270833333334,0.7307254572196871,0.7602279522727663,4
ChlorineConcentration,cpu_optimised_hydra,5.89210533300502,0.7643229166666666,0.7237290615170799,0.7562458568776973,5
CinCECGTorso,cpu_optimised_hydra,7.405945750004321,0.9963768115942028,0.996360935669113,0.9963810015732354,1
CinCECGTorso,cpu_optimised_hydra,7.399461083005008,0.9920289855072464,0.9920047631076184,0.9920430664029436,2
CinCECGTorso,cpu_optimised_hydra,7.41803220899601,0.9963768115942028,0.9963566561253718,0.9963799235862536,3
CinCECGTorso,cpu_optimised_hydra,7.384994957996241,0.9963768115942028,0.9963566561253718,0.9963799235862536,4
CinCECGTorso,cpu_optimised_hydra,7.412802165999892,0.9978260869565218,0.9978144580887174,0.9978271432729772,5
Coffee,cpu_optimised_hydra,0.1488782500018715,1.0,1.0,1.0,1
Coffee,cpu_optimised_hydra,0.1519052920048125,1.0,1.0,1.0,2
Coffee,cpu_optimised_hydra,0.1505222499981755,1.0,1.0,1.0,3
Coffee,cpu_optimised_hydra,0.1507720840018009,1.0,1.0,1.0,4
Coffee,cpu_optimised_hydra,0.1526032500041765,1.0,1.0,1.0,5
Computers,cpu_optimised_hydra,1.03377349999937,0.708,0.707957945944216,0.7079579459442159,1
Computers,cpu_optimised_hydra,1.020344832999399,0.684,0.6838735494197679,0.6838735494197679,2
Computers,cpu_optimised_hydra,1.022613665998506,0.704,0.7036965853033507,0.7036965853033508,3
Computers,cpu_optimised_hydra,1.021335084005841,0.728,0.7277211864949709,0.7277211864949709,4
Computers,cpu_optimised_hydra,1.019885792004061,0.728,0.7273718647764449,0.7273718647764449,5
CricketX,cpu_optimised_hydra,2.3795268340036273,0.782051282051282,0.7837628626505725,0.7767472282869358,1
CricketX,cpu_optimised_hydra,2.3840205410015187,0.7897435897435897,0.7916446522670354,0.7852966450492693,2
CricketX,cpu_optimised_hydra,2.383804582997982,0.7948717948717948,0.7933867819880239,0.7894094290277504,3
CricketX,cpu_optimised_hydra,2.3888929579989053,0.8102564102564103,0.8108770811201076,0.8059021315557733,4
CricketX,cpu_optimised_hydra,2.3797312079987023,0.7974358974358975,0.7994002560870572,0.7932968889736949,5
CricketY,cpu_optimised_hydra,2.388423167001747,0.8358974358974359,0.837640408714865,0.8358576618750576,1
CricketY,cpu_optimised_hydra,2.386539792001713,0.8153846153846154,0.8170640390844254,0.8150226859099788,2
CricketY,cpu_optimised_hydra,2.393539625001722,0.823076923076923,0.8267742107874958,0.8233554268029697,3
CricketY,cpu_optimised_hydra,2.384020707999298,0.8333333333333334,0.8368162319502348,0.8338557390220255,4
CricketY,cpu_optimised_hydra,2.3767445830017095,0.8358974358974359,0.8371097056777029,0.835549102480573,5
CricketZ,cpu_optimised_hydra,2.3825779170001624,0.823076923076923,0.8094541588576099,0.8196168088421715,1
CricketZ,cpu_optimised_hydra,2.3853582919982728,0.8153846153846154,0.8054531509132606,0.8151105337277413,2
CricketZ,cpu_optimised_hydra,2.38174391699431,0.8333333333333334,0.8209862936143438,0.8296389813047174,3
CricketZ,cpu_optimised_hydra,2.376019166993501,0.8153846153846154,0.8032521739760035,0.8132801526881532,4
CricketZ,cpu_optimised_hydra,2.3833766669995384,0.8282051282051283,0.8177369871206315,0.8270837854177167,5
Crop,cpu_optimised_hydra,12.03947329199582,0.7333333333333333,0.7266278134980647,0.7266278134980647,1
Crop,cpu_optimised_hydra,12.78266050000093,0.7355952380952381,0.728682650163902,0.728682650163902,2
Crop,cpu_optimised_hydra,12.841607417001796,0.7382142857142857,0.730287461780781,0.730287461780781,3
Crop,cpu_optimised_hydra,13.63308054099616,0.7353571428571428,0.7276940981374179,0.7276940981374179,4
Crop,cpu_optimised_hydra,13.552679167005408,0.7331547619047619,0.725742681946739,0.725742681946739,5
DiatomSizeReduction,cpu_optimised_hydra,1.1930480419978269,0.9509803921568628,0.9434343434343436,0.950891265597148,1
DiatomSizeReduction,cpu_optimised_hydra,1.183372874998895,0.9477124183006536,0.9373580046383968,0.9471107110296144,2
DiatomSizeReduction,cpu_optimised_hydra,1.185579625001992,0.9509803921568628,0.9433091679053202,0.9507066236203656,3
DiatomSizeReduction,cpu_optimised_hydra,1.1918407089979155,0.9411764705882352,0.9214855993472436,0.9396150204779902,4
DiatomSizeReduction,cpu_optimised_hydra,1.1854246250004508,0.9477124183006536,0.9373580046383968,0.9471107110296144,5
DistalPhalanxOutlineAgeGroup,cpu_optimised_hydra,0.4173072920020786,0.7697841726618705,0.780621693121693,0.7706477675002855,1
DistalPhalanxOutlineAgeGroup,cpu_optimised_hydra,0.41009783300251,0.7410071942446043,0.7493846438127963,0.741290472972576,2
DistalPhalanxOutlineAgeGroup,cpu_optimised_hydra,0.4186720840007183,0.762589928057554,0.769036519036519,0.7630804447351209,3
DistalPhalanxOutlineAgeGroup,cpu_optimised_hydra,0.4133972499985248,0.7553956834532374,0.7638281857031858,0.7564482504905167,4
DistalPhalanxOutlineAgeGroup,cpu_optimised_hydra,0.4152289580015349,0.762589928057554,0.7635406162464986,0.7643102593555408,5
DistalPhalanxOutlineCorrect,cpu_optimised_hydra,0.6768614169995999,0.782608695652174,0.7667342799188641,0.7768762677484787,1
DistalPhalanxOutlineCorrect,cpu_optimised_hydra,0.6769335830031196,0.7717391304347826,0.7565217391304349,0.7666666666666667,2
DistalPhalanxOutlineCorrect,cpu_optimised_hydra,0.672155375003058,0.75,0.7300676106646256,0.7422928094569886,3
DistalPhalanxOutlineCorrect,cpu_optimised_hydra,0.6730030420003459,0.782608695652174,0.7676637297266962,0.7774847073348674,4
DistalPhalanxOutlineCorrect,cpu_optimised_hydra,0.6704097500041826,0.7753623188405797,0.7569318181818181,0.7680871212121211,5
DistalPhalanxTW,cpu_optimised_hydra,0.4096545829961542,0.7122302158273381,0.4998173281780163,0.6581050235957371,1
DistalPhalanxTW,cpu_optimised_hydra,0.4112160000004223,0.7266187050359713,0.5206742782454926,0.6731788592640446,2
DistalPhalanxTW,cpu_optimised_hydra,0.4123260839987779,0.7050359712230215,0.5007668961763122,0.6616778838563107,3
DistalPhalanxTW,cpu_optimised_hydra,0.4155698329996085,0.6906474820143885,0.4784425968833765,0.6339063953961541,4
DistalPhalanxTW,cpu_optimised_hydra,0.4106417079965467,0.697841726618705,0.4882209071956303,0.6479596226097455,5
DodgerLoopDay,cpu_optimised_hydra,0.4630939590060734,0.5844155844155844,0.5818910595394644,0.5869893668049544,1
DodgerLoopDay,cpu_optimised_hydra,0.4645980420027626,0.5454545454545454,0.5437087542873748,0.5501855523431202,2
DodgerLoopDay,cpu_optimised_hydra,0.4695890419970965,0.4805194805194805,0.4749827467218771,0.4800332517723821,3
DodgerLoopDay,cpu_optimised_hydra,0.4642421249955077,0.4805194805194805,0.4712747588033629,0.47575098433222,4
DodgerLoopDay,cpu_optimised_hydra,0.4703979580008308,0.5194805194805194,0.515490410210907,0.522973403408186,5
DodgerLoopGame,cpu_optimised_hydra,0.4740296669988311,0.8031496062992126,0.8007280487039478,0.8012469539029331,1
DodgerLoopGame,cpu_optimised_hydra,0.4650864579962217,0.8267716535433071,0.8254622688655672,0.825819373777678,2
DodgerLoopGame,cpu_optimised_hydra,0.4666543749990524,0.8346456692913385,0.8331560838285894,0.8335284801942766,3
DodgerLoopGame,cpu_optimised_hydra,0.4662678329987102,0.8267716535433071,0.8254622688655672,0.825819373777678,4
DodgerLoopGame,cpu_optimised_hydra,0.4655256249970989,0.8267716535433071,0.8254622688655672,0.825819373777678,5
DodgerLoopWeekend,cpu_optimised_hydra,0.4694170840011793,0.9761904761904762,0.9705859466189402,0.9764961778034692,1
DodgerLoopWeekend,cpu_optimised_hydra,0.4596731249985168,0.9761904761904762,0.9705859466189402,0.9764961778034692,2
DodgerLoopWeekend,cpu_optimised_hydra,0.464564292000432,0.9761904761904762,0.9705859466189402,0.9764961778034692,3
DodgerLoopWeekend,cpu_optimised_hydra,0.4635602500056848,0.9761904761904762,0.9705859466189402,0.9764961778034692,4
DodgerLoopWeekend,cpu_optimised_hydra,0.4641330840022419,0.9761904761904762,0.9705859466189402,0.9764961778034692,5
Earthquakes,cpu_optimised_hydra,0.8598527499998454,0.7266187050359713,0.4208333333333333,0.629736211031175,1
Earthquakes,cpu_optimised_hydra,0.941591792005056,0.7553956834532374,0.4575298438934803,0.6570710373849681,2
Earthquakes,cpu_optimised_hydra,0.93760891599959,0.7194244604316546,0.4421117628897808,0.637362539730488,3
Earthquakes,cpu_optimised_hydra,0.9391906669989112,0.7338129496402878,0.4232365145228215,0.6333323382787546,4
Earthquakes,cpu_optimised_hydra,0.9414551250010844,0.7122302158273381,0.4159663865546218,0.622453297865909,5
ECG200,cpu_optimised_hydra,0.1971721659938339,0.87,0.8580631073261273,0.8695883830112459,1
ECG200,cpu_optimised_hydra,0.1938500840042252,0.91,0.9004314636574842,0.9090740126120146,2
ECG200,cpu_optimised_hydra,0.2026534590040682,0.88,0.8663101604278074,0.8782887700534759,3
ECG200,cpu_optimised_hydra,0.1976365000009536,0.89,0.8783051222480363,0.8888682376369067,4
ECG200,cpu_optimised_hydra,0.1959369579999474,0.89,0.879899552352877,0.8896517087018233,5
ECG5000,cpu_optimised_hydra,6.786014042001625,0.948,0.5733063041447917,0.9373126246678748,1
ECG5000,cpu_optimised_hydra,6.769802625000011,0.948,0.5879526874892194,0.938024124463282,2
ECG5000,cpu_optimised_hydra,6.766578167000262,0.9491111111111112,0.5918427070336799,0.9389144785459124,3
ECG5000,cpu_optimised_hydra,6.776236334000714,0.948,0.5777904371593983,0.937669012984924,4
ECG5000,cpu_optimised_hydra,6.786416625000129,0.9486666666666668,0.5933564090139456,0.9386545019193004,5
ECGFiveDays,cpu_optimised_hydra,1.1563252920022933,1.0,1.0,1.0,1
ECGFiveDays,cpu_optimised_hydra,1.1566610420049983,1.0,1.0,1.0,2
ECGFiveDays,cpu_optimised_hydra,1.158718457998475,1.0,1.0,1.0,3
ECGFiveDays,cpu_optimised_hydra,1.1589592500022263,1.0,1.0,1.0,4
ECGFiveDays,cpu_optimised_hydra,1.1594034580048174,1.0,1.0,1.0,5
ElectricDevices,cpu_optimised_hydra,22.631987125001615,0.7456879782129425,0.6661784645868213,0.73031516789758,1
ElectricDevices,cpu_optimised_hydra,22.72025954099809,0.7427052263000907,0.6689528834031764,0.7293219777168263,2
ElectricDevices,cpu_optimised_hydra,22.553075416995853,0.7472441966022565,0.6604097182015563,0.7302534685976704,3
ElectricDevices,cpu_optimised_hydra,22.902792417000455,0.7477629360653612,0.6688287955380344,0.7337846740620456,4
ElectricDevices,cpu_optimised_hydra,22.80193524999777,0.7393334197899105,0.6666913960914228,0.7262897438969614,5
EOGHorizontalSignal,cpu_optimised_hydra,3.4955609169992385,0.5911602209944752,0.6033546689894098,0.6023399443314373,1
EOGHorizontalSignal,cpu_optimised_hydra,3.495456042001024,0.56353591160221,0.5737365895771925,0.572726345360492,2
EOGHorizontalSignal,cpu_optimised_hydra,3.4771662909988663,0.5662983425414365,0.5678694294694031,0.56636220363396,3
EOGHorizontalSignal,cpu_optimised_hydra,3.4989501669988385,0.585635359116022,0.5953072163758025,0.5943162778849136,4
EOGHorizontalSignal,cpu_optimised_hydra,3.487700792000396,0.5718232044198895,0.5798755096530801,0.578562455691811,5
EOGVerticalSignal,cpu_optimised_hydra,3.493624958995497,0.4696132596685083,0.4410962702863389,0.4396681125299437,1
EOGVerticalSignal,cpu_optimised_hydra,3.511270666997006,0.4861878453038674,0.4727404102838832,0.4722493222619452,2
EOGVerticalSignal,cpu_optimised_hydra,3.51853641699563,0.4861878453038674,0.4686620153239868,0.4674422449465531,3
EOGVerticalSignal,cpu_optimised_hydra,3.514623000002757,0.494475138121547,0.4694020974383772,0.4682062264403072,4
EOGVerticalSignal,cpu_optimised_hydra,3.509108375001233,0.4806629834254143,0.4577838339038552,0.4566313279485083,5
EthanolLevel,cpu_optimised_hydra,6.165837166998244,0.588,0.5623883954248312,0.5625276811185754,1
EthanolLevel,cpu_optimised_hydra,6.130865208004252,0.578,0.5598224635740919,0.5597188173690635,2
EthanolLevel,cpu_optimised_hydra,6.161793125000258,0.564,0.5463707645712312,0.546350241326099,3
EthanolLevel,cpu_optimised_hydra,6.171573917003116,0.572,0.553076207868439,0.5530073102900173,4
EthanolLevel,cpu_optimised_hydra,6.152592124999501,0.604,0.5889361183478831,0.5889684346154934,5
FaceAll,cpu_optimised_hydra,2.753395542000362,0.8644970414201183,0.8911328063170245,0.8655946205166207,1
FaceAll,cpu_optimised_hydra,2.7370036670035915,0.893491124260355,0.9100120956242048,0.8947947320468537,2
FaceAll,cpu_optimised_hydra,2.7351279159993283,0.9183431952662722,0.919166375541586,0.9186588300331392,3
FaceAll,cpu_optimised_hydra,2.7903286250002566,0.9,0.9190042843267616,0.9023985652583606,4
FaceAll,cpu_optimised_hydra,2.7533273750013905,0.8958579881656805,0.9097441983749393,0.8970175475194005,5
FaceFour,cpu_optimised_hydra,0.3913130420041852,0.8863636363636364,0.8984848484848486,0.8841597796143251,1
FaceFour,cpu_optimised_hydra,0.3938387909947778,0.875,0.8899099774943736,0.8730648571233718,2
FaceFour,cpu_optimised_hydra,0.3958857500037993,0.875,0.8880618999757391,0.8718417495581048,3
FaceFour,cpu_optimised_hydra,0.392624624997552,0.8409090909090909,0.8575581395348837,0.8348308668076111,4
FaceFour,cpu_optimised_hydra,0.3995093329940573,0.8636363636363636,0.8774263371037565,0.8592724479821254,5
FacesUCR,cpu_optimised_hydra,2.7260613329999615,0.953170731707317,0.9400680256622146,0.9524917181620814,1
FacesUCR,cpu_optimised_hydra,2.7350159169945982,0.9556097560975608,0.942928646758402,0.9551060893185384,2
FacesUCR,cpu_optimised_hydra,2.7010266249999404,0.9604878048780487,0.9456129756364032,0.9598734904477082,3
FacesUCR,cpu_optimised_hydra,2.701464792000479,0.9560975609756096,0.94178297683415,0.955659434247766,4
FacesUCR,cpu_optimised_hydra,2.719433124999341,0.9536585365853658,0.9413097704055368,0.9531861785023188,5
FiftyWords,cpu_optimised_hydra,2.5362039169995114,0.8219780219780219,0.6962382061092613,0.7954899760832219,1
FiftyWords,cpu_optimised_hydra,2.5394986660030554,0.8285714285714286,0.7052755929299566,0.8067890913085888,2
FiftyWords,cpu_optimised_hydra,2.5533107919982285,0.8307692307692308,0.7109809821097092,0.8121149300546775,3
FiftyWords,cpu_optimised_hydra,2.547723167001095,0.8417582417582418,0.7281975759079371,0.8198350310725828,4
FiftyWords,cpu_optimised_hydra,2.5565438749981695,0.8373626373626374,0.7130341318095061,0.8172748401102066,5
Fish,cpu_optimised_hydra,0.4873274579949793,0.9885714285714284,0.9888685782302804,0.9886784704657048,1
Fish,cpu_optimised_hydra,0.4844080000038957,0.9885714285714284,0.9888685782302804,0.9886784704657048,2
Fish,cpu_optimised_hydra,0.4845320419990457,0.9828571428571428,0.983583227661911,0.9830698875741029,3
Fish,cpu_optimised_hydra,0.4831239589984761,0.9828571428571428,0.982522308609265,0.982840019883498,4
Fish,cpu_optimised_hydra,0.4821420000007492,0.9828571428571428,0.983583227661911,0.9830698875741029,5
FordA,cpu_optimised_hydra,10.83006637499784,0.9598484848484848,0.9598097108148989,0.9598494305566212,1
FordA,cpu_optimised_hydra,10.832832750005764,0.9575757575757576,0.9575327638863036,0.9575757575757576,2
FordA,cpu_optimised_hydra,11.40472908400261,0.9643939393939394,0.9643525102348632,0.9643911774500012,3
FordA,cpu_optimised_hydra,11.35692608300451,0.9651515151515152,0.9651161989066066,0.9651515151515152,4
FordA,cpu_optimised_hydra,10.786176292000164,0.962878787878788,0.9628463552033196,0.962881282699978,5
FordB,cpu_optimised_hydra,10.19664579199889,0.8135802469135802,0.813429819195785,0.8134821418802355,1
FordB,cpu_optimised_hydra,10.120968167000685,0.817283950617284,0.8172560975609755,0.8172783800060223,2
FordB,cpu_optimised_hydra,10.126971792000404,0.8197530864197531,0.8197256097560975,0.8197475910870219,3
FordB,cpu_optimised_hydra,10.137709125003312,0.8358024691358025,0.8356459056409474,0.8356960059593012,4
FordB,cpu_optimised_hydra,10.17291275000025,0.825925925925926,0.8259044326460057,0.8259235377837125,5
FreezerRegularTrain,cpu_optimised_hydra,9.823026749996645,0.9978947368421052,0.9978947275112576,0.9978947275112576,1
FreezerRegularTrain,cpu_optimised_hydra,9.879578291998769,0.9975438596491228,0.9975438448320588,0.9975438448320586,2
FreezerRegularTrain,cpu_optimised_hydra,9.864214665998588,0.9982456140350876,0.998245608635299,0.998245608635299,3
FreezerRegularTrain,cpu_optimised_hydra,9.870195249997778,0.9975438596491228,0.9975438448320588,0.9975438448320586,4
FreezerRegularTrain,cpu_optimised_hydra,9.861200542000006,0.9975438596491228,0.9975438448320588,0.9975438448320586,5
FreezerSmallTrain,cpu_optimised_hydra,9.521970333000354,0.9252631578947368,0.9252491602305584,0.9252491602305584,1
FreezerSmallTrain,cpu_optimised_hydra,9.479979042000195,0.9157894736842104,0.9157884369151974,0.9157884369151974,2
FreezerSmallTrain,cpu_optimised_hydra,9.489583458002016,0.9319298245614036,0.9319264722177762,0.931926472217776,3
FreezerSmallTrain,cpu_optimised_hydra,9.485198165995826,0.9017543859649124,0.901750466869962,0.9017504668699616,4
FreezerSmallTrain,cpu_optimised_hydra,9.499408707997643,0.9228070175438596,0.9228066754127812,0.9228066754127812,5
Fungi,cpu_optimised_hydra,0.3790743330027908,1.0,1.0,1.0,1
Fungi,cpu_optimised_hydra,0.3900149589971988,1.0,1.0,1.0,2
Fungi,cpu_optimised_hydra,0.3832382499967934,1.0,1.0,1.0,3
Fungi,cpu_optimised_hydra,0.388500875000318,1.0,1.0,1.0,4
Fungi,cpu_optimised_hydra,0.3938392080017365,1.0,1.0,1.0,5
GestureMidAirD1,cpu_optimised_hydra,1.3071257080009673,0.7846153846153846,0.7671273171273172,0.7671273171273171,1
GestureMidAirD1,cpu_optimised_hydra,1.311557583001559,0.7461538461538462,0.7321581196581197,0.7321581196581197,2
GestureMidAirD1,cpu_optimised_hydra,1.3030444999967583,0.7692307692307693,0.7621376486761101,0.7621376486761102,3
GestureMidAirD1,cpu_optimised_hydra,1.301899375001085,0.7846153846153846,0.7791708291708291,0.7791708291708291,4
GestureMidAirD1,cpu_optimised_hydra,1.3114382499989006,0.7692307692307693,0.7554945054945056,0.7554945054945056,5
GestureMidAirD2,cpu_optimised_hydra,1.3044439170043916,0.7153846153846154,0.7084942834942836,0.7084942834942836,1
GestureMidAirD2,cpu_optimised_hydra,1.3040789170045173,0.6846153846153846,0.6708650324034939,0.670865032403494,2
GestureMidAirD2,cpu_optimised_hydra,1.3007930829990073,0.7076923076923077,0.6978741344125959,0.697874134412596,3
GestureMidAirD2,cpu_optimised_hydra,1.2977344579994678,0.6923076923076923,0.6863220113220112,0.6863220113220113,4
GestureMidAirD2,cpu_optimised_hydra,1.301664416998392,0.6846153846153846,0.6790047559278329,0.6790047559278328,5
GestureMidAirD3,cpu_optimised_hydra,1.3532445409946376,0.4923076923076923,0.4815307116212093,0.4815307116212093,1
GestureMidAirD3,cpu_optimised_hydra,1.3370007499979693,0.4692307692307692,0.4553602380525457,0.4553602380525458,2
GestureMidAirD3,cpu_optimised_hydra,1.3166264160026913,0.4846153846153846,0.4703455226734578,0.4703455226734579,3
GestureMidAirD3,cpu_optimised_hydra,1.3064136670000153,0.5076923076923077,0.4941748422517654,0.4941748422517652,4
GestureMidAirD3,cpu_optimised_hydra,1.3050399580024532,0.4692307692307692,0.4529693157521211,0.4529693157521212,5
GesturePebbleZ1,cpu_optimised_hydra,0.5346145419971435,0.8837209302325582,0.8771647194659408,0.8821737796255015,1
GesturePebbleZ1,cpu_optimised_hydra,0.5361335409979802,0.8837209302325582,0.8806493152816682,0.8859031849173777,2
GesturePebbleZ1,cpu_optimised_hydra,0.5277853329971549,0.9244186046511628,0.9208419729130736,0.9243154834602172,3
GesturePebbleZ1,cpu_optimised_hydra,0.5412930420061457,0.9011627906976744,0.8981584469221557,0.9030955088846532,4
GesturePebbleZ1,cpu_optimised_hydra,0.524886916995456,0.8953488372093024,0.8911073105523307,0.8954141766260544,5
GesturePebbleZ2,cpu_optimised_hydra,0.5329455410028459,0.9050632911392406,0.9036494315863884,0.9046788434989056,1
GesturePebbleZ2,cpu_optimised_hydra,0.5249617079971358,0.8987341772151899,0.8968588335714874,0.8973296570579773,2
GesturePebbleZ2,cpu_optimised_hydra,0.533688791001623,0.879746835443038,0.8752205565500447,0.8783285484645184,3
GesturePebbleZ2,cpu_optimised_hydra,0.532704459001252,0.8987341772151899,0.8952618910586877,0.8980793727445209,4
GesturePebbleZ2,cpu_optimised_hydra,0.5333256250014529,0.9050632911392406,0.9029741446809916,0.9040574529490952,5
GunPoint,cpu_optimised_hydra,0.257934875000501,1.0,1.0,1.0,1
GunPoint,cpu_optimised_hydra,0.2612467500002822,1.0,1.0,1.0,2
GunPoint,cpu_optimised_hydra,0.2576877090032212,1.0,1.0,1.0,3
GunPoint,cpu_optimised_hydra,0.2521312080061761,1.0,1.0,1.0,4
GunPoint,cpu_optimised_hydra,0.260176458999922,1.0,1.0,1.0,5
GunPointAgeSpan,cpu_optimised_hydra,0.5923552079984802,0.9968354430379748,0.9968351577914208,0.9968355381201592,1
GunPointAgeSpan,cpu_optimised_hydra,0.5902340409957105,1.0,1.0,1.0,2
GunPointAgeSpan,cpu_optimised_hydra,0.5920971660016221,1.0,1.0,1.0,3
GunPointAgeSpan,cpu_optimised_hydra,0.5836653750011465,1.0,1.0,1.0,4
GunPointAgeSpan,cpu_optimised_hydra,0.599346124996373,1.0,1.0,1.0,5
GunPointMaleVersusFemale,cpu_optimised_hydra,0.5945196250031586,1.0,1.0,1.0,1
GunPointMaleVersusFemale,cpu_optimised_hydra,0.5922117500012973,1.0,1.0,1.0,2
GunPointMaleVersusFemale,cpu_optimised_hydra,0.5989871670026332,1.0,1.0,1.0,3
GunPointMaleVersusFemale,cpu_optimised_hydra,0.5941318330005743,1.0,1.0,1.0,4
GunPointMaleVersusFemale,cpu_optimised_hydra,0.5985167090038885,1.0,1.0,1.0,5
GunPointOldVersusYoung,cpu_optimised_hydra,0.5883267919998616,1.0,1.0,1.0,1
GunPointOldVersusYoung,cpu_optimised_hydra,0.5990713339997455,1.0,1.0,1.0,2
GunPointOldVersusYoung,cpu_optimised_hydra,0.5969186250003986,1.0,1.0,1.0,3
GunPointOldVersusYoung,cpu_optimised_hydra,0.5927836249975371,1.0,1.0,1.0,4
GunPointOldVersusYoung,cpu_optimised_hydra,0.5935151670055347,1.0,1.0,1.0,5
Ham,cpu_optimised_hydra,0.8849291250007809,0.7333333333333333,0.7321428571428572,0.7326530612244898,1
Ham,cpu_optimised_hydra,0.8834512090033968,0.7142857142857143,0.7130102040816326,0.7135568513119532,2
Ham,cpu_optimised_hydra,0.8882533340001828,0.7428571428571429,0.742014742014742,0.7424359424359425,3
Ham,cpu_optimised_hydra,0.8779957500009914,0.7142857142857143,0.7140522875816994,0.7142857142857143,4
Ham,cpu_optimised_hydra,0.8864879169996129,0.7428571428571429,0.7424834226541921,0.7427637128064052,5
HandOutlines,cpu_optimised_hydra,14.28254129099514,0.9405405405405406,0.9343039772727272,0.9399934735872236,1
HandOutlines,cpu_optimised_hydra,14.381040457999916,0.945945945945946,0.9402763429752066,0.9454486123520214,2
HandOutlines,cpu_optimised_hydra,14.470204208999348,0.9432432432432432,0.9369374487667496,0.9425425994125218,3
HandOutlines,cpu_optimised_hydra,14.403759583001374,0.9432432432432432,0.9371740448756822,0.9426627112254764,4
HandOutlines,cpu_optimised_hydra,14.549064874998294,0.945945945945946,0.9402763429752066,0.9454486123520214,5
Haptics,cpu_optimised_hydra,2.003726959002961,0.5032467532467533,0.4939812296699195,0.4953451084190165,1
Haptics,cpu_optimised_hydra,1.7977116660040338,0.5,0.4922688887102042,0.4936832044257287,2
Haptics,cpu_optimised_hydra,1.7985157080038334,0.5064935064935064,0.4968360946621816,0.4979223084671983,3
Haptics,cpu_optimised_hydra,1.79930183399847,0.5097402597402597,0.5007983895597233,0.5020700127062582,4
Haptics,cpu_optimised_hydra,1.7956249160051811,0.5064935064935064,0.4988942832653714,0.4996568531381439,5
Herring,cpu_optimised_hydra,0.1948034169981838,0.75,0.7374358974358974,0.7482051282051282,1
Herring,cpu_optimised_hydra,0.1966521249996731,0.734375,0.722943722943723,0.733495670995671,2
Herring,cpu_optimised_hydra,0.2243735000010929,0.703125,0.6903488668194551,0.7021422205245735,3
Herring,cpu_optimised_hydra,0.1936426249958458,0.75,0.7408906882591093,0.75,4
Herring,cpu_optimised_hydra,0.1956832089999807,0.71875,0.708502024291498,0.71875,5
HouseTwenty,cpu_optimised_hydra,1.4730441249994328,0.9747899159663864,0.97405711794201,0.9747532760651676,1
HouseTwenty,cpu_optimised_hydra,1.1994195419974858,0.957983193277311,0.9567618632366834,0.9579221267752795,2
HouseTwenty,cpu_optimised_hydra,1.2079591250003432,0.957983193277311,0.9567618632366834,0.9579221267752795,3
HouseTwenty,cpu_optimised_hydra,1.2430959589983104,0.957983193277311,0.9567618632366834,0.9579221267752795,4
HouseTwenty,cpu_optimised_hydra,1.2105372919977526,0.9495798319327732,0.9482608695652174,0.9495798319327732,5
InlineSkate,cpu_optimised_hydra,4.68315941599576,0.5054545454545455,0.5029211872910151,0.5002551631235165,1
InlineSkate,cpu_optimised_hydra,4.707935541999177,0.5,0.4974108565821851,0.4933051538798767,2
InlineSkate,cpu_optimised_hydra,4.697435375004716,0.4890909090909091,0.4912046181457103,0.4837543826466488,3
InlineSkate,cpu_optimised_hydra,4.666172208999342,0.4945454545454545,0.4963208953639951,0.4909075102671122,4
InlineSkate,cpu_optimised_hydra,4.653005915999529,0.5072727272727273,0.5061843859553367,0.5014995649661397,5
InsectEPGRegularTrain,cpu_optimised_hydra,0.7386860839978908,1.0,1.0,1.0,1
InsectEPGRegularTrain,cpu_optimised_hydra,0.7344205839981441,1.0,1.0,1.0,2
InsectEPGRegularTrain,cpu_optimised_hydra,0.7378707919997396,1.0,1.0,1.0,3
InsectEPGRegularTrain,cpu_optimised_hydra,0.7323745419998886,1.0,1.0,1.0,4
InsectEPGRegularTrain,cpu_optimised_hydra,0.7426130829990143,1.0,1.0,1.0,5
InsectEPGSmallTrain,cpu_optimised_hydra,0.6288526249991264,1.0,1.0,1.0,1
InsectEPGSmallTrain,cpu_optimised_hydra,0.6295669169994653,1.0,1.0,1.0,2
InsectEPGSmallTrain,cpu_optimised_hydra,0.629045749999932,1.0,1.0,1.0,3
InsectEPGSmallTrain,cpu_optimised_hydra,0.625357165998139,1.0,1.0,1.0,4
InsectEPGSmallTrain,cpu_optimised_hydra,0.6507270420042914,1.0,1.0,1.0,5
InsectWingbeatSound,cpu_optimised_hydra,5.302277333998063,0.6505050505050505,0.6398292282808257,0.6398292282808257,1
InsectWingbeatSound,cpu_optimised_hydra,5.319135083002038,0.6474747474747474,0.6373558198306728,0.6373558198306728,2
InsectWingbeatSound,cpu_optimised_hydra,5.453173541995056,0.6575757575757576,0.6485589531645575,0.6485589531645575,3
InsectWingbeatSound,cpu_optimised_hydra,5.326553332997719,0.647979797979798,0.6379600039404137,0.6379600039404136,4
InsectWingbeatSound,cpu_optimised_hydra,5.3287185419976595,0.6621212121212121,0.6532262297809788,0.6532262297809788,5
ItalyPowerDemand,cpu_optimised_hydra,0.2226323750001029,0.9689018464528668,0.9689011121856866,0.9689015527459948,1
ItalyPowerDemand,cpu_optimised_hydra,0.2172682500022347,0.9718172983479106,0.9718155947853042,0.9718162336212816,2
ItalyPowerDemand,cpu_optimised_hydra,0.2207572080005775,0.9698736637512148,0.9698726394378568,0.9698731515945358,3
ItalyPowerDemand,cpu_optimised_hydra,0.2115209170005982,0.966958211856171,0.9669579310032186,0.966958211856171,4
ItalyPowerDemand,cpu_optimised_hydra,0.2180071250040782,0.966958211856171,0.966957431697292,0.9669578997926196,5
LargeKitchenAppliances,cpu_optimised_hydra,1.5475575840027886,0.8746666666666667,0.8746837401627318,0.8746837401627318,1
LargeKitchenAppliances,cpu_optimised_hydra,1.6128984589959146,0.8773333333333333,0.877698354387662,0.877698354387662,2
LargeKitchenAppliances,cpu_optimised_hydra,1.6185141660025693,0.8613333333333333,0.8615891904886791,0.8615891904886791,3
LargeKitchenAppliances,cpu_optimised_hydra,1.6065463749982882,0.8746666666666667,0.8748975861851642,0.8748975861851642,4
LargeKitchenAppliances,cpu_optimised_hydra,1.612052666998352,0.872,0.872,0.872,5
Lightning2,cpu_optimised_hydra,0.3550445419969037,0.7377049180327869,0.7318681318681319,0.7351107908484957,1
Lightning2,cpu_optimised_hydra,0.3129545420015347,0.7540983606557377,0.7497949138638228,0.7524845681087696,2
Lightning2,cpu_optimised_hydra,0.3152204579964746,0.7704918032786885,0.7653846153846153,0.7682219419924338,3
Lightning2,cpu_optimised_hydra,0.3419943330009118,0.7377049180327869,0.7342047930283224,0.7367048823172255,4
Lightning2,cpu_optimised_hydra,0.313224083998648,0.7377049180327869,0.7318681318681319,0.7351107908484957,5
Lightning7,cpu_optimised_hydra,0.4671376250043977,0.8493150684931506,0.8390116961545532,0.8424243903695958,1
Lightning7,cpu_optimised_hydra,0.470667041001434,0.821917808219178,0.819191792189504,0.8186895515693986,2
Lightning7,cpu_optimised_hydra,0.4668471670011058,0.821917808219178,0.8296055264210948,0.8185916039090474,3
Lightning7,cpu_optimised_hydra,0.4679247499952907,0.821917808219178,0.8164429388489539,0.8186546098298081,4
Lightning7,cpu_optimised_hydra,0.469639000002644,0.8493150684931506,0.8394819466248037,0.8438958301972,5
Mallat,cpu_optimised_hydra,7.428982041004929,0.9458422174840084,0.9451903176089532,0.9452086843686393,1
Mallat,cpu_optimised_hydra,7.4290039999978035,0.9454157782515992,0.9449004084444133,0.944904210987189,2
Mallat,cpu_optimised_hydra,7.419077083002776,0.9415778251599148,0.9406659636024076,0.940704441193622,3
Mallat,cpu_optimised_hydra,7.416594082998927,0.9428571428571428,0.9421966561332108,0.942218123412717,4
Mallat,cpu_optimised_hydra,7.434395708005468,0.9424307036247336,0.9418636670024574,0.9418431484002866,5
Meat,cpu_optimised_hydra,0.1578110830014338,0.9,0.898796325625594,0.8987963256255941,1
Meat,cpu_optimised_hydra,0.1639386669994564,0.8833333333333333,0.8822443706164637,0.8822443706164637,2
Meat,cpu_optimised_hydra,0.1594553329996415,0.9,0.898796325625594,0.8987963256255941,3
Meat,cpu_optimised_hydra,0.1606077920005191,0.9166666666666666,0.9160731917396694,0.9160731917396692,4
Meat,cpu_optimised_hydra,0.1633967079978902,0.9166666666666666,0.9160731917396694,0.9160731917396692,5
MedicalImages,cpu_optimised_hydra,1.0192989580027645,0.7592105263157894,0.6580249107618072,0.7361019533920546,1
MedicalImages,cpu_optimised_hydra,1.013419167000393,0.7644736842105263,0.6971396186993466,0.7514075719141262,2
MedicalImages,cpu_optimised_hydra,1.012266499994439,0.7657894736842106,0.6899750522924919,0.7488595815669165,3
MedicalImages,cpu_optimised_hydra,1.010873499995796,0.7578947368421053,0.686659942263599,0.7427479303866549,4
MedicalImages,cpu_optimised_hydra,1.0192232920016977,0.7697368421052632,0.6985987406746639,0.7551572323559304,5
MelbournePedestrian,cpu_optimised_hydra,0.7719291660032468,0.9271237602414834,0.9240663038447146,0.9272090386457744,1
MelbournePedestrian,cpu_optimised_hydra,0.7636737920038286,0.9335920655454938,0.9306327483915506,0.9334587948826676,2
MelbournePedestrian,cpu_optimised_hydra,0.7614169160005986,0.9344545062526952,0.931402194220166,0.9346377992355274,3
MelbournePedestrian,cpu_optimised_hydra,0.7600002500039409,0.936179387667098,0.933290305153222,0.9360923697791976,4
MelbournePedestrian,cpu_optimised_hydra,0.7745392919969163,0.9297110823630876,0.9269981822035612,0.9298343862642622,5
MiddlePhalanxOutlineCorrect,cpu_optimised_hydra,0.6573476670018863,0.845360824742268,0.8406565994572954,0.844514064190973,1
MiddlePhalanxOutlineCorrect,cpu_optimised_hydra,0.6526209169969661,0.852233676975945,0.846550984119198,0.8507115271036021,2
MiddlePhalanxOutlineCorrect,cpu_optimised_hydra,0.6558115829975577,0.8178694158075601,0.8123288838052591,0.816872120047146,3
MiddlePhalanxOutlineCorrect,cpu_optimised_hydra,0.652483249999932,0.8281786941580757,0.8227339181286549,0.8271110910150519,4
MiddlePhalanxOutlineCorrect,cpu_optimised_hydra,0.656947166993632,0.8178694158075601,0.811861863693475,0.8165985874757344,5
MiddlePhalanxOutlineAgeGroup,cpu_optimised_hydra,0.41044566599885,0.6038961038961039,0.5040388435224012,0.5816837543387974,1
MiddlePhalanxOutlineAgeGroup,cpu_optimised_hydra,0.4119591659982689,0.6233766233766234,0.5185185185185185,0.5990423717696445,2
MiddlePhalanxOutlineAgeGroup,cpu_optimised_hydra,0.4042645410008845,0.6103896103896104,0.4901556689985504,0.5762831704124954,3
MiddlePhalanxOutlineAgeGroup,cpu_optimised_hydra,0.4016113749967189,0.5974025974025974,0.4985119047619048,0.5763856679035251,4
MiddlePhalanxOutlineAgeGroup,cpu_optimised_hydra,0.4060398749934393,0.538961038961039,0.441595321713142,0.5198332490148185,5
MiddlePhalanxTW,cpu_optimised_hydra,0.4032149580016266,0.538961038961039,0.3698384255451355,0.5181290201988339,1
MiddlePhalanxTW,cpu_optimised_hydra,0.4030454159947112,0.538961038961039,0.379477451662831,0.5246386751191146,2
MiddlePhalanxTW,cpu_optimised_hydra,0.4078060000028927,0.5324675324675324,0.3686359746838897,0.5184134885528363,3
MiddlePhalanxTW,cpu_optimised_hydra,0.4024309579981491,0.5324675324675324,0.3769186838388789,0.5190225729865633,4
MiddlePhalanxTW,cpu_optimised_hydra,0.4089751659994363,0.5454545454545454,0.3808210007047216,0.5270990637269707,5
MixedShapesRegularTrain,cpu_optimised_hydra,10.888193249993492,0.9797938144329896,0.9794579772460928,0.9798026725140137,1
MixedShapesRegularTrain,cpu_optimised_hydra,9.823168999995689,0.982680412371134,0.9821020330738576,0.9826834536647155,2
MixedShapesRegularTrain,cpu_optimised_hydra,9.827431999998224,0.9810309278350516,0.9808246750305408,0.9810347072901382,3
MixedShapesRegularTrain,cpu_optimised_hydra,9.808828416003962,0.982680412371134,0.9823520349427745,0.982669580018581,4
MixedShapesRegularTrain,cpu_optimised_hydra,9.853222750003624,0.9802061855670104,0.97978877458392,0.980242739039654,5
MixedShapesSmallTrain,cpu_optimised_hydra,8.442155500000808,0.964123711340206,0.9632755402641364,0.9639278841699992,1
MixedShapesSmallTrain,cpu_optimised_hydra,8.438230959000066,0.9657731958762886,0.9652630089521724,0.9655664784527956,2
MixedShapesSmallTrain,cpu_optimised_hydra,9.218931250004973,0.964123711340206,0.9632633647347282,0.9638787756213488,3
MixedShapesSmallTrain,cpu_optimised_hydra,8.443199583001842,0.964123711340206,0.9637432717381528,0.9639699146338642,4
MixedShapesSmallTrain,cpu_optimised_hydra,8.414235415999428,0.9649484536082474,0.964517961783726,0.9647877967772648,5
MoteStrain,cpu_optimised_hydra,0.9821100409972132,0.9353035143769968,0.9346308919506888,0.9351499234292572,1
MoteStrain,cpu_optimised_hydra,0.9865984169955482,0.939297124600639,0.9386355252533852,0.9391342693766996,2
MoteStrain,cpu_optimised_hydra,0.9888632079964736,0.937699680511182,0.9371024461877342,0.9375821917918152,3
MoteStrain,cpu_optimised_hydra,0.9824593329976778,0.9305111821086262,0.9298115381418268,0.9303600590117976,4
MoteStrain,cpu_optimised_hydra,0.974000458001683,0.9384984025559104,0.9378791774358696,0.9383646499299816,5
NonInvasiveFetalECGThorax1,cpu_optimised_hydra,10.049657416995617,0.944529262086514,0.9389523972952588,0.942254540910086,1
NonInvasiveFetalECGThorax1,cpu_optimised_hydra,11.281343875001768,0.9450381679389313,0.940967394777868,0.9436459307342075,2
NonInvasiveFetalECGThorax1,cpu_optimised_hydra,10.037428292002003,0.9450381679389313,0.9402503004642478,0.943450129723522,3
NonInvasiveFetalECGThorax1,cpu_optimised_hydra,10.24032674999762,0.943002544529262,0.93767230606229,0.9412429875372048,4
NonInvasiveFetalECGThorax1,cpu_optimised_hydra,10.037401624998893,0.9424936386768448,0.9372365677363572,0.9406252294567752,5
NonInvasiveFetalECGThorax2,cpu_optimised_hydra,10.191413583997928,0.9618320610687024,0.958186426340066,0.960988483699623,1
NonInvasiveFetalECGThorax2,cpu_optimised_hydra,9.933765249996211,0.9557251908396946,0.951344488666036,0.9545491674074652,2
NonInvasiveFetalECGThorax2,cpu_optimised_hydra,10.245154207994348,0.9587786259541984,0.9554968362282038,0.9582387269629814,3
NonInvasiveFetalECGThorax2,cpu_optimised_hydra,9.911469750004471,0.9587786259541984,0.9550419222957212,0.9580307986022136,4
NonInvasiveFetalECGThorax2,cpu_optimised_hydra,10.328955375000078,0.9582697201017812,0.954514567882139,0.9576963929626412,5
OliveOil,cpu_optimised_hydra,0.1375422500059357,0.9333333333333332,0.9302944862155388,0.9318295739348372,1
OliveOil,cpu_optimised_hydra,0.1248082500023883,0.9333333333333332,0.9302944862155388,0.9318295739348372,2
OliveOil,cpu_optimised_hydra,0.12242312500166,0.9333333333333332,0.9302944862155388,0.9318295739348372,3
OliveOil,cpu_optimised_hydra,0.1256181660064612,0.9333333333333332,0.9302944862155388,0.9318295739348372,4
OliveOil,cpu_optimised_hydra,0.1263661249977303,0.9666666666666668,0.9759725400457666,0.9668192219679634,5
OSULeaf,cpu_optimised_hydra,1.9017698749958072,0.987603305785124,0.9849250850261972,0.9875115754896652,1
OSULeaf,cpu_optimised_hydra,1.8733271659948512,0.987603305785124,0.9850871140244952,0.9875064332220856,2
OSULeaf,cpu_optimised_hydra,1.8823957499989776,0.987603305785124,0.9851621808143548,0.987603305785124,3
OSULeaf,cpu_optimised_hydra,1.88241758300137,0.9917355371900828,0.9907123235767736,0.9917139307513638,4
OSULeaf,cpu_optimised_hydra,1.8807106250023935,0.9834710743801652,0.9791197799449862,0.9832013788571108,5
PhalangesOutlinesCorrect,cpu_optimised_hydra,2.2249460840030224,0.8286713286713286,0.8109041297161148,0.8240099722914436,1
PhalangesOutlinesCorrect,cpu_optimised_hydra,2.229902792001667,0.8205128205128205,0.7980769230769231,0.8132956786802942,2
PhalangesOutlinesCorrect,cpu_optimised_hydra,2.2334235419984907,0.8100233100233101,0.7864625560548387,0.8025004026158332,3
PhalangesOutlinesCorrect,cpu_optimised_hydra,2.230876542002079,0.8216783216783217,0.8005933257686576,0.815254577404768,4
PhalangesOutlinesCorrect,cpu_optimised_hydra,2.222455083996465,0.8111888111888111,0.7907758075684137,0.8055523848160149,5
Phoneme,cpu_optimised_hydra,8.136227625000174,0.3238396624472573,0.1562732508226431,0.2834726746680241,1
Phoneme,cpu_optimised_hydra,8.43124812500173,0.3190928270042194,0.1551379127359083,0.2797963701849268,2
Phoneme,cpu_optimised_hydra,8.098431000005803,0.3275316455696203,0.1565214869946632,0.2873730320591074,3
Phoneme,cpu_optimised_hydra,8.104605582993827,0.3212025316455696,0.1529931093468131,0.2803236079342873,4
Phoneme,cpu_optimised_hydra,8.09494766699936,0.3222573839662447,0.1575633048759208,0.2822489361420746,5
PickupGestureWiimoteZ,cpu_optimised_hydra,0.3327344580029603,0.84,0.8227633477633478,0.8227633477633478,1
PickupGestureWiimoteZ,cpu_optimised_hydra,0.3303072499984409,0.88,0.8757070707070707,0.8757070707070708,2
PickupGestureWiimoteZ,cpu_optimised_hydra,0.3350121670009685,0.86,0.8575252525252527,0.8575252525252526,3
PickupGestureWiimoteZ,cpu_optimised_hydra,0.3276257920006173,0.84,0.8344483294483295,0.8344483294483296,4
PickupGestureWiimoteZ,cpu_optimised_hydra,0.3355987910035765,0.86,0.8593434343434343,0.8593434343434343,5
PigAirwayPressure,cpu_optimised_hydra,2.20885575000284,0.7596153846153846,0.7427045177045175,0.7427045177045175,1
PigAirwayPressure,cpu_optimised_hydra,2.220205833000364,0.7836538461538461,0.771707459207459,0.771707459207459,2
PigAirwayPressure,cpu_optimised_hydra,2.244379417003074,0.7836538461538461,0.7662531912531911,0.7662531912531911,3
PigAirwayPressure,cpu_optimised_hydra,2.237234124993847,0.7980769230769231,0.7839077589077588,0.7839077589077588,4
PigAirwayPressure,cpu_optimised_hydra,2.215400082997803,0.7836538461538461,0.7678932178932177,0.7678932178932177,5
PigArtPressure,cpu_optimised_hydra,2.0565746249994845,0.9855769230769232,0.9848595848595848,0.9848595848595848,1
PigArtPressure,cpu_optimised_hydra,2.042484958001296,0.9855769230769232,0.9848595848595848,0.9848595848595848,2
PigArtPressure,cpu_optimised_hydra,2.047528584000247,0.9855769230769232,0.9848595848595848,0.9848595848595848,3
PigArtPressure,cpu_optimised_hydra,2.064123083000595,0.9855769230769232,0.9848595848595848,0.9848595848595848,4
PigArtPressure,cpu_optimised_hydra,2.0384957499991287,0.9855769230769232,0.9848595848595848,0.9848595848595848,5
PigCVP,cpu_optimised_hydra,2.254631582996808,0.9615384615384616,0.9611777111777112,0.9611777111777112,1
PigCVP,cpu_optimised_hydra,2.262213249996421,0.9567307692307692,0.9562326562326564,0.9562326562326564,2
PigCVP,cpu_optimised_hydra,2.2651822910047485,0.9615384615384616,0.9606893106893106,0.9606893106893106,3
PigCVP,cpu_optimised_hydra,2.3443176669970853,0.9615384615384616,0.9616050616050617,0.9616050616050617,4
PigCVP,cpu_optimised_hydra,2.26279191699723,0.9615384615384616,0.9611777111777112,0.9611777111777112,5
PLAID,cpu_optimised_hydra,5.5567303329953575,0.8547486033519553,0.7911959436573587,0.8474333427644212,1
PLAID,cpu_optimised_hydra,5.567727000001469,0.8696461824953445,0.8200631947409395,0.8611952467284332,2
PLAID,cpu_optimised_hydra,5.563315084000351,0.851024208566108,0.7902508145728722,0.846219470478911,3
PLAID,cpu_optimised_hydra,5.560347999999067,0.8696461824953445,0.8167615421838446,0.8631481223464033,4
PLAID,cpu_optimised_hydra,5.577853415998106,0.851024208566108,0.7990445062779863,0.8453133639583,5
Plane,cpu_optimised_hydra,0.2708838329999707,1.0,1.0,1.0,1
Plane,cpu_optimised_hydra,0.2624817500036442,1.0,1.0,1.0,2
Plane,cpu_optimised_hydra,0.2644105419967673,1.0,1.0,1.0,3
Plane,cpu_optimised_hydra,0.2643146250047721,1.0,1.0,1.0,4
Plane,cpu_optimised_hydra,0.2616777910006931,1.0,1.0,1.0,5
PowerCons,cpu_optimised_hydra,0.4788476249959785,0.9777777777777776,0.9777750339548092,0.9777750339548092,1
PowerCons,cpu_optimised_hydra,0.4747100000022328,0.9777777777777776,0.9777750339548092,0.9777750339548092,2
PowerCons,cpu_optimised_hydra,0.4782373339985497,0.9777777777777776,0.9777750339548092,0.9777750339548092,3
PowerCons,cpu_optimised_hydra,0.4860132089961553,0.9722222222222222,0.972214504028897,0.9722145040288968,4
PowerCons,cpu_optimised_hydra,0.4791346249985508,0.9611111111111112,0.961109910799716,0.961109910799716,5
ProximalPhalanxOutlineCorrect,cpu_optimised_hydra,0.6542524169999524,0.8969072164948454,0.8716931216931216,0.8926071383116058,1
ProximalPhalanxOutlineCorrect,cpu_optimised_hydra,0.6559701660007704,0.9072164948453608,0.8858077174623937,0.9039881871447548,2
ProximalPhalanxOutlineCorrect,cpu_optimised_hydra,0.6546042499976465,0.9003436426116839,0.8754960829731046,0.8959475359063968,3
ProximalPhalanxOutlineCorrect,cpu_optimised_hydra,0.6596092079998925,0.9106529209621992,0.8888007054673721,0.9069261865367249,4
ProximalPhalanxOutlineCorrect,cpu_optimised_hydra,0.6547015830001328,0.9003436426116839,0.8773490298670155,0.896876201007329,5
ProximalPhalanxOutlineAgeGroup,cpu_optimised_hydra,0.4391094589955173,0.8634146341463415,0.7957557615147893,0.8663575304858865,1
ProximalPhalanxOutlineAgeGroup,cpu_optimised_hydra,0.4519046670029638,0.8536585365853658,0.774785775428524,0.8571133807993091,2
ProximalPhalanxOutlineAgeGroup,cpu_optimised_hydra,0.4403066669983673,0.848780487804878,0.7637832630318181,0.8508312344488856,3
ProximalPhalanxOutlineAgeGroup,cpu_optimised_hydra,0.4446377499989467,0.8585365853658536,0.7819968924839186,0.8612585212676575,4
ProximalPhalanxOutlineAgeGroup,cpu_optimised_hydra,0.446642167000391,0.8536585365853658,0.7781762545899634,0.8560647222139296,5
ProximalPhalanxTW,cpu_optimised_hydra,0.4484443750043283,0.7804878048780488,0.4424162598630684,0.7504715177574545,1
ProximalPhalanxTW,cpu_optimised_hydra,0.4460850409959676,0.8195121951219512,0.5281004911268069,0.7884230346746394,2
ProximalPhalanxTW,cpu_optimised_hydra,0.4459083330002613,0.8097560975609757,0.4828158334040687,0.776632403146033,3
ProximalPhalanxTW,cpu_optimised_hydra,0.4397973750019446,0.8097560975609757,0.5007780832248917,0.7832961998504292,4
ProximalPhalanxTW,cpu_optimised_hydra,0.4438182079975377,0.8097560975609757,0.4996189256752636,0.7745773978683632,5
RefrigerationDevices,cpu_optimised_hydra,1.9024035839975113,0.512,0.5097857989020711,0.5097857989020711,1
RefrigerationDevices,cpu_optimised_hydra,1.9070026249974037,0.4773333333333333,0.4703745657158129,0.4703745657158129,2
RefrigerationDevices,cpu_optimised_hydra,1.9065967079950497,0.5066666666666667,0.5010685283616415,0.5010685283616415,3
RefrigerationDevices,cpu_optimised_hydra,1.8967048749982496,0.48,0.4738765127246723,0.4738765127246723,4
RefrigerationDevices,cpu_optimised_hydra,1.9036022080035764,0.5146666666666667,0.508857497335465,0.5088574973354649,5
Rock,cpu_optimised_hydra,0.8057194580032956,0.92,0.9193970503181028,0.9202955465587044,1
Rock,cpu_optimised_hydra,0.8017383749975124,0.9,0.8912037037037037,0.903148148148148,2
Rock,cpu_optimised_hydra,0.810335500005749,0.92,0.9193970503181028,0.9202955465587044,3
Rock,cpu_optimised_hydra,0.7966833329992369,0.9,0.8923315232525759,0.9005316067947646,4
Rock,cpu_optimised_hydra,0.8004270419987733,0.92,0.9193970503181028,0.9202955465587044,5
ScreenType,cpu_optimised_hydra,1.6854372089946992,0.4746666666666667,0.4710811403886072,0.4710811403886072,1
ScreenType,cpu_optimised_hydra,1.6904979169994476,0.4986666666666666,0.4980087722689806,0.4980087722689806,2
ScreenType,cpu_optimised_hydra,1.6866827080011717,0.496,0.4942794565512618,0.4942794565512619,3
ScreenType,cpu_optimised_hydra,1.6842261670026346,0.4746666666666667,0.4723804513687781,0.4723804513687782,4
ScreenType,cpu_optimised_hydra,1.6844669170022826,0.4746666666666667,0.4751361569479256,0.4751361569479256,5
SemgHandGenderCh2,cpu_optimised_hydra,5.5783024999982445,0.8216666666666667,0.8096079762988622,0.8239825740882981,1
SemgHandGenderCh2,cpu_optimised_hydra,5.561835749998863,0.8316666666666667,0.8196294367140413,0.8336081553687031,2
SemgHandGenderCh2,cpu_optimised_hydra,5.5916021669982,0.8333333333333334,0.8215793793341343,0.835317767125406,3
SemgHandGenderCh2,cpu_optimised_hydra,5.567448207999405,0.825,0.8117824204780726,0.8267457180500659,4
SemgHandGenderCh2,cpu_optimised_hydra,5.589804249997542,0.8316666666666667,0.8215290192047734,0.8342896943316321,5
SemgHandMovementCh2,cpu_optimised_hydra,5.622535125003196,0.4822222222222222,0.4833391113080034,0.4833391113080034,1
SemgHandMovementCh2,cpu_optimised_hydra,5.584099833999062,0.5155555555555555,0.5157446553916839,0.5157446553916839,2
SemgHandMovementCh2,cpu_optimised_hydra,5.587068291999458,0.4933333333333333,0.4963184808746261,0.4963184808746261,3
SemgHandMovementCh2,cpu_optimised_hydra,5.594917041002191,0.4755555555555555,0.4758984387932508,0.4758984387932507,4
SemgHandMovementCh2,cpu_optimised_hydra,5.567816374998074,0.48,0.480709825076496,0.480709825076496,5
SemgHandSubjectCh2,cpu_optimised_hydra,5.5850842090003425,0.78,0.7777018661144683,0.7777018661144683,1
SemgHandSubjectCh2,cpu_optimised_hydra,5.574333790995297,0.7844444444444445,0.7831291075466577,0.7831291075466578,2
SemgHandSubjectCh2,cpu_optimised_hydra,5.594007083003817,0.7644444444444445,0.7621603591445357,0.7621603591445356,3
SemgHandSubjectCh2,cpu_optimised_hydra,5.576718666001398,0.7555555555555555,0.7533692551313391,0.7533692551313392,4
SemgHandSubjectCh2,cpu_optimised_hydra,5.547078374998819,0.7533333333333333,0.7508726533166458,0.7508726533166459,5
ShakeGestureWiimoteZ,cpu_optimised_hydra,0.3388021249993471,0.94,0.940909090909091,0.9409090909090908,1
ShakeGestureWiimoteZ,cpu_optimised_hydra,0.338415708996763,0.92,0.9194444444444444,0.9194444444444446,2
ShakeGestureWiimoteZ,cpu_optimised_hydra,0.3396536660002311,0.9,0.8951770451770452,0.8951770451770451,3
ShakeGestureWiimoteZ,cpu_optimised_hydra,0.3406981250009266,0.94,0.9435897435897436,0.9435897435897436,4
ShakeGestureWiimoteZ,cpu_optimised_hydra,0.3379229999991366,0.9,0.8951770451770452,0.8951770451770451,5
ShapeletSim,cpu_optimised_hydra,0.3799957500013988,0.9888888888888888,0.9888875169774046,0.9888875169774048,1
ShapeletSim,cpu_optimised_hydra,0.3847995420001098,0.9833333333333332,0.9833287024173382,0.983328702417338,2
ShapeletSim,cpu_optimised_hydra,0.3816375410024193,0.9888888888888888,0.9888875169774046,0.9888875169774048,3
ShapeletSim,cpu_optimised_hydra,0.3836082920024637,0.9888888888888888,0.9888875169774046,0.9888875169774048,4
ShapeletSim,cpu_optimised_hydra,0.3779580829941551,0.9833333333333332,0.9833287024173382,0.983328702417338,5
ShapesAll,cpu_optimised_hydra,1.9180451249994803,0.9316666666666666,0.9312882731303784,0.9312882731303784,1
ShapesAll,cpu_optimised_hydra,2.128030542000488,0.9316666666666666,0.9304828700312612,0.9304828700312616,2
ShapesAll,cpu_optimised_hydra,1.926487083997927,0.9233333333333332,0.9207857433244429,0.9207857433244432,3
ShapesAll,cpu_optimised_hydra,1.9261918750053155,0.9283333333333332,0.927016416825274,0.927016416825274,4
ShapesAll,cpu_optimised_hydra,1.912107084004674,0.93,0.9291927165429654,0.9291927165429658,5
SmallKitchenAppliances,cpu_optimised_hydra,1.5537564170008409,0.808,0.8073238652186022,0.807323865218602,1
SmallKitchenAppliances,cpu_optimised_hydra,1.551094499998726,0.8213333333333334,0.8211673467448998,0.8211673467448997,2
SmallKitchenAppliances,cpu_optimised_hydra,1.5488805420027347,0.7973333333333333,0.7967584517296044,0.7967584517296042,3
SmallKitchenAppliances,cpu_optimised_hydra,1.5483242499976768,0.8133333333333334,0.812865094039601,0.8128650940396013,4
SmallKitchenAppliances,cpu_optimised_hydra,1.643731125004706,0.824,0.8229481750352893,0.8229481750352893,5
SmoothSubspace,cpu_optimised_hydra,0.029593625004054,0.98,0.97999799979998,0.97999799979998,1
SmoothSubspace,cpu_optimised_hydra,0.0291342080017784,0.98,0.98006533986732,0.98006533986732,2
SmoothSubspace,cpu_optimised_hydra,0.0296581249931477,0.94,0.93992799279928,0.93992799279928,3
SmoothSubspace,cpu_optimised_hydra,0.0317492079993826,0.9533333333333334,0.9535711116848428,0.9535711116848428,4
SmoothSubspace,cpu_optimised_hydra,0.0304570829976,0.96,0.9599839935974388,0.9599839935974388,5
SonyAIBORobotSurface1,cpu_optimised_hydra,0.4179811249996419,0.9234608985024958,0.9231372330960854,0.9238426576998006,1
SonyAIBORobotSurface1,cpu_optimised_hydra,0.4214678749995073,0.9267886855241264,0.9264463729417,0.9271560453686816,2
SonyAIBORobotSurface1,cpu_optimised_hydra,0.4172002500054077,0.9151414309484192,0.9148689747114944,0.9155501153038068,3
SonyAIBORobotSurface1,cpu_optimised_hydra,0.4158370000004652,0.9334442595673876,0.9330690246564358,0.933777801710456,4
SonyAIBORobotSurface1,cpu_optimised_hydra,0.4135457089942065,0.9168053244592346,0.9165222125919504,0.917209769983926,5
SonyAIBORobotSurface2,cpu_optimised_hydra,0.6106865830006427,0.9485834207764952,0.945799039641206,0.948673655350324,1
SonyAIBORobotSurface2,cpu_optimised_hydra,0.6068096659946605,0.9464847848898216,0.9438617281897218,0.9467012507340046,2
SonyAIBORobotSurface2,cpu_optimised_hydra,0.6069609170008334,0.949632738719832,0.9471890499016375,0.9498473065185028,3
SonyAIBORobotSurface2,cpu_optimised_hydra,0.6089413330046227,0.949632738719832,0.9471387630581491,0.9498255097854696,4
SonyAIBORobotSurface2,cpu_optimised_hydra,0.627527958000428,0.9517313746065058,0.9492432452459684,0.9518728795938348,5
StarLightCurves,cpu_optimised_hydra,27.520347332996607,0.9822729480330258,0.9730647544498142,0.9819090606777892,1
StarLightCurves,cpu_optimised_hydra,26.51495170799899,0.9817872753763964,0.9723221673125167,0.9813873335830582,2
StarLightCurves,cpu_optimised_hydra,26.088591209001606,0.982030111704711,0.9726598716421048,0.981647929826895,3
StarLightCurves,cpu_optimised_hydra,26.0550450419978,0.9814230208839242,0.9717983127820814,0.9810253781079796,4
StarLightCurves,cpu_optimised_hydra,28.462684959005855,0.9817872753763964,0.97236032382397,0.9813889760766694,5
Strawberry,cpu_optimised_hydra,2.268499708996387,0.9756756756756756,0.9737172353372956,0.9757726281676746,1
Strawberry,cpu_optimised_hydra,2.2337372080000932,0.9702702702702702,0.9677728420869264,0.9703430108969696,2
Strawberry,cpu_optimised_hydra,2.2305078339995816,0.981081081081081,0.9794918086007712,0.9811273705707988,3
Strawberry,cpu_optimised_hydra,2.2373147909966065,0.972972972972973,0.970654484312046,0.9730175592933756,4
Strawberry,cpu_optimised_hydra,2.230562374999863,0.9756756756756756,0.9737999512191284,0.9758083026574516,5
SwedishLeaf,cpu_optimised_hydra,1.2032610409951303,0.9808,0.981123474449032,0.980623145368946,1
SwedishLeaf,cpu_optimised_hydra,1.1830495000031078,0.984,0.9841383411154476,0.9839708690397186,2
SwedishLeaf,cpu_optimised_hydra,1.1840668329969049,0.9824,0.982358506245416,0.982256414885576,3
SwedishLeaf,cpu_optimised_hydra,1.1825422910042107,0.9776,0.9780170036683082,0.977554873727508,4
SwedishLeaf,cpu_optimised_hydra,1.185479832995043,0.976,0.9761849368868932,0.9758727596853624,5
Symbols,cpu_optimised_hydra,3.9258469169944874,0.978894472361809,0.9792164935978702,0.9789965909862184,1
Symbols,cpu_optimised_hydra,3.920123791998776,0.978894472361809,0.9792164935978702,0.9789965909862184,2
Symbols,cpu_optimised_hydra,3.9003535419979016,0.9809045226130654,0.9811463416414912,0.9809854285554652,3
Symbols,cpu_optimised_hydra,3.892142666001746,0.9798994974874372,0.9801973407269662,0.9799948978824932,4
Symbols,cpu_optimised_hydra,3.886483499998576,0.9768844221105528,0.9772228207691422,0.9769927316915424,5
SyntheticControl,cpu_optimised_hydra,0.3216989159991499,0.9633333333333334,0.9636602818536928,0.9636602818536926,1
SyntheticControl,cpu_optimised_hydra,0.3183907920029014,0.96,0.9605211577410758,0.9605211577410758,2
SyntheticControl,cpu_optimised_hydra,0.3065124999993713,0.97,0.9701860644406892,0.9701860644406888,3
SyntheticControl,cpu_optimised_hydra,0.3080487909974181,0.96,0.960430829519004,0.960430829519004,4
SyntheticControl,cpu_optimised_hydra,0.3143195000011474,0.9666666666666668,0.9672794523064528,0.9672794523064528,5
ToeSegmentation1,cpu_optimised_hydra,0.7858589169991319,0.9605263157894736,0.9605194805194806,0.960546821599453,1
ToeSegmentation1,cpu_optimised_hydra,0.7859036670051864,0.956140350877193,0.9561369757599076,0.9561572264636196,2
ToeSegmentation1,cpu_optimised_hydra,0.7849183340003947,0.956140350877193,0.9561369757599076,0.9561572264636196,3
ToeSegmentation1,cpu_optimised_hydra,0.7868593750026776,0.956140350877193,0.9561369757599076,0.9561572264636196,4
ToeSegmentation1,cpu_optimised_hydra,0.7912975420040311,0.956140350877193,0.9561369757599076,0.9561572264636196,5
ToeSegmentation2,cpu_optimised_hydra,0.5992502079971018,0.8923076923076924,0.8317307692307692,0.8954142011834318,1
ToeSegmentation2,cpu_optimised_hydra,0.5908698329949402,0.8923076923076924,0.8317307692307692,0.8954142011834318,2
ToeSegmentation2,cpu_optimised_hydra,0.5865756669954862,0.9,0.8459575243824629,0.9035092516634764,3
ToeSegmentation2,cpu_optimised_hydra,0.5875987919935142,0.9076923076923076,0.8514285714285714,0.909098901098901,4
ToeSegmentation2,cpu_optimised_hydra,0.5910553749999963,0.9,0.8414485411389436,0.902223473121306,5
Trace,cpu_optimised_hydra,0.6218721249970258,1.0,1.0,1.0,1
Trace,cpu_optimised_hydra,0.6180159159994218,1.0,1.0,1.0,2
Trace,cpu_optimised_hydra,0.6214087500047754,1.0,1.0,1.0,3
Trace,cpu_optimised_hydra,0.6184101249964442,1.0,1.0,1.0,4
Trace,cpu_optimised_hydra,0.6178388749976875,1.0,1.0,1.0,5
TwoLeadECG,cpu_optimised_hydra,0.894417750001594,0.9991220368744512,0.9991220368744512,0.9991220368744512,1
TwoLeadECG,cpu_optimised_hydra,0.8917029580043163,0.9991220368744512,0.9991220368744512,0.9991220368744512,2
TwoLeadECG,cpu_optimised_hydra,0.8969258329962031,0.9991220368744512,0.9991220368744512,0.9991220368744512,3
TwoLeadECG,cpu_optimised_hydra,0.8911097079981118,0.9991220368744512,0.9991220368744512,0.9991220368744512,4
TwoLeadECG,cpu_optimised_hydra,0.8946590830018977,0.9991220368744512,0.9991220368744512,0.9991220368744512,5
TwoPatterns,cpu_optimised_hydra,5.310150208002597,0.98375,0.9837660907493108,0.983730750020793,1
TwoPatterns,cpu_optimised_hydra,5.307879708001565,0.988,0.9879732364040352,0.9879715188431352,2
TwoPatterns,cpu_optimised_hydra,5.299763333001465,0.98725,0.9872522660144448,0.987242203984172,3
TwoPatterns,cpu_optimised_hydra,5.347792083004606,0.986,0.9860472687192008,0.9859853865101972,4
TwoPatterns,cpu_optimised_hydra,5.35769537500164,0.985,0.9849745031482248,0.9849654912703024,5
UMD,cpu_optimised_hydra,0.2571180000013555,0.9861111111111112,0.9861103575088924,0.9861103575088924,1
UMD,cpu_optimised_hydra,0.2504474169982131,0.9861111111111112,0.9861103575088924,0.9861103575088924,2
UMD,cpu_optimised_hydra,0.2538738750008633,0.9861111111111112,0.9861103575088924,0.9861103575088924,3
UMD,cpu_optimised_hydra,0.2488064169956487,0.9861111111111112,0.9861103575088924,0.9861103575088924,4
UMD,cpu_optimised_hydra,0.2529133749994798,0.9930555555555556,0.993054801953337,0.993054801953337,5
UWaveGestureLibraryAll,cpu_optimised_hydra,14.532479458001037,0.9734785036292574,0.973284178715308,0.973448216853123,1
UWaveGestureLibraryAll,cpu_optimised_hydra,14.042344542001956,0.9704075935231714,0.9701726014682728,0.9703572794137624,2
UWaveGestureLibraryAll,cpu_optimised_hydra,14.442528166000557,0.9731993299832497,0.9729606109953622,0.9731462369338526,3
UWaveGestureLibraryAll,cpu_optimised_hydra,14.108439415998872,0.9723618090452262,0.9721504480791172,0.9723178158473064,4
UWaveGestureLibraryAll,cpu_optimised_hydra,14.862236458000552,0.9723618090452262,0.9721562646331988,0.972323241028341,5
UWaveGestureLibraryX,cpu_optimised_hydra,14.949885833993903,0.8542713567839196,0.8501536436398063,0.851644861969365,1
UWaveGestureLibraryX,cpu_optimised_hydra,17.116428625005938,0.8565047459519821,0.8522535240581148,0.8537507649652658,2
UWaveGestureLibraryX,cpu_optimised_hydra,16.3239016669977,0.8556672250139586,0.8514808939110265,0.8530048403059906,3
UWaveGestureLibraryX,cpu_optimised_hydra,15.781155165997916,0.8615298715801228,0.8574781100986524,0.8589061862718574,4
UWaveGestureLibraryX,cpu_optimised_hydra,16.27386245800153,0.8592964824120602,0.8551312577889449,0.8565576233145857,5
UWaveGestureLibraryY,cpu_optimised_hydra,15.885898749998889,0.7948073701842546,0.7929057461309212,0.7928349330012483,1
UWaveGestureLibraryY,cpu_optimised_hydra,16.127976584000862,0.7922948073701842,0.7898837072504337,0.7897647797947337,2
UWaveGestureLibraryY,cpu_optimised_hydra,16.18334404200141,0.8001116694584032,0.7978704667109219,0.7977084872600988,3
UWaveGestureLibraryY,cpu_optimised_hydra,15.843964915999097,0.7998324958123953,0.7971604202607936,0.7970169831762113,4
UWaveGestureLibraryY,cpu_optimised_hydra,16.246997916998225,0.7939698492462312,0.7917372206325708,0.7916355122722605,5
UWaveGestureLibraryZ,cpu_optimised_hydra,16.08141795800475,0.7962032384142937,0.7925885692436728,0.7916053097743978,1
UWaveGestureLibraryZ,cpu_optimised_hydra,16.132300958997803,0.7995533221663875,0.7961250342074879,0.7951701778297267,2
UWaveGestureLibraryZ,cpu_optimised_hydra,16.172106208003243,0.8001116694584032,0.796731688443872,0.7957380835896142,3
UWaveGestureLibraryZ,cpu_optimised_hydra,16.222430292000354,0.7975991066443328,0.7939590723880154,0.7929919773796124,4
UWaveGestureLibraryZ,cpu_optimised_hydra,16.141753042000346,0.7917364600781687,0.787510250177388,0.7865021254658453,5
Wafer,cpu_optimised_hydra,10.740829458001826,1.0,1.0,1.0,1
Wafer,cpu_optimised_hydra,10.757103041003576,1.0,1.0,1.0,2
Wafer,cpu_optimised_hydra,10.79038091700204,1.0,1.0,1.0,3
Wafer,cpu_optimised_hydra,10.787591582993628,1.0,1.0,1.0,4
Wafer,cpu_optimised_hydra,10.645937082997987,1.0,1.0,1.0,5
Wine,cpu_optimised_hydra,0.2732267920000595,0.8703703703703703,0.8703259005145798,0.8703259005145798,1
Wine,cpu_optimised_hydra,0.2690422910018242,0.925925925925926,0.925925925925926,0.925925925925926,2
Wine,cpu_optimised_hydra,0.269178374997864,0.8888888888888888,0.8887362637362637,0.8887362637362637,3
Wine,cpu_optimised_hydra,0.2702635419991566,0.9074074074074074,0.9071207430340558,0.9071207430340557,4
Wine,cpu_optimised_hydra,0.2790607499991893,0.925925925925926,0.925824175824176,0.925824175824176,5
WordSynonyms,cpu_optimised_hydra,3.23340512499999,0.7460815047021944,0.6074437125319883,0.7190702467492316,1
WordSynonyms,cpu_optimised_hydra,2.661244082999474,0.7460815047021944,0.6201100573713705,0.7220770067884478,2
WordSynonyms,cpu_optimised_hydra,2.667542541996226,0.7366771159874608,0.5960496004758666,0.7123258707801476,3
WordSynonyms,cpu_optimised_hydra,2.6781275410030503,0.7398119122257053,0.6184239179608264,0.7189260272648491,4
WordSynonyms,cpu_optimised_hydra,2.6648690000001807,0.7523510971786834,0.6247369452192267,0.7311173999593921,5
Worms,cpu_optimised_hydra,0.9197092499962308,0.7532467532467533,0.7250458461726068,0.7386578423710305,1
Worms,cpu_optimised_hydra,1.1014969170064433,0.7532467532467533,0.7191136649543843,0.7350361227399199,2
Worms,cpu_optimised_hydra,1.3844284160004463,0.7792207792207793,0.7497272680371273,0.7668094359149783,3
Worms,cpu_optimised_hydra,1.3328285409952514,0.7532467532467533,0.7401780827867784,0.7447554139818398,4
Worms,cpu_optimised_hydra,0.88604908400157,0.7532467532467533,0.7325716536984144,0.7414429360652152,5
WormsTwoClass,cpu_optimised_hydra,0.907542041997658,0.7792207792207793,0.7737251512532412,0.7787628102234845,1
WormsTwoClass,cpu_optimised_hydra,0.921299582994834,0.7662337662337663,0.7613636363636364,0.7662337662337663,2
WormsTwoClass,cpu_optimised_hydra,0.9058208329952322,0.7922077922077922,0.7878787878787878,0.7922077922077922,3
WormsTwoClass,cpu_optimised_hydra,0.894478624999465,0.7792207792207793,0.7754331789329216,0.779599539249565,4
WormsTwoClass,cpu_optimised_hydra,0.9115690000035102,0.7922077922077922,0.7878787878787878,0.7922077922077922,5
Yoga,cpu_optimised_hydra,15.729391749999197,0.9246666666666666,0.9242813766583832,0.9246666666666666,1
Yoga,cpu_optimised_hydra,15.0736926249956,0.9166666666666666,0.9162324155086636,0.916662645822611,2
Yoga,cpu_optimised_hydra,15.29514220800047,0.9226666666666666,0.9222785429817524,0.922670328210864,3
Yoga,cpu_optimised_hydra,15.342392207996454,0.922,0.9215935409161092,0.921996236489964,4
Yoga,cpu_optimised_hydra,15.380517375000636,0.9286666666666666,0.9282300180967672,0.928629346276077,5
ACSF1,mps_optimised_hydra,1.1887059579967172,0.86,0.8603094992382918,0.8603094992382917,1
ACSF1,mps_optimised_hydra,1.0947463330012397,0.88,0.8783698764853698,0.8783698764853699,2
ACSF1,mps_optimised_hydra,1.0965932090039132,0.88,0.8788858509911142,0.878885850991114,3
ACSF1,mps_optimised_hydra,1.1191242920031073,0.88,0.877623402457162,0.8776234024571621,4
ACSF1,mps_optimised_hydra,1.115870959001768,0.88,0.876052456763858,0.8760524567638579,5
Adiac,mps_optimised_hydra,0.3756181659991853,0.8158567774936062,0.8059557727514385,0.8092681952707844,1
Adiac,mps_optimised_hydra,0.3414441249988158,0.8260869565217391,0.8132508262879148,0.8187361638640016,2
Adiac,mps_optimised_hydra,0.3404276250003022,0.8184143222506394,0.8066795279634218,0.8101017037395858,3
Adiac,mps_optimised_hydra,0.3389678329986054,0.8107416879795396,0.7974746874039749,0.8022945600872171,4
Adiac,mps_optimised_hydra,0.3397097920023952,0.8107416879795396,0.8038739862718342,0.8072507767947024,5
AllGestureWiimoteX,mps_optimised_hydra,1.4565913749975152,0.6828571428571428,0.684863478997436,0.684863478997436,1
AllGestureWiimoteX,mps_optimised_hydra,1.3945350840003812,0.6857142857142857,0.6915478783046114,0.6915478783046113,2
AllGestureWiimoteX,mps_optimised_hydra,1.3944585409990395,0.6928571428571428,0.6932784298689453,0.6932784298689453,3
AllGestureWiimoteX,mps_optimised_hydra,1.3911295419966336,0.6842857142857143,0.6876076728794012,0.6876076728794014,4
AllGestureWiimoteX,mps_optimised_hydra,1.3909721250020084,0.6757142857142857,0.6799438700113712,0.6799438700113712,5
AllGestureWiimoteY,mps_optimised_hydra,1.412128666001081,0.7257142857142858,0.7248412126884344,0.7248412126884344,1
AllGestureWiimoteY,mps_optimised_hydra,1.394617041994934,0.7228571428571429,0.7209609069578382,0.7209609069578381,2
AllGestureWiimoteY,mps_optimised_hydra,1.4006585000024645,0.73,0.7274518027534095,0.7274518027534094,3
AllGestureWiimoteY,mps_optimised_hydra,1.435916583002836,0.7142857142857143,0.7125639097693945,0.7125639097693947,4
AllGestureWiimoteY,mps_optimised_hydra,1.3931570839995402,0.7271428571428571,0.7236045949914862,0.7236045949914862,5
AllGestureWiimoteZ,mps_optimised_hydra,1.3960573750009644,0.6942857142857143,0.6883101516844291,0.688310151684429,1
AllGestureWiimoteZ,mps_optimised_hydra,1.3970046670001466,0.6871428571428572,0.6827668700454289,0.682766870045429,2
AllGestureWiimoteZ,mps_optimised_hydra,1.3947990000015125,0.6857142857142857,0.6801291456348018,0.6801291456348016,3
AllGestureWiimoteZ,mps_optimised_hydra,1.396983166996506,0.6757142857142857,0.6684771163755198,0.6684771163755198,4
AllGestureWiimoteZ,mps_optimised_hydra,1.394734041001357,0.6857142857142857,0.6809585636078382,0.6809585636078382,5
ArrowHead,mps_optimised_hydra,0.1720100419988739,0.8171428571428572,0.8171497584541063,0.8171055900621119,1
ArrowHead,mps_optimised_hydra,0.126479709004343,0.8228571428571428,0.8227305933078952,0.8230703133247036,2
ArrowHead,mps_optimised_hydra,0.1297598329983884,0.8057142857142857,0.8060610644681442,0.8055069100024853,3
ArrowHead,mps_optimised_hydra,0.1243024580035125,0.8228571428571428,0.8227323927921252,0.8228052630981896,4
ArrowHead,mps_optimised_hydra,0.1302240420045564,0.8228571428571428,0.8229380923573301,0.8223647048656122,5
Beef,mps_optimised_hydra,0.1070091250003315,0.8333333333333334,0.8351515151515152,0.8351515151515152,1
Beef,mps_optimised_hydra,0.0829626670019934,0.8333333333333334,0.8351515151515152,0.8351515151515152,2
Beef,mps_optimised_hydra,0.0836695420002797,0.8333333333333334,0.8351515151515152,0.8351515151515152,3
Beef,mps_optimised_hydra,0.081617334006296,0.8,0.7956643356643357,0.7956643356643357,4
Beef,mps_optimised_hydra,0.0848553749965503,0.8333333333333334,0.8351515151515152,0.8351515151515152,5
BeetleFly,mps_optimised_hydra,0.0945128340026713,0.95,0.949874686716792,0.949874686716792,1
BeetleFly,mps_optimised_hydra,0.0620641670029726,0.95,0.949874686716792,0.949874686716792,2
BeetleFly,mps_optimised_hydra,0.0609747089984011,0.95,0.949874686716792,0.949874686716792,3
BeetleFly,mps_optimised_hydra,0.0588717080026981,0.95,0.949874686716792,0.949874686716792,4
BeetleFly,mps_optimised_hydra,0.0611811249982565,0.95,0.949874686716792,0.949874686716792,5
BirdChicken,mps_optimised_hydra,0.0621909170004073,0.9,0.898989898989899,0.898989898989899,1
BirdChicken,mps_optimised_hydra,0.0591579590036417,0.9,0.898989898989899,0.898989898989899,2
BirdChicken,mps_optimised_hydra,0.0618080839994945,0.9,0.898989898989899,0.898989898989899,3
BirdChicken,mps_optimised_hydra,0.0618374159967061,0.9,0.898989898989899,0.898989898989899,4
BirdChicken,mps_optimised_hydra,0.0589969169959658,0.9,0.898989898989899,0.898989898989899,5
BME,mps_optimised_hydra,0.0902318749940604,1.0,1.0,1.0,1
BME,mps_optimised_hydra,0.0456877499964321,1.0,1.0,1.0,2
BME,mps_optimised_hydra,0.0453445840030326,1.0,1.0,1.0,3
BME,mps_optimised_hydra,0.0473143339986563,1.0,1.0,1.0,4
BME,mps_optimised_hydra,0.0477548749986453,1.0,1.0,1.0,5
Car,mps_optimised_hydra,0.2552279169976827,0.9333333333333332,0.9333333333333332,0.9322222222222224,1
Car,mps_optimised_hydra,0.2308402089984156,0.9333333333333332,0.9350635208711434,0.9326206896551724,2
Car,mps_optimised_hydra,0.230800375000399,0.9166666666666666,0.917661361626879,0.915244621279104,3
Car,mps_optimised_hydra,0.2311650420015212,0.9166666666666666,0.917661361626879,0.915244621279104,4
Car,mps_optimised_hydra,0.2310677079949528,0.9333333333333332,0.9333333333333332,0.9322222222222224,5
CBF,mps_optimised_hydra,0.2290582920031738,0.9911111111111112,0.9911184692175592,0.991103753004663,1
CBF,mps_optimised_hydra,0.2217071250051958,0.9933333333333332,0.9933443613868124,0.993329657315507,2
CBF,mps_optimised_hydra,0.2226997910038335,0.9933333333333332,0.9933331856741012,0.993325901151988,3
CBF,mps_optimised_hydra,0.2256270829966524,0.9933333333333332,0.9933331856741012,0.993325901151988,4
CBF,mps_optimised_hydra,0.2223074170033214,0.9911111111111112,0.9911255945895548,0.9911036052427596,5
Chinatown,mps_optimised_hydra,0.0814629169981344,0.979591836734694,0.9749229724789806,0.979812661395437,1
Chinatown,mps_optimised_hydra,0.0148771250023855,0.9825072886297376,0.9784385214986172,0.9826711316014606,2
Chinatown,mps_optimised_hydra,0.0146051249976153,0.979591836734694,0.9749229724789806,0.979812661395437,3
Chinatown,mps_optimised_hydra,0.0139124169945716,0.979591836734694,0.9749229724789806,0.979812661395437,4
Chinatown,mps_optimised_hydra,0.0136979169983533,0.979591836734694,0.9749229724789806,0.979812661395437,5
ChlorineConcentration,mps_optimised_hydra,1.728202958998736,0.7638020833333333,0.7273900349644343,0.7573718354162611,1
ChlorineConcentration,mps_optimised_hydra,1.674012874995242,0.76484375,0.7255419068934339,0.7576074560866329,2
ChlorineConcentration,mps_optimised_hydra,1.6631317080027657,0.7755208333333333,0.7358160467453104,0.7681475846595995,3
ChlorineConcentration,mps_optimised_hydra,1.670450707999407,0.7669270833333334,0.7307407446924042,0.760236208111013,4
ChlorineConcentration,mps_optimised_hydra,1.6746253750025062,0.7643229166666666,0.7239575967567483,0.7563272614768916,5
CinCECGTorso,mps_optimised_hydra,8.565597041997535,0.9963768115942028,0.996360935669113,0.9963810015732354,1
CinCECGTorso,mps_optimised_hydra,8.496668790998228,0.9920289855072464,0.9920047631076184,0.9920430664029436,2
CinCECGTorso,mps_optimised_hydra,8.505799291000585,0.9963768115942028,0.9963566561253718,0.9963799235862536,3
CinCECGTorso,mps_optimised_hydra,8.529460999998264,0.9963768115942028,0.9963566561253718,0.9963799235862536,4
CinCECGTorso,mps_optimised_hydra,8.506565124996996,0.9978260869565218,0.9978144580887174,0.9978271432729772,5
Coffee,mps_optimised_hydra,0.0943340410012751,1.0,1.0,1.0,1
Coffee,mps_optimised_hydra,0.0493052910023834,1.0,1.0,1.0,2
Coffee,mps_optimised_hydra,0.0513799999971524,1.0,1.0,1.0,3
Coffee,mps_optimised_hydra,0.0491622500048833,1.0,1.0,1.0,4
Coffee,mps_optimised_hydra,0.0481742080010008,1.0,1.0,1.0,5
Computers,mps_optimised_hydra,1.1860480420000383,0.708,0.707957945944216,0.7079579459442159,1
Computers,mps_optimised_hydra,1.1675183330007712,0.684,0.6838735494197679,0.6838735494197679,2
Computers,mps_optimised_hydra,1.1668502500033355,0.704,0.7036965853033507,0.7036965853033508,3
Computers,mps_optimised_hydra,1.1673156670003664,0.728,0.7277211864949709,0.7277211864949709,4
Computers,mps_optimised_hydra,1.1604746250013704,0.728,0.7273718647764449,0.7273718647764449,5
CricketX,mps_optimised_hydra,0.6842710409982828,0.782051282051282,0.7837628626505725,0.7767472282869358,1
CricketX,mps_optimised_hydra,0.682556208994356,0.7897435897435897,0.7916446522670354,0.7852966450492693,2
CricketX,mps_optimised_hydra,0.6868637079969631,0.7948717948717948,0.7933867819880239,0.7894094290277504,3
CricketX,mps_optimised_hydra,0.6699200000002747,0.8102564102564103,0.8108770811201076,0.8059021315557733,4
CricketX,mps_optimised_hydra,0.6752020830026595,0.7974358974358975,0.7994002560870572,0.7932968889736949,5
CricketY,mps_optimised_hydra,0.6683470839998336,0.8358974358974359,0.837640408714865,0.8358576618750576,1
CricketY,mps_optimised_hydra,0.667690541005868,0.8153846153846154,0.8170640390844254,0.8150226859099788,2
CricketY,mps_optimised_hydra,0.6715408749951166,0.823076923076923,0.8267742107874958,0.8233554268029697,3
CricketY,mps_optimised_hydra,0.670044708000205,0.8333333333333334,0.8368162319502348,0.8338557390220255,4
CricketY,mps_optimised_hydra,0.6678897499950835,0.8358974358974359,0.8371097056777029,0.835549102480573,5
CricketZ,mps_optimised_hydra,0.6724407079964294,0.823076923076923,0.8094541588576099,0.8196168088421715,1
CricketZ,mps_optimised_hydra,0.667846083000768,0.8153846153846154,0.8054531509132606,0.8151105337277413,2
CricketZ,mps_optimised_hydra,0.670975000000908,0.8333333333333334,0.8209862936143438,0.8296389813047174,3
CricketZ,mps_optimised_hydra,0.6713780420031981,0.8153846153846154,0.8032521739760035,0.8132801526881532,4
CricketZ,mps_optimised_hydra,0.6584352080026292,0.8282051282051283,0.8177369871206315,0.8270837854177167,5
Crop,mps_optimised_hydra,5.208354500005953,0.7333333333333333,0.7266275493263618,0.7266275493263618,1
Crop,mps_optimised_hydra,5.777161083002284,0.7355357142857143,0.7286221321295279,0.7286221321295279,2
Crop,mps_optimised_hydra,5.20849774999806,0.7382738095238095,0.7303575939155081,0.7303575939155083,3
Crop,mps_optimised_hydra,5.226666583002952,0.7354166666666667,0.7277610428880319,0.7277610428880319,4
Crop,mps_optimised_hydra,5.226124875000096,0.7330357142857142,0.7256203110980112,0.7256203110980113,5
DiatomSizeReduction,mps_optimised_hydra,0.3661157500027912,0.9509803921568628,0.9434343434343436,0.950891265597148,1
DiatomSizeReduction,mps_optimised_hydra,0.3097067910057376,0.9477124183006536,0.9373580046383968,0.9471107110296144,2
DiatomSizeReduction,mps_optimised_hydra,0.3094436669998686,0.9509803921568628,0.9433091679053202,0.9507066236203656,3
DiatomSizeReduction,mps_optimised_hydra,0.3092590829983237,0.9411764705882352,0.9214855993472436,0.9396150204779902,4
DiatomSizeReduction,mps_optimised_hydra,0.3095137500058627,0.9477124183006536,0.9373580046383968,0.9471107110296144,5
DistalPhalanxOutlineAgeGroup,mps_optimised_hydra,0.1225605419967905,0.7553956834532374,0.7697751322751323,0.756116535343154,1
DistalPhalanxOutlineAgeGroup,mps_optimised_hydra,0.1024189160016249,0.7410071942446043,0.7493547822354749,0.7410665835723939,2
DistalPhalanxOutlineAgeGroup,mps_optimised_hydra,0.1148554169994895,0.762589928057554,0.769036519036519,0.7630804447351209,3
DistalPhalanxOutlineAgeGroup,mps_optimised_hydra,0.1031784169972525,0.7553956834532374,0.7638281857031858,0.7564482504905167,4
DistalPhalanxOutlineAgeGroup,mps_optimised_hydra,0.0972877089952817,0.7697841726618705,0.7688804554079697,0.7715451926883541,5
DistalPhalanxOutlineCorrect,mps_optimised_hydra,0.1700394169965875,0.7717391304347826,0.7545697065507362,0.7653887955735599,1
DistalPhalanxOutlineCorrect,mps_optimised_hydra,0.1845117080010823,0.7717391304347826,0.7565217391304349,0.7666666666666667,2
DistalPhalanxOutlineCorrect,mps_optimised_hydra,0.1943670000036945,0.7536231884057971,0.7345403111739746,0.7464026402640265,3
DistalPhalanxOutlineCorrect,mps_optimised_hydra,0.1832181659992784,0.7789855072463768,0.7633232585928165,0.773470630959912,4
DistalPhalanxOutlineCorrect,mps_optimised_hydra,0.1652322910013026,0.782608695652174,0.7667342799188641,0.7768762677484787,5
DistalPhalanxTW,mps_optimised_hydra,0.1000545839997357,0.7050359712230215,0.4952650193122063,0.6520483459665327,1
DistalPhalanxTW,mps_optimised_hydra,0.0961728330003097,0.7194244604316546,0.5085892580025776,0.6649206237471948,2
DistalPhalanxTW,mps_optimised_hydra,0.1025433340037125,0.7050359712230215,0.4984692245880801,0.6611107498834001,3
DistalPhalanxTW,mps_optimised_hydra,0.0985523749986896,0.6834532374100719,0.4740215153194378,0.6289577161206507,4
DistalPhalanxTW,mps_optimised_hydra,0.1034441669980879,0.697841726618705,0.4882209071956303,0.6479596226097455,5
DodgerLoopDay,mps_optimised_hydra,0.1466223749957862,0.5844155844155844,0.5832437373627305,0.5879600736580142,1
DodgerLoopDay,mps_optimised_hydra,0.1213591250052559,0.5454545454545454,0.5437087542873748,0.5501855523431202,2
DodgerLoopDay,mps_optimised_hydra,0.1250563749999855,0.4805194805194805,0.4749827467218771,0.4800332517723821,3
DodgerLoopDay,mps_optimised_hydra,0.1220548749988665,0.4805194805194805,0.4712747588033629,0.47575098433222,4
DodgerLoopDay,mps_optimised_hydra,0.1217663749994244,0.5194805194805194,0.515490410210907,0.522973403408186,5
DodgerLoopGame,mps_optimised_hydra,0.1458462500013411,0.8031496062992126,0.8007280487039478,0.8012469539029331,1
DodgerLoopGame,mps_optimised_hydra,0.1199647920002462,0.8267716535433071,0.8254622688655672,0.825819373777678,2
DodgerLoopGame,mps_optimised_hydra,0.1216262080051819,0.8346456692913385,0.8331560838285894,0.8335284801942766,3
DodgerLoopGame,mps_optimised_hydra,0.1209571660001529,0.8267716535433071,0.8254622688655672,0.825819373777678,4
DodgerLoopGame,mps_optimised_hydra,0.1199814159990637,0.8267716535433071,0.8254622688655672,0.825819373777678,5
DodgerLoopWeekend,mps_optimised_hydra,0.1442710839983192,0.9761904761904762,0.9705859466189402,0.9764961778034692,1
DodgerLoopWeekend,mps_optimised_hydra,0.1199939169964636,0.9761904761904762,0.9705859466189402,0.9764961778034692,2
DodgerLoopWeekend,mps_optimised_hydra,0.1210970829997677,0.9761904761904762,0.9705859466189402,0.9764961778034692,3
DodgerLoopWeekend,mps_optimised_hydra,0.1189973749933415,0.9761904761904762,0.9705859466189402,0.9764961778034692,4
DodgerLoopWeekend,mps_optimised_hydra,0.1197990830041817,0.9761904761904762,0.9705859466189402,0.9764961778034692,5
Earthquakes,mps_optimised_hydra,0.6648936249985127,0.7266187050359713,0.4208333333333333,0.629736211031175,1
Earthquakes,mps_optimised_hydra,0.6643864159996156,0.7553956834532374,0.4575298438934803,0.6570710373849681,2
Earthquakes,mps_optimised_hydra,0.6681938749970868,0.7194244604316546,0.4421117628897808,0.637362539730488,3
Earthquakes,mps_optimised_hydra,0.6587767499950132,0.7338129496402878,0.4232365145228215,0.6333323382787546,4
Earthquakes,mps_optimised_hydra,0.654582750001282,0.7122302158273381,0.4159663865546218,0.622453297865909,5
ECG200,mps_optimised_hydra,0.0780299170000944,0.87,0.8580631073261273,0.8695883830112459,1
ECG200,mps_optimised_hydra,0.0402752500012866,0.91,0.9004314636574842,0.9090740126120146,2
ECG200,mps_optimised_hydra,0.042082959000254,0.88,0.8663101604278074,0.8782887700534759,3
ECG200,mps_optimised_hydra,0.0423092499986523,0.89,0.8783051222480363,0.8888682376369067,4
ECG200,mps_optimised_hydra,0.040742749995843,0.89,0.879899552352877,0.8896517087018233,5
ECG5000,mps_optimised_hydra,1.7474875839980086,0.948,0.5733063041447917,0.9373126246678748,1
ECG5000,mps_optimised_hydra,1.712033166004403,0.948,0.5879526874892194,0.938024124463282,2
ECG5000,mps_optimised_hydra,1.640025250002509,0.9491111111111112,0.5918427070336799,0.9389144785459124,3
ECG5000,mps_optimised_hydra,1.6491727089960475,0.948,0.5777904371593983,0.937669012984924,4
ECG5000,mps_optimised_hydra,1.6448012499968172,0.9486666666666668,0.5933564090139456,0.9386545019193004,5
ECGFiveDays,mps_optimised_hydra,0.3396652919982443,1.0,1.0,1.0,1
ECGFiveDays,mps_optimised_hydra,0.2833992910018423,1.0,1.0,1.0,2
ECGFiveDays,mps_optimised_hydra,0.2825247500004479,1.0,1.0,1.0,3
ECGFiveDays,mps_optimised_hydra,0.2818302090017823,1.0,1.0,1.0,4
ECGFiveDays,mps_optimised_hydra,0.2822718750030617,1.0,1.0,1.0,5
ElectricDevices,mps_optimised_hydra,12.369200958004512,0.7458176630787187,0.6671218152861236,0.731495003402617,1
ElectricDevices,mps_optimised_hydra,11.64203725000698,0.7398521592530152,0.6662738792290572,0.7263751022799547,2
ElectricDevices,mps_optimised_hydra,11.13008925000031,0.7464660874075996,0.6631255051986147,0.7303720894511613,3
ElectricDevices,mps_optimised_hydra,11.011880375001056,0.7450395538840617,0.6675244408745541,0.7316810812109441,4
ElectricDevices,mps_optimised_hydra,11.120482999998783,0.7380365711321489,0.6651966872734308,0.7250037671524427,5
EOGHorizontalSignal,mps_optimised_hydra,3.3985197080037324,0.5911602209944752,0.6033546689894098,0.6023399443314373,1
EOGHorizontalSignal,mps_optimised_hydra,3.3649543749997974,0.56353591160221,0.5737365895771925,0.572726345360492,2
EOGHorizontalSignal,mps_optimised_hydra,3.3747195420000935,0.5662983425414365,0.5678694294694031,0.56636220363396,3
EOGHorizontalSignal,mps_optimised_hydra,3.3690620420020423,0.585635359116022,0.5953072163758025,0.5943162778849136,4
EOGHorizontalSignal,mps_optimised_hydra,3.367587332999392,0.5718232044198895,0.5798755096530801,0.578562455691811,5
EOGVerticalSignal,mps_optimised_hydra,3.3661603330037906,0.4696132596685083,0.4410962702863389,0.4396681125299437,1
EOGVerticalSignal,mps_optimised_hydra,3.812373540997214,0.4861878453038674,0.4727404102838832,0.4722493222619452,2
EOGVerticalSignal,mps_optimised_hydra,3.366513083994505,0.4861878453038674,0.4686620153239868,0.4674422449465531,3
EOGVerticalSignal,mps_optimised_hydra,3.372590167004091,0.494475138121547,0.4694020974383772,0.4682062264403072,4
EOGVerticalSignal,mps_optimised_hydra,3.370138666999992,0.4806629834254143,0.4577838339038552,0.4566313279485083,5
EthanolLevel,mps_optimised_hydra,6.498121874996286,0.588,0.5623883954248312,0.5625276811185754,1
EthanolLevel,mps_optimised_hydra,6.482053250001627,0.578,0.5598224635740919,0.5597188173690635,2
EthanolLevel,mps_optimised_hydra,6.471555959004036,0.564,0.5463707645712312,0.546350241326099,3
EthanolLevel,mps_optimised_hydra,6.458199207998405,0.572,0.553076207868439,0.5530073102900173,4
EthanolLevel,mps_optimised_hydra,6.462712125001417,0.604,0.5889361183478831,0.5889684346154934,5
FaceAll,mps_optimised_hydra,0.8885999999984051,0.8656804733727811,0.8918463268697396,0.8667155745958893,1
FaceAll,mps_optimised_hydra,0.7288691249996191,0.8928994082840237,0.909705550100192,0.8942439200595407,2
FaceAll,mps_optimised_hydra,0.7291020420016139,0.9183431952662722,0.919369005534133,0.918720253460622,3
FaceAll,mps_optimised_hydra,0.7391765830034274,0.8994082840236687,0.9177355557028608,0.9019528234065296,4
FaceAll,mps_optimised_hydra,0.7314472909929464,0.8964497041420119,0.910056292796466,0.8975746110456879,5
FaceFour,mps_optimised_hydra,0.1658500420016935,0.8977272727272727,0.9082177709296352,0.8945603959471449,1
FaceFour,mps_optimised_hydra,0.1115128750025178,0.875,0.8899099774943736,0.8730648571233718,2
FaceFour,mps_optimised_hydra,0.1156855000008363,0.875,0.8880618999757391,0.8718417495581048,3
FaceFour,mps_optimised_hydra,0.1093008750031003,0.8409090909090909,0.8553030303030303,0.8310606060606059,4
FaceFour,mps_optimised_hydra,0.1148283330039703,0.8636363636363636,0.8774263371037565,0.8592724479821254,5
FacesUCR,mps_optimised_hydra,0.7038639999955194,0.9536585365853658,0.94093431182044,0.9529770350207482,1
FacesUCR,mps_optimised_hydra,0.7166645420002169,0.9556097560975608,0.942928646758402,0.9551060893185384,2
FacesUCR,mps_optimised_hydra,0.7067688329989323,0.9604878048780487,0.9456155591939676,0.959852658964507,3
FacesUCR,mps_optimised_hydra,0.7099623750036699,0.9560975609756096,0.94178297683415,0.955659434247766,4
FacesUCR,mps_optimised_hydra,0.7194497919990681,0.9536585365853658,0.9413097704055368,0.9531861785023188,5
FiftyWords,mps_optimised_hydra,0.7262515420006821,0.8219780219780219,0.6962382061092613,0.7954899760832219,1
FiftyWords,mps_optimised_hydra,0.7041988750061137,0.8285714285714286,0.7052755929299566,0.8067890913085888,2
FiftyWords,mps_optimised_hydra,0.7036684170016088,0.8307692307692308,0.7109809821097092,0.8121149300546775,3
FiftyWords,mps_optimised_hydra,0.708277416000783,0.8417582417582418,0.7281975759079371,0.8198350310725828,4
FiftyWords,mps_optimised_hydra,0.7095068329945207,0.8373626373626374,0.7130341318095061,0.8172748401102066,5
Fish,mps_optimised_hydra,0.4829519589984556,0.9885714285714284,0.9888685782302804,0.9886784704657048,1
Fish,mps_optimised_hydra,0.4517659580014879,0.9885714285714284,0.9888685782302804,0.9886784704657048,2
Fish,mps_optimised_hydra,0.4518664170027477,0.9828571428571428,0.983583227661911,0.9830698875741029,3
Fish,mps_optimised_hydra,0.4549017079989426,0.9828571428571428,0.982522308609265,0.982840019883498,4
Fish,mps_optimised_hydra,0.4502283750043716,0.9828571428571428,0.983583227661911,0.9830698875741029,5
FordA,mps_optimised_hydra,10.451891750002687,0.9598484848484848,0.9598097108148989,0.9598494305566212,1
FordA,mps_optimised_hydra,10.252315833000466,0.9575757575757576,0.9575327638863036,0.9575757575757576,2
FordA,mps_optimised_hydra,10.073096499996607,0.9643939393939394,0.9643525102348632,0.9643911774500012,3
FordA,mps_optimised_hydra,10.035943709001003,0.9651515151515152,0.9651161989066066,0.9651515151515152,4
FordA,mps_optimised_hydra,10.10978900000191,0.962878787878788,0.9628463552033196,0.962881282699978,5
FordB,mps_optimised_hydra,9.50240629199834,0.8135802469135802,0.813429819195785,0.8134821418802355,1
FordB,mps_optimised_hydra,9.48926300000312,0.817283950617284,0.8172560975609755,0.8172783800060223,2
FordB,mps_optimised_hydra,9.438778957999602,0.8197530864197531,0.8197256097560975,0.8197475910870219,3
FordB,mps_optimised_hydra,9.500832167002956,0.8358024691358025,0.8356459056409474,0.8356960059593012,4
FordB,mps_optimised_hydra,9.565189207998628,0.825925925925926,0.8259044326460057,0.8259235377837125,5
FreezerRegularTrain,mps_optimised_hydra,2.4834712500014575,0.9978947368421052,0.9978947275112576,0.9978947275112576,1
FreezerRegularTrain,mps_optimised_hydra,2.5076620839972747,0.9975438596491228,0.9975438448320588,0.9975438448320586,2
FreezerRegularTrain,mps_optimised_hydra,2.4775456660063355,0.9982456140350876,0.998245608635299,0.998245608635299,3
FreezerRegularTrain,mps_optimised_hydra,2.47973975000059,0.9975438596491228,0.9975438448320588,0.9975438448320586,4
FreezerRegularTrain,mps_optimised_hydra,2.4716169999956037,0.9975438596491228,0.9975438448320588,0.9975438448320586,5
FreezerSmallTrain,mps_optimised_hydra,2.3814850420021685,0.9249122807017544,0.9248989294003144,0.9248989294003144,1
FreezerSmallTrain,mps_optimised_hydra,2.3720440000033705,0.9157894736842104,0.9157884369151974,0.9157884369151974,2
FreezerSmallTrain,mps_optimised_hydra,2.373699583004054,0.9319298245614036,0.9319264722177762,0.931926472217776,3
FreezerSmallTrain,mps_optimised_hydra,2.3822146250022342,0.90140350877193,0.9013991265108858,0.901399126510886,4
FreezerSmallTrain,mps_optimised_hydra,2.4091738749993965,0.923157894736842,0.923157658226095,0.9231576582260952,5
Fungi,mps_optimised_hydra,0.1533073329992476,1.0,1.0,1.0,1
Fungi,mps_optimised_hydra,0.0983198750036535,1.0,1.0,1.0,2
Fungi,mps_optimised_hydra,0.099122207997425,1.0,1.0,1.0,3
Fungi,mps_optimised_hydra,0.0984507909961394,1.0,1.0,1.0,4
Fungi,mps_optimised_hydra,0.099878916000307,1.0,1.0,1.0,5
GestureMidAirD1,mps_optimised_hydra,0.3763679580006283,0.7846153846153846,0.7671273171273172,0.7671273171273171,1
GestureMidAirD1,mps_optimised_hydra,0.3444108339972445,0.7461538461538462,0.7321581196581197,0.7321581196581197,2
GestureMidAirD1,mps_optimised_hydra,0.3451904999965336,0.7692307692307693,0.7621376486761101,0.7621376486761102,3
GestureMidAirD1,mps_optimised_hydra,0.369282874999044,0.7846153846153846,0.7791708291708291,0.7791708291708291,4
GestureMidAirD1,mps_optimised_hydra,0.3435009579989128,0.7692307692307693,0.7554945054945056,0.7554945054945056,5
GestureMidAirD2,mps_optimised_hydra,0.3428126250000787,0.7153846153846154,0.7084942834942836,0.7084942834942836,1
GestureMidAirD2,mps_optimised_hydra,0.3433501250037807,0.6846153846153846,0.6708650324034939,0.670865032403494,2
GestureMidAirD2,mps_optimised_hydra,0.344442292000167,0.7076923076923077,0.6978741344125959,0.697874134412596,3
GestureMidAirD2,mps_optimised_hydra,0.3436095409997506,0.6923076923076923,0.6863220113220112,0.6863220113220113,4
GestureMidAirD2,mps_optimised_hydra,0.3440683750013704,0.6846153846153846,0.6790047559278329,0.6790047559278328,5
GestureMidAirD3,mps_optimised_hydra,0.3443443340001977,0.4923076923076923,0.4815307116212093,0.4815307116212093,1
GestureMidAirD3,mps_optimised_hydra,0.344084832999215,0.4692307692307692,0.4553602380525457,0.4553602380525458,2
GestureMidAirD3,mps_optimised_hydra,0.3439532909978879,0.4846153846153846,0.4703455226734578,0.4703455226734579,3
GestureMidAirD3,mps_optimised_hydra,0.3444884169948636,0.5076923076923077,0.4941748422517654,0.4941748422517652,4
GestureMidAirD3,mps_optimised_hydra,0.343412125002942,0.4692307692307692,0.4529693157521211,0.4529693157521212,5
GesturePebbleZ1,mps_optimised_hydra,0.4169343749963445,0.8837209302325582,0.8771647194659408,0.8821737796255015,1
GesturePebbleZ1,mps_optimised_hydra,0.387387041002512,0.8837209302325582,0.8806493152816682,0.8859031849173777,2
GesturePebbleZ1,mps_optimised_hydra,0.3868822079966776,0.9244186046511628,0.9208419729130736,0.9243154834602172,3
GesturePebbleZ1,mps_optimised_hydra,0.3875276660037343,0.9011627906976744,0.8981584469221557,0.9030955088846532,4
GesturePebbleZ1,mps_optimised_hydra,0.387764209001034,0.8953488372093024,0.8911073105523307,0.8954141766260544,5
GesturePebbleZ2,mps_optimised_hydra,0.3958992920015589,0.9050632911392406,0.9036494315863884,0.9046788434989056,1
GesturePebbleZ2,mps_optimised_hydra,0.387504792000982,0.8987341772151899,0.8968588335714874,0.8973296570579773,2
GesturePebbleZ2,mps_optimised_hydra,0.3910393749974901,0.879746835443038,0.8752205565500447,0.8783285484645184,3
GesturePebbleZ2,mps_optimised_hydra,0.3898914169985801,0.8987341772151899,0.8952618910586877,0.8980793727445209,4
GesturePebbleZ2,mps_optimised_hydra,0.3890254579964676,0.9050632911392406,0.9029741446809916,0.9040574529490952,5
GunPoint,mps_optimised_hydra,0.1304899579990888,1.0,1.0,1.0,1
GunPoint,mps_optimised_hydra,0.072615000004589,1.0,1.0,1.0,2
GunPoint,mps_optimised_hydra,0.076299749998725,1.0,1.0,1.0,3
GunPoint,mps_optimised_hydra,0.0729457079942221,1.0,1.0,1.0,4
GunPoint,mps_optimised_hydra,0.0743911669997032,1.0,1.0,1.0,5
GunPointAgeSpan,mps_optimised_hydra,0.1647974170045927,0.9968354430379748,0.9968351577914208,0.9968355381201592,1
GunPointAgeSpan,mps_optimised_hydra,0.1666957499983254,1.0,1.0,1.0,2
GunPointAgeSpan,mps_optimised_hydra,0.16345970799739,1.0,1.0,1.0,3
GunPointAgeSpan,mps_optimised_hydra,0.1650679579979623,1.0,1.0,1.0,4
GunPointAgeSpan,mps_optimised_hydra,0.1664753330042003,1.0,1.0,1.0,5
GunPointMaleVersusFemale,mps_optimised_hydra,0.1665019579959334,1.0,1.0,1.0,1
GunPointMaleVersusFemale,mps_optimised_hydra,0.1629672909984947,1.0,1.0,1.0,2
GunPointMaleVersusFemale,mps_optimised_hydra,0.1734812499998952,1.0,1.0,1.0,3
GunPointMaleVersusFemale,mps_optimised_hydra,0.1716373750023194,1.0,1.0,1.0,4
GunPointMaleVersusFemale,mps_optimised_hydra,0.1711888339996221,1.0,1.0,1.0,5
GunPointOldVersusYoung,mps_optimised_hydra,0.2452779169980203,1.0,1.0,1.0,1
GunPointOldVersusYoung,mps_optimised_hydra,0.1684171249944484,1.0,1.0,1.0,2
GunPointOldVersusYoung,mps_optimised_hydra,0.1696322089992463,1.0,1.0,1.0,3
GunPointOldVersusYoung,mps_optimised_hydra,0.1735130000015488,1.0,1.0,1.0,4
GunPointOldVersusYoung,mps_optimised_hydra,0.1622616669992567,1.0,1.0,1.0,5
Ham,mps_optimised_hydra,0.2957588339995709,0.7333333333333333,0.7321428571428572,0.7326530612244898,1
Ham,mps_optimised_hydra,0.259618792006222,0.7142857142857143,0.7130102040816326,0.7135568513119532,2
Ham,mps_optimised_hydra,0.2610972499969648,0.7428571428571429,0.742014742014742,0.7424359424359425,3
Ham,mps_optimised_hydra,0.2609079999965615,0.7142857142857143,0.7140522875816994,0.7142857142857143,4
Ham,mps_optimised_hydra,0.2612728329986566,0.7428571428571429,0.7424834226541921,0.7427637128064052,5
HandOutlines,mps_optimised_hydra,16.19116270900122,0.9405405405405406,0.9343039772727272,0.9399934735872236,1
HandOutlines,mps_optimised_hydra,15.869038541997725,0.945945945945946,0.9402763429752066,0.9454486123520214,2
HandOutlines,mps_optimised_hydra,15.8651843750049,0.9432432432432432,0.9369374487667496,0.9425425994125218,3
HandOutlines,mps_optimised_hydra,15.888763832997938,0.9432432432432432,0.9371740448756822,0.9426627112254764,4
HandOutlines,mps_optimised_hydra,15.97489879099885,0.945945945945946,0.9402763429752066,0.9454486123520214,5
Haptics,mps_optimised_hydra,1.9651314169968828,0.5032467532467533,0.4939812296699195,0.4953451084190165,1
Haptics,mps_optimised_hydra,1.8934970829941449,0.5,0.4922688887102042,0.4936832044257287,2
Haptics,mps_optimised_hydra,1.897224250002182,0.5064935064935064,0.4968360946621816,0.4979223084671983,3
Haptics,mps_optimised_hydra,1.8936819169975936,0.5097402597402597,0.5007983895597233,0.5020700127062582,4
Haptics,mps_optimised_hydra,1.8917907919967547,0.5064935064935064,0.4988942832653714,0.4996568531381439,5
Herring,mps_optimised_hydra,0.1907947080035228,0.75,0.7374358974358974,0.7482051282051282,1
Herring,mps_optimised_hydra,0.1849980839979252,0.734375,0.722943722943723,0.733495670995671,2
Herring,mps_optimised_hydra,0.1857110409982851,0.703125,0.6903488668194551,0.7021422205245735,3
Herring,mps_optimised_hydra,0.1848672080013784,0.75,0.7408906882591093,0.75,4
Herring,mps_optimised_hydra,0.1877321669962839,0.71875,0.708502024291498,0.71875,5
HouseTwenty,mps_optimised_hydra,1.2088626670010854,0.9747899159663864,0.97405711794201,0.9747532760651676,1
HouseTwenty,mps_optimised_hydra,1.1454434170009336,0.957983193277311,0.9567618632366834,0.9579221267752795,2
HouseTwenty,mps_optimised_hydra,1.1440269169979729,0.957983193277311,0.9567618632366834,0.9579221267752795,3
HouseTwenty,mps_optimised_hydra,1.1411363750012242,0.957983193277311,0.9567618632366834,0.9579221267752795,4
HouseTwenty,mps_optimised_hydra,1.1440518329982297,0.9495798319327732,0.9482608695652174,0.9495798319327732,5
InlineSkate,mps_optimised_hydra,4.929709541996999,0.5054545454545455,0.5029211872910151,0.5002551631235165,1
InlineSkate,mps_optimised_hydra,4.445313832999091,0.5,0.4974108565821851,0.4933051538798767,2
InlineSkate,mps_optimised_hydra,4.437376374997257,0.4890909090909091,0.4912046181457103,0.4837543826466488,3
InlineSkate,mps_optimised_hydra,4.44302920899645,0.4945454545454545,0.4963208953639951,0.4909075102671122,4
InlineSkate,mps_optimised_hydra,4.443075750001299,0.5072727272727273,0.5061843859553367,0.5014995649661397,5
InsectEPGRegularTrain,mps_optimised_hydra,0.6791515830045682,1.0,1.0,1.0,1
InsectEPGRegularTrain,mps_optimised_hydra,0.6082260000039241,1.0,1.0,1.0,2
InsectEPGRegularTrain,mps_optimised_hydra,0.6065781249999418,1.0,1.0,1.0,3
InsectEPGRegularTrain,mps_optimised_hydra,0.6007716250023805,1.0,1.0,1.0,4
InsectEPGRegularTrain,mps_optimised_hydra,0.6009263339947211,1.0,1.0,1.0,5
InsectEPGSmallTrain,mps_optimised_hydra,0.5510301660033292,1.0,1.0,1.0,1
InsectEPGSmallTrain,mps_optimised_hydra,0.5145788749941858,1.0,1.0,1.0,2
InsectEPGSmallTrain,mps_optimised_hydra,0.5140939999982947,1.0,1.0,1.0,3
InsectEPGSmallTrain,mps_optimised_hydra,0.5128770000010263,1.0,1.0,1.0,4
InsectEPGSmallTrain,mps_optimised_hydra,0.5153092079999624,1.0,1.0,1.0,5
InsectWingbeatSound,mps_optimised_hydra,1.436521083000116,0.6505050505050505,0.6398292282808257,0.6398292282808257,1
InsectWingbeatSound,mps_optimised_hydra,1.292476707996684,0.6474747474747474,0.6373558198306728,0.6373558198306728,2
InsectWingbeatSound,mps_optimised_hydra,1.2844175419959356,0.6575757575757576,0.6485589531645575,0.6485589531645575,3
InsectWingbeatSound,mps_optimised_hydra,1.398301042005187,0.647979797979798,0.6379600039404137,0.6379600039404136,4
InsectWingbeatSound,mps_optimised_hydra,1.3179121659995872,0.6621212121212121,0.6532262297809788,0.6532262297809788,5
ItalyPowerDemand,mps_optimised_hydra,0.089046834000328,0.9689018464528668,0.9689011121856866,0.9689015527459948,1
ItalyPowerDemand,mps_optimised_hydra,0.0301784170005703,0.9718172983479106,0.9718155947853042,0.9718162336212816,2
ItalyPowerDemand,mps_optimised_hydra,0.0312490409996826,0.9698736637512148,0.9698726394378568,0.9698731515945358,3
ItalyPowerDemand,mps_optimised_hydra,0.0307595420017605,0.966958211856171,0.9669579310032186,0.966958211856171,4
ItalyPowerDemand,mps_optimised_hydra,0.0308954170031938,0.966958211856171,0.966957431697292,0.9669578997926196,5
LargeKitchenAppliances,mps_optimised_hydra,1.853028958001232,0.8746666666666667,0.8746837401627318,0.8746837401627318,1
LargeKitchenAppliances,mps_optimised_hydra,1.7594131250007194,0.8773333333333333,0.877698354387662,0.877698354387662,2
LargeKitchenAppliances,mps_optimised_hydra,1.7099531249987194,0.8613333333333333,0.8615891904886791,0.8615891904886791,3
LargeKitchenAppliances,mps_optimised_hydra,1.714065583997581,0.8746666666666667,0.8748975861851642,0.8748975861851642,4
LargeKitchenAppliances,mps_optimised_hydra,1.7190753329996369,0.872,0.872,0.872,5
Lightning2,mps_optimised_hydra,0.3103832919950946,0.7377049180327869,0.7318681318681319,0.7351107908484957,1
Lightning2,mps_optimised_hydra,0.2502761670039035,0.7540983606557377,0.7497949138638228,0.7524845681087696,2
Lightning2,mps_optimised_hydra,0.2522666250006296,0.7704918032786885,0.7653846153846153,0.7682219419924338,3
Lightning2,mps_optimised_hydra,0.2525576670013834,0.7377049180327869,0.7342047930283224,0.7367048823172255,4
Lightning2,mps_optimised_hydra,0.2520494170021266,0.7377049180327869,0.7318681318681319,0.7351107908484957,5
Lightning7,mps_optimised_hydra,0.2147634590000962,0.8356164383561644,0.8238266747775815,0.8295456988785798,1
Lightning7,mps_optimised_hydra,0.1285886660043615,0.821917808219178,0.819191792189504,0.8186895515693986,2
Lightning7,mps_optimised_hydra,0.1335554590041283,0.821917808219178,0.8296055264210948,0.8185916039090474,3
Lightning7,mps_optimised_hydra,0.1296995830052765,0.8082191780821918,0.8069339272346792,0.8045754938328838,4
Lightning7,mps_optimised_hydra,0.134140792004473,0.8356164383561644,0.8267250543942273,0.8306586276016702,5
Mallat,mps_optimised_hydra,8.089340042002732,0.9458422174840084,0.9451903176089532,0.9452086843686393,1
Mallat,mps_optimised_hydra,7.850611624999146,0.9454157782515992,0.9449004084444133,0.944904210987189,2
Mallat,mps_optimised_hydra,7.851807334001933,0.9415778251599148,0.9406659636024076,0.940704441193622,3
Mallat,mps_optimised_hydra,7.828832875005901,0.9428571428571428,0.9421966561332108,0.942218123412717,4
Mallat,mps_optimised_hydra,7.857614959000784,0.9424307036247336,0.9418636670024574,0.9418431484002866,5
Meat,mps_optimised_hydra,0.2073210410017054,0.9,0.898796325625594,0.8987963256255941,1
Meat,mps_optimised_hydra,0.1512623750022612,0.8833333333333333,0.8822443706164637,0.8822443706164637,2
Meat,mps_optimised_hydra,0.1532627909982693,0.9,0.898796325625594,0.8987963256255941,3
Meat,mps_optimised_hydra,0.1538099579993286,0.9166666666666666,0.9160731917396694,0.9160731917396692,4
Meat,mps_optimised_hydra,0.1557242090057116,0.9166666666666666,0.9160731917396694,0.9160731917396692,5
MedicalImages,mps_optimised_hydra,0.2809223340009339,0.7592105263157894,0.6580249107618072,0.7361019533920546,1
MedicalImages,mps_optimised_hydra,0.2392280000058235,0.7644736842105263,0.6971396186993466,0.7514075719141262,2
MedicalImages,mps_optimised_hydra,0.2341646659988328,0.7657894736842106,0.6899750522924919,0.7488595815669165,3
MedicalImages,mps_optimised_hydra,0.2359658330024103,0.7578947368421053,0.686659942263599,0.7427479303866549,4
MedicalImages,mps_optimised_hydra,0.2342389580007875,0.7697368421052632,0.6985987406746639,0.7551572323559304,5
MelbournePedestrian,mps_optimised_hydra,0.2446962500034715,0.9271237602414834,0.9240663038447146,0.9272090386457744,1
MelbournePedestrian,mps_optimised_hydra,0.2149545830034185,0.9335920655454938,0.9306327483915506,0.9334587948826676,2
MelbournePedestrian,mps_optimised_hydra,0.2088537080053356,0.9344545062526952,0.931402194220166,0.9346377992355274,3
MelbournePedestrian,mps_optimised_hydra,0.2045175410021329,0.936179387667098,0.933290305153222,0.9360923697791976,4
MelbournePedestrian,mps_optimised_hydra,0.2218728340012603,0.9297110823630876,0.9269981822035612,0.9298343862642622,5
MiddlePhalanxOutlineCorrect,mps_optimised_hydra,0.1827570000023115,0.845360824742268,0.8406565994572954,0.844514064190973,1
MiddlePhalanxOutlineCorrect,mps_optimised_hydra,0.1980988330033142,0.865979381443299,0.8615587298876515,0.8650442436142197,2
MiddlePhalanxOutlineCorrect,mps_optimised_hydra,0.1688904999973601,0.8075601374570447,0.8014619883040937,0.8063644219368582,3
MiddlePhalanxOutlineCorrect,mps_optimised_hydra,0.1712591250034165,0.8487972508591065,0.843609536837991,0.8476226740996087,4
MiddlePhalanxOutlineCorrect,mps_optimised_hydra,0.1836229170003207,0.8213058419243986,0.8151749071721712,0.8199177057540831,5
MiddlePhalanxOutlineAgeGroup,mps_optimised_hydra,0.1051189589998102,0.5974025974025974,0.499843152017065,0.5764982241549153,1
MiddlePhalanxOutlineAgeGroup,mps_optimised_hydra,0.1065993330048513,0.6233766233766234,0.5217863918371534,0.6007483364197717,2
MiddlePhalanxOutlineAgeGroup,mps_optimised_hydra,0.100601625003037,0.6038961038961039,0.4852644087938205,0.5711380419936569,3
MiddlePhalanxOutlineAgeGroup,mps_optimised_hydra,0.1063354580037412,0.6038961038961039,0.5079059829059829,0.5843697968697968,4
MiddlePhalanxOutlineAgeGroup,mps_optimised_hydra,0.1012942500019562,0.5324675324675324,0.4371037597980603,0.5146354163970744,5
MiddlePhalanxTW,mps_optimised_hydra,0.1084629589968244,0.538961038961039,0.3751381331474747,0.5200371997385922,1
MiddlePhalanxTW,mps_optimised_hydra,0.1091078340032254,0.5324675324675324,0.3718190916407007,0.5168563782846401,2
MiddlePhalanxTW,mps_optimised_hydra,0.1088752919968101,0.525974025974026,0.3746755379803115,0.5133921565990109,3
MiddlePhalanxTW,mps_optimised_hydra,0.1081247080001048,0.5324675324675324,0.375953962980541,0.5178031895331373,4
MiddlePhalanxTW,mps_optimised_hydra,0.1106156250025378,0.5454545454545454,0.3808210007047216,0.5270990637269707,5
MixedShapesRegularTrain,mps_optimised_hydra,9.913502333998622,0.9797938144329896,0.9794579772460928,0.9798026725140137,1
MixedShapesRegularTrain,mps_optimised_hydra,9.86796470900299,0.982680412371134,0.9821020330738576,0.9826834536647155,2
MixedShapesRegularTrain,mps_optimised_hydra,9.715142624998409,0.9810309278350516,0.9808246750305408,0.9810347072901382,3
MixedShapesRegularTrain,mps_optimised_hydra,9.563780625001527,0.982680412371134,0.9823520349427745,0.982669580018581,4
MixedShapesRegularTrain,mps_optimised_hydra,9.5781006670004,0.9802061855670104,0.97978877458392,0.980242739039654,5
MixedShapesSmallTrain,mps_optimised_hydra,8.230341707996558,0.964123711340206,0.9632755402641364,0.9639278841699992,1
MixedShapesSmallTrain,mps_optimised_hydra,8.240668499995081,0.9657731958762886,0.9652630089521724,0.9655664784527956,2
MixedShapesSmallTrain,mps_optimised_hydra,8.24130145899835,0.964123711340206,0.9632633647347282,0.9638787756213488,3
MixedShapesSmallTrain,mps_optimised_hydra,8.23496399999567,0.964123711340206,0.9637432717381528,0.9639699146338642,4
MixedShapesSmallTrain,mps_optimised_hydra,8.244277124998916,0.9649484536082474,0.964517961783726,0.9647877967772648,5
MoteStrain,mps_optimised_hydra,0.349211082997499,0.93370607028754,0.9330168399000888,0.9335486869707204,1
MoteStrain,mps_optimised_hydra,0.2091251250021741,0.9384984025559104,0.9378176313241652,0.9383269105662342,2
MoteStrain,mps_optimised_hydra,0.2112159999960567,0.937699680511182,0.9371024461877342,0.9375821917918152,3
MoteStrain,mps_optimised_hydra,0.2083783330017468,0.93370607028754,0.9330599887269506,0.9335747528971762,4
MoteStrain,mps_optimised_hydra,0.207880624999234,0.9400958466453674,0.9395120380062808,0.93997718635287,5
NonInvasiveFetalECGThorax1,mps_optimised_hydra,9.446890708997673,0.944529262086514,0.9389523972952588,0.942254540910086,1
NonInvasiveFetalECGThorax1,mps_optimised_hydra,9.709966207999967,0.9450381679389313,0.940967394777868,0.9436459307342075,2
NonInvasiveFetalECGThorax1,mps_optimised_hydra,9.375194041000212,0.9450381679389313,0.9402503004642478,0.943450129723522,3
NonInvasiveFetalECGThorax1,mps_optimised_hydra,9.385233916000288,0.943002544529262,0.93767230606229,0.9412429875372048,4
NonInvasiveFetalECGThorax1,mps_optimised_hydra,9.396604875000776,0.9424936386768448,0.9372365677363572,0.9406252294567752,5
NonInvasiveFetalECGThorax2,mps_optimised_hydra,9.379767333004564,0.9618320610687024,0.958186426340066,0.960988483699623,1
NonInvasiveFetalECGThorax2,mps_optimised_hydra,9.381663208005191,0.9557251908396946,0.951344488666036,0.9545491674074652,2
NonInvasiveFetalECGThorax2,mps_optimised_hydra,9.427161917003104,0.9587786259541984,0.9554968362282038,0.9582387269629814,3
NonInvasiveFetalECGThorax2,mps_optimised_hydra,9.415386458000285,0.9587786259541984,0.9550419222957212,0.9580307986022136,4
NonInvasiveFetalECGThorax2,mps_optimised_hydra,9.385773875001178,0.9582697201017812,0.954514567882139,0.9576963929626412,5
OliveOil,mps_optimised_hydra,0.1882724999959464,0.9333333333333332,0.9302944862155388,0.9318295739348372,1
OliveOil,mps_optimised_hydra,0.1182675829986692,0.9333333333333332,0.9302944862155388,0.9318295739348372,2
OliveOil,mps_optimised_hydra,0.1146477079964825,0.9333333333333332,0.9302944862155388,0.9318295739348372,3
OliveOil,mps_optimised_hydra,0.1159170000028098,0.9333333333333332,0.9302944862155388,0.9318295739348372,4
OliveOil,mps_optimised_hydra,0.117268874993897,0.9666666666666668,0.9759725400457666,0.9668192219679634,5
OSULeaf,mps_optimised_hydra,0.5901366670004791,0.987603305785124,0.9849250850261972,0.9875115754896652,1
OSULeaf,mps_optimised_hydra,0.5239357919999748,0.987603305785124,0.9850871140244952,0.9875064332220856,2
OSULeaf,mps_optimised_hydra,0.5243037920008646,0.987603305785124,0.9851621808143548,0.987603305785124,3
OSULeaf,mps_optimised_hydra,0.5237270409998018,0.9917355371900828,0.9907123235767736,0.9917139307513638,4
OSULeaf,mps_optimised_hydra,0.5241965419991175,0.9834710743801652,0.9791197799449862,0.9832013788571108,5
PhalangesOutlinesCorrect,mps_optimised_hydra,0.841457457994693,0.824009324009324,0.8060633821475564,0.8194025113474909,1
PhalangesOutlinesCorrect,mps_optimised_hydra,0.8102474159968551,0.8251748251748252,0.8043371178720635,0.8187746722175484,2
PhalangesOutlinesCorrect,mps_optimised_hydra,0.8058869160013273,0.8088578088578089,0.7853390042531899,0.8014046665535282,3
PhalangesOutlinesCorrect,mps_optimised_hydra,0.879429666994838,0.8146853146853147,0.7924203024027583,0.8077918767188293,4
PhalangesOutlinesCorrect,mps_optimised_hydra,1.1030401669995626,0.8065268065268065,0.7856097781256586,0.8007512091324598,5
Phoneme,mps_optimised_hydra,7.111218250000093,0.3238396624472573,0.1562732508226431,0.2834726746680241,1
Phoneme,mps_optimised_hydra,6.974180583005364,0.3190928270042194,0.1551379127359083,0.2797963701849268,2
Phoneme,mps_optimised_hydra,6.874110166994797,0.3275316455696203,0.1565214869946632,0.2873730320591074,3
Phoneme,mps_optimised_hydra,6.883364374996745,0.3212025316455696,0.1529931093468131,0.2803236079342873,4
Phoneme,mps_optimised_hydra,6.904460666999512,0.3222573839662447,0.1575633048759208,0.2822489361420746,5
PickupGestureWiimoteZ,mps_optimised_hydra,0.1509895830022287,0.84,0.8227633477633478,0.8227633477633478,1
PickupGestureWiimoteZ,mps_optimised_hydra,0.1040235420005046,0.88,0.8757070707070707,0.8757070707070708,2
PickupGestureWiimoteZ,mps_optimised_hydra,0.1043040840013418,0.86,0.8575252525252527,0.8575252525252526,3
PickupGestureWiimoteZ,mps_optimised_hydra,0.1038455829984741,0.84,0.8317676767676769,0.8317676767676768,4
PickupGestureWiimoteZ,mps_optimised_hydra,0.1049257089980528,0.86,0.8593434343434343,0.8593434343434343,5
PigAirwayPressure,mps_optimised_hydra,2.24617470800149,0.7596153846153846,0.7427045177045175,0.7427045177045175,1
PigAirwayPressure,mps_optimised_hydra,2.2533587910002097,0.7836538461538461,0.771707459207459,0.771707459207459,2
PigAirwayPressure,mps_optimised_hydra,2.2649147499978426,0.7836538461538461,0.7662531912531911,0.7662531912531911,3
PigAirwayPressure,mps_optimised_hydra,2.4092327920006937,0.7980769230769231,0.7839077589077588,0.7839077589077588,4
PigAirwayPressure,mps_optimised_hydra,2.25347858400346,0.7836538461538461,0.7678932178932177,0.7678932178932177,5
PigArtPressure,mps_optimised_hydra,2.2580671249961597,0.9855769230769232,0.9848595848595848,0.9848595848595848,1
PigArtPressure,mps_optimised_hydra,2.254551792000711,0.9855769230769232,0.9848595848595848,0.9848595848595848,2
PigArtPressure,mps_optimised_hydra,2.2549005830005626,0.9855769230769232,0.9848595848595848,0.9848595848595848,3
PigArtPressure,mps_optimised_hydra,2.260801459000504,0.9855769230769232,0.9848595848595848,0.9848595848595848,4
PigArtPressure,mps_optimised_hydra,2.270159332998446,0.9855769230769232,0.9848595848595848,0.9848595848595848,5
PigCVP,mps_optimised_hydra,2.248164666001685,0.9615384615384616,0.9611777111777112,0.9611777111777112,1
PigCVP,mps_optimised_hydra,2.2452311249944614,0.9567307692307692,0.9562326562326564,0.9562326562326564,2
PigCVP,mps_optimised_hydra,2.2443122920012684,0.9615384615384616,0.9606893106893106,0.9606893106893106,3
PigCVP,mps_optimised_hydra,2.246316167002078,0.9615384615384616,0.9616050616050617,0.9616050616050617,4
PigCVP,mps_optimised_hydra,2.2444452909985557,0.9615384615384616,0.9611777111777112,0.9611777111777112,5
PLAID,mps_optimised_hydra,6.009430999998585,0.8547486033519553,0.7911959436573587,0.8474333427644212,1
PLAID,mps_optimised_hydra,5.427718375001859,0.8696461824953445,0.8200631947409395,0.8611952467284332,2
PLAID,mps_optimised_hydra,5.5020036670030095,0.851024208566108,0.7902508145728722,0.846219470478911,3
PLAID,mps_optimised_hydra,5.461451250004757,0.8696461824953445,0.8167615421838446,0.8631481223464033,4
PLAID,mps_optimised_hydra,5.417246582997905,0.851024208566108,0.7990445062779863,0.8453133639583,5
Plane,mps_optimised_hydra,0.2897056250003516,1.0,1.0,1.0,1
Plane,mps_optimised_hydra,0.0965446250047534,1.0,1.0,1.0,2
Plane,mps_optimised_hydra,0.0732992499979445,1.0,1.0,1.0,3
Plane,mps_optimised_hydra,0.0753831249967333,1.0,1.0,1.0,4
Plane,mps_optimised_hydra,0.0764541669996106,1.0,1.0,1.0,5
PowerCons,mps_optimised_hydra,0.2665507909987354,0.9777777777777776,0.9777750339548092,0.9777750339548092,1
PowerCons,mps_optimised_hydra,0.1337981249962467,0.9777777777777776,0.9777750339548092,0.9777750339548092,2
PowerCons,mps_optimised_hydra,0.1280199579996406,0.9777777777777776,0.9777750339548092,0.9777750339548092,3
PowerCons,mps_optimised_hydra,0.1257538330028182,0.9722222222222222,0.972214504028897,0.9722145040288968,4
PowerCons,mps_optimised_hydra,0.1310889160013175,0.9611111111111112,0.961109910799716,0.961109910799716,5
ProximalPhalanxOutlineCorrect,mps_optimised_hydra,0.1725699169983272,0.9003436426116839,0.8754960829731046,0.8959475359063968,1
ProximalPhalanxOutlineCorrect,mps_optimised_hydra,0.1685182500004884,0.9037800687285223,0.8811413233749562,0.9002149119799292,2
ProximalPhalanxOutlineCorrect,mps_optimised_hydra,0.1666627090016845,0.8969072164948454,0.8707049763033176,0.8921068060780771,3
ProximalPhalanxOutlineCorrect,mps_optimised_hydra,0.1821717499988153,0.9037800687285223,0.879324644549763,0.8992996856728718,4
ProximalPhalanxOutlineCorrect,mps_optimised_hydra,0.1808347499973024,0.8934707903780069,0.8679151353646573,0.8892780657273791,5
ProximalPhalanxOutlineAgeGroup,mps_optimised_hydra,0.1136762500027543,0.8585365853658536,0.7819968924839186,0.8612585212676575,1
ProximalPhalanxOutlineAgeGroup,mps_optimised_hydra,0.1121086249986547,0.8536585365853658,0.774785775428524,0.8571133807993091,2
ProximalPhalanxOutlineAgeGroup,mps_optimised_hydra,0.1078673329975572,0.848780487804878,0.7637832630318181,0.8508312344488856,3
ProximalPhalanxOutlineAgeGroup,mps_optimised_hydra,0.1113935829998808,0.8536585365853658,0.7781762545899634,0.8560647222139296,4
ProximalPhalanxOutlineAgeGroup,mps_optimised_hydra,0.1130052079970482,0.8536585365853658,0.7781762545899634,0.8560647222139296,5
ProximalPhalanxTW,mps_optimised_hydra,0.1153157079970697,0.7902439024390244,0.4620653826700859,0.7588412225071335,1
ProximalPhalanxTW,mps_optimised_hydra,0.1165563339964137,0.8195121951219512,0.5281004911268069,0.7884230346746394,2
ProximalPhalanxTW,mps_optimised_hydra,0.1131644169945502,0.8195121951219512,0.5009651388961733,0.7854988998807334,3
ProximalPhalanxTW,mps_optimised_hydra,0.1157155830005649,0.8146341463414634,0.5036473047036427,0.7876946329368177,4
ProximalPhalanxTW,mps_optimised_hydra,0.1274098339999909,0.8146341463414634,0.4999489399489399,0.7794728848387386,5
RefrigerationDevices,mps_optimised_hydra,1.8409196249995148,0.512,0.5097857989020711,0.5097857989020711,1
RefrigerationDevices,mps_optimised_hydra,1.728761708996899,0.4773333333333333,0.4703745657158129,0.4703745657158129,2
RefrigerationDevices,mps_optimised_hydra,1.727214875005302,0.5066666666666667,0.5010685283616415,0.5010685283616415,3
RefrigerationDevices,mps_optimised_hydra,1.732384250004543,0.48,0.4738765127246723,0.4738765127246723,4
RefrigerationDevices,mps_optimised_hydra,1.7278437499990105,0.5146666666666667,0.508857497335465,0.5088574973354649,5
Rock,mps_optimised_hydra,0.8996568330039736,0.92,0.9193970503181028,0.9202955465587044,1
Rock,mps_optimised_hydra,0.8299302919986076,0.9,0.8912037037037037,0.903148148148148,2
Rock,mps_optimised_hydra,0.8308027910024975,0.92,0.9193970503181028,0.9202955465587044,3
Rock,mps_optimised_hydra,0.8300637089996599,0.9,0.8923315232525759,0.9005316067947646,4
Rock,mps_optimised_hydra,0.8315990830014925,0.92,0.9193970503181028,0.9202955465587044,5
ScreenType,mps_optimised_hydra,1.7854799999986426,0.4746666666666667,0.4710811403886072,0.4710811403886072,1
ScreenType,mps_optimised_hydra,1.73346962499636,0.4986666666666666,0.4980087722689806,0.4980087722689806,2
ScreenType,mps_optimised_hydra,1.7293820419945405,0.496,0.4942794565512618,0.4942794565512619,3
ScreenType,mps_optimised_hydra,1.7211848329970962,0.4746666666666667,0.4723804513687781,0.4723804513687782,4
ScreenType,mps_optimised_hydra,1.7205768750063726,0.4746666666666667,0.4751361569479256,0.4751361569479256,5
SemgHandGenderCh2,mps_optimised_hydra,4.987604541995097,0.8216666666666667,0.8096079762988622,0.8239825740882981,1
SemgHandGenderCh2,mps_optimised_hydra,5.0279304170035175,0.8316666666666667,0.8196294367140413,0.8336081553687031,2
SemgHandGenderCh2,mps_optimised_hydra,4.962651207999443,0.8333333333333334,0.8215793793341343,0.835317767125406,3
SemgHandGenderCh2,mps_optimised_hydra,4.961400833002699,0.825,0.8117824204780726,0.8267457180500659,4
SemgHandGenderCh2,mps_optimised_hydra,4.980955624996568,0.8316666666666667,0.8215290192047734,0.8342896943316321,5
SemgHandMovementCh2,mps_optimised_hydra,4.93735466599901,0.4822222222222222,0.4833391113080034,0.4833391113080034,1
SemgHandMovementCh2,mps_optimised_hydra,4.933728625001095,0.5155555555555555,0.5157446553916839,0.5157446553916839,2
SemgHandMovementCh2,mps_optimised_hydra,4.957126415996754,0.4933333333333333,0.4963184808746261,0.4963184808746261,3
SemgHandMovementCh2,mps_optimised_hydra,4.928486708995479,0.4755555555555555,0.4758984387932508,0.4758984387932507,4
SemgHandMovementCh2,mps_optimised_hydra,4.934748291998403,0.48,0.480709825076496,0.480709825076496,5
SemgHandSubjectCh2,mps_optimised_hydra,4.946651375001238,0.78,0.7777018661144683,0.7777018661144683,1
SemgHandSubjectCh2,mps_optimised_hydra,4.960989209001127,0.7844444444444445,0.7831291075466577,0.7831291075466578,2
SemgHandSubjectCh2,mps_optimised_hydra,4.930851290999271,0.7644444444444445,0.7621603591445357,0.7621603591445356,3
SemgHandSubjectCh2,mps_optimised_hydra,4.9475924170037615,0.7555555555555555,0.7533692551313391,0.7533692551313392,4
SemgHandSubjectCh2,mps_optimised_hydra,5.030635541996162,0.7533333333333333,0.7508726533166458,0.7508726533166459,5
ShakeGestureWiimoteZ,mps_optimised_hydra,0.1604317919991444,0.94,0.940909090909091,0.9409090909090908,1
ShakeGestureWiimoteZ,mps_optimised_hydra,0.1109368340039509,0.92,0.9194444444444444,0.9194444444444446,2
ShakeGestureWiimoteZ,mps_optimised_hydra,0.1154719999976805,0.9,0.8951770451770452,0.8951770451770451,3
ShakeGestureWiimoteZ,mps_optimised_hydra,0.109890332998475,0.94,0.9435897435897436,0.9435897435897436,4
ShakeGestureWiimoteZ,mps_optimised_hydra,0.1145981669978937,0.9,0.8951770451770452,0.8951770451770451,5
ShapeletSim,mps_optimised_hydra,0.2917839159999857,0.9888888888888888,0.9888875169774046,0.9888875169774048,1
ShapeletSim,mps_optimised_hydra,0.2824792500032345,0.9833333333333332,0.9833287024173382,0.983328702417338,2
ShapeletSim,mps_optimised_hydra,0.2824009999967529,0.9888888888888888,0.9888875169774046,0.9888875169774048,3
ShapeletSim,mps_optimised_hydra,0.2821388330048648,0.9888888888888888,0.9888875169774046,0.9888875169774048,4
ShapeletSim,mps_optimised_hydra,0.2821668749966193,0.9833333333333332,0.9833287024173382,0.983328702417338,5
ShapesAll,mps_optimised_hydra,1.7295172499943874,0.9316666666666666,0.9312882731303784,0.9312882731303784,1
ShapesAll,mps_optimised_hydra,1.7106027919944609,0.9316666666666666,0.9304828700312612,0.9304828700312616,2
ShapesAll,mps_optimised_hydra,1.7429846669983815,0.9233333333333332,0.9207857433244429,0.9207857433244432,3
ShapesAll,mps_optimised_hydra,1.814877874996455,0.9283333333333332,0.927016416825274,0.927016416825274,4
ShapesAll,mps_optimised_hydra,1.7332155420008348,0.93,0.9291927165429654,0.9291927165429658,5
SmallKitchenAppliances,mps_optimised_hydra,1.7223947500024224,0.808,0.8073238652186022,0.807323865218602,1
SmallKitchenAppliances,mps_optimised_hydra,1.7205751250003232,0.8213333333333334,0.8211673467448998,0.8211673467448997,2
SmallKitchenAppliances,mps_optimised_hydra,1.7230780000027153,0.7973333333333333,0.7967584517296044,0.7967584517296042,3
SmallKitchenAppliances,mps_optimised_hydra,1.717925084005401,0.8133333333333334,0.812865094039601,0.8128650940396013,4
SmallKitchenAppliances,mps_optimised_hydra,1.722594457998639,0.824,0.8229481750352893,0.8229481750352893,5
SmoothSubspace,mps_optimised_hydra,0.0508757089992286,0.98,0.97999799979998,0.97999799979998,1
SmoothSubspace,mps_optimised_hydra,0.0079996249987743,0.98,0.98006533986732,0.98006533986732,2
SmoothSubspace,mps_optimised_hydra,0.0075661670052795,0.94,0.93992799279928,0.93992799279928,3
SmoothSubspace,mps_optimised_hydra,0.0075574580041575,0.9533333333333334,0.9535711116848428,0.9535711116848428,4
SmoothSubspace,mps_optimised_hydra,0.0081819999977597,0.96,0.9599839935974388,0.9599839935974388,5
SonyAIBORobotSurface1,mps_optimised_hydra,0.1715129170042928,0.9234608985024958,0.9231372330960854,0.9238426576998006,1
SonyAIBORobotSurface1,mps_optimised_hydra,0.0888734159962041,0.9284525790349416,0.928101447541572,0.9288120708019632,2
SonyAIBORobotSurface1,mps_optimised_hydra,0.0868709999995189,0.9151414309484192,0.9148689747114944,0.9155501153038068,3
SonyAIBORobotSurface1,mps_optimised_hydra,0.0872085000009974,0.9334442595673876,0.9330690246564358,0.933777801710456,4
SonyAIBORobotSurface1,mps_optimised_hydra,0.0886160420050146,0.9151414309484192,0.9148689747114944,0.9155501153038068,5
SonyAIBORobotSurface2,mps_optimised_hydra,0.3674598329962464,0.9485834207764952,0.945799039641206,0.948673655350324,1
SonyAIBORobotSurface2,mps_optimised_hydra,0.134512166994682,0.9464847848898216,0.9438617281897218,0.9467012507340046,2
SonyAIBORobotSurface2,mps_optimised_hydra,0.1276795830053743,0.950682056663169,0.9482647299003318,0.9508815447940828,3
SonyAIBORobotSurface2,mps_optimised_hydra,0.1264974160003475,0.949632738719832,0.9471387630581491,0.9498255097854696,4
SonyAIBORobotSurface2,mps_optimised_hydra,0.1305534999992232,0.9517313746065058,0.9492432452459684,0.9518728795938348,5
StarLightCurves,mps_optimised_hydra,30.916015667004103,0.9822729480330258,0.9730647544498142,0.9819090606777892,1
StarLightCurves,mps_optimised_hydra,30.849801374999515,0.9817872753763964,0.9723221673125167,0.9813873335830582,2
StarLightCurves,mps_optimised_hydra,30.610293208002982,0.982030111704711,0.9726598716421048,0.981647929826895,3
StarLightCurves,mps_optimised_hydra,30.58150433300034,0.9814230208839242,0.9717983127820814,0.9810253781079796,4
StarLightCurves,mps_optimised_hydra,30.392545208997035,0.9817872753763964,0.97236032382397,0.9813889760766694,5
Strawberry,mps_optimised_hydra,0.6182106249980279,0.9756756756756756,0.9737172353372956,0.9757726281676746,1
Strawberry,mps_optimised_hydra,0.561799292001524,0.9702702702702702,0.9677728420869264,0.9703430108969696,2
Strawberry,mps_optimised_hydra,0.5781362500056275,0.981081081081081,0.9794918086007712,0.9811273705707988,3
Strawberry,mps_optimised_hydra,0.5766460829981952,0.972972972972973,0.970654484312046,0.9730175592933756,4
Strawberry,mps_optimised_hydra,0.5775685830012662,0.9756756756756756,0.9737999512191284,0.9758083026574516,5
SwedishLeaf,mps_optimised_hydra,0.3175256250033271,0.9808,0.981123474449032,0.980623145368946,1
SwedishLeaf,mps_optimised_hydra,0.321424041998398,0.984,0.9841383411154476,0.9839708690397186,2
SwedishLeaf,mps_optimised_hydra,0.3068419160044868,0.9824,0.982358506245416,0.982256414885576,3
SwedishLeaf,mps_optimised_hydra,0.2952744169961079,0.9776,0.9780170036683082,0.977554873727508,4
SwedishLeaf,mps_optimised_hydra,0.2943082089987001,0.976,0.9761849368868932,0.9758727596853624,5
Symbols,mps_optimised_hydra,1.3445662499943865,0.9798994974874372,0.9801973407269662,0.9799948978824932,1
Symbols,mps_optimised_hydra,1.1359632500025327,0.978894472361809,0.9792164935978702,0.9789965909862184,2
Symbols,mps_optimised_hydra,1.1209905420037105,0.9819095477386934,0.9821591304013774,0.9819906109895348,3
Symbols,mps_optimised_hydra,1.1986557909986004,0.9798994974874372,0.9801973407269662,0.9799948978824932,4
Symbols,mps_optimised_hydra,1.2164907499973197,0.9778894472361808,0.978203704837984,0.9779914085521488,5
SyntheticControl,mps_optimised_hydra,0.1305871250006021,0.9633333333333334,0.9636602818536928,0.9636602818536926,1
SyntheticControl,mps_optimised_hydra,0.0634398749971296,0.96,0.9605211577410758,0.9605211577410758,2
SyntheticControl,mps_optimised_hydra,0.0621759159985231,0.97,0.9701860644406892,0.9701860644406888,3
SyntheticControl,mps_optimised_hydra,0.0649247910041594,0.96,0.960430829519004,0.960430829519004,4
SyntheticControl,mps_optimised_hydra,0.0652252500003669,0.9666666666666668,0.9672794523064528,0.9672794523064528,5
ToeSegmentation1,mps_optimised_hydra,0.2954947079997509,0.9605263157894736,0.9605194805194806,0.960546821599453,1
ToeSegmentation1,mps_optimised_hydra,0.2123165840021101,0.956140350877193,0.9561369757599076,0.9561572264636196,2
ToeSegmentation1,mps_optimised_hydra,0.2081963329983409,0.956140350877193,0.9561369757599076,0.9561572264636196,3
ToeSegmentation1,mps_optimised_hydra,0.2123453329986659,0.956140350877193,0.9561369757599076,0.9561572264636196,4
ToeSegmentation1,mps_optimised_hydra,0.2122577080008341,0.956140350877193,0.9561369757599076,0.9561572264636196,5
ToeSegmentation2,mps_optimised_hydra,0.2383233340005972,0.8923076923076924,0.8317307692307692,0.8954142011834318,1
ToeSegmentation2,mps_optimised_hydra,0.1619377500028349,0.8923076923076924,0.8317307692307692,0.8954142011834318,2
ToeSegmentation2,mps_optimised_hydra,0.1662811249989317,0.9,0.8459575243824629,0.9035092516634764,3
ToeSegmentation2,mps_optimised_hydra,0.1657450000056997,0.9076923076923076,0.8514285714285714,0.909098901098901,4
ToeSegmentation2,mps_optimised_hydra,0.1596185410016914,0.9,0.8414485411389436,0.902223473121306,5
Trace,mps_optimised_hydra,0.2058967500051949,1.0,1.0,1.0,1
Trace,mps_optimised_hydra,0.1621989999985089,1.0,1.0,1.0,2
Trace,mps_optimised_hydra,0.1639116670048679,1.0,1.0,1.0,3
Trace,mps_optimised_hydra,0.1628278749994933,1.0,1.0,1.0,4
Trace,mps_optimised_hydra,0.1577502919972175,1.0,1.0,1.0,5
TwoLeadECG,mps_optimised_hydra,0.270955292005965,0.9991220368744512,0.9991220368744512,0.9991220368744512,1
TwoLeadECG,mps_optimised_hydra,0.1851833749969955,0.9991220368744512,0.9991220368744512,0.9991220368744512,2
TwoLeadECG,mps_optimised_hydra,0.1874448329981533,0.9991220368744512,0.9991220368744512,0.9991220368744512,3
TwoLeadECG,mps_optimised_hydra,0.1884284170009778,0.9991220368744512,0.9991220368744512,0.9991220368744512,4
TwoLeadECG,mps_optimised_hydra,0.1899739590007811,0.9991220368744512,0.9991220368744512,0.9991220368744512,5
TwoPatterns,mps_optimised_hydra,1.4146422920020996,0.987,0.9870206754539576,0.9869841802796544,1
TwoPatterns,mps_optimised_hydra,1.2831866659980733,0.98825,0.988233598057888,0.9882284778463356,2
TwoPatterns,mps_optimised_hydra,1.2840678339998703,0.98825,0.9882898152461436,0.9882469699359012,3
TwoPatterns,mps_optimised_hydra,1.2819806249972316,0.987,0.9870312660133442,0.9869848309427116,4
TwoPatterns,mps_optimised_hydra,1.2832605420044274,0.98375,0.9836834790187352,0.9837036440966204,5
UMD,mps_optimised_hydra,0.1421138750010868,0.9861111111111112,0.9861103575088924,0.9861103575088924,1
UMD,mps_optimised_hydra,0.0669375829966156,0.9861111111111112,0.9861103575088924,0.9861103575088924,2
UMD,mps_optimised_hydra,0.0663256249972619,0.9861111111111112,0.9861103575088924,0.9861103575088924,3
UMD,mps_optimised_hydra,0.0702817499986849,0.9861111111111112,0.9861103575088924,0.9861103575088924,4
UMD,mps_optimised_hydra,0.0661739999995916,0.9930555555555556,0.993054801953337,0.993054801953337,5
UWaveGestureLibraryAll,mps_optimised_hydra,13.998093791997237,0.9734785036292574,0.973284178715308,0.973448216853123,1
UWaveGestureLibraryAll,mps_optimised_hydra,13.464620541999466,0.9704075935231714,0.9701726014682728,0.9703572794137624,2
UWaveGestureLibraryAll,mps_optimised_hydra,13.476595790998545,0.9731993299832497,0.9729606109953622,0.9731462369338526,3
UWaveGestureLibraryAll,mps_optimised_hydra,13.503796000004511,0.9723618090452262,0.9721504480791172,0.9723178158473064,4
UWaveGestureLibraryAll,mps_optimised_hydra,13.4738053330002,0.9723618090452262,0.9721562646331988,0.972323241028341,5
UWaveGestureLibraryX,mps_optimised_hydra,4.014048541997909,0.8542713567839196,0.8499951234585554,0.8514956980404531,1
UWaveGestureLibraryX,mps_optimised_hydra,3.970457415998681,0.8545505304299275,0.8502842411493118,0.8517557325117614,2
UWaveGestureLibraryX,mps_optimised_hydra,3.94525212499866,0.8595756560580681,0.8553598930460974,0.8568297773469621,3
UWaveGestureLibraryX,mps_optimised_hydra,3.9124008750004577,0.8573422668900056,0.8529535264681015,0.8544253737809624,4
UWaveGestureLibraryX,mps_optimised_hydra,3.965434833000472,0.8606923506420994,0.8566809663763981,0.8580584294850457,5
UWaveGestureLibraryY,mps_optimised_hydra,4.046576458000345,0.7931323283082077,0.7909430709364811,0.7908925779761701,1
UWaveGestureLibraryY,mps_optimised_hydra,3.924534167003003,0.7889447236180904,0.7866905950102614,0.7865507345327991,2
UWaveGestureLibraryY,mps_optimised_hydra,3.9096461670051217,0.7967615857063093,0.7941665453811609,0.7939931809069795,3
UWaveGestureLibraryY,mps_optimised_hydra,3.93335370800196,0.80178671133445,0.7992157261319547,0.7990797861503861,4
UWaveGestureLibraryY,mps_optimised_hydra,3.9991790409985697,0.7922948073701842,0.7899496033546394,0.7898646431966954,5
UWaveGestureLibraryZ,mps_optimised_hydra,3.912533249997068,0.7897822445561139,0.785869362618486,0.7848673256947203,1
UWaveGestureLibraryZ,mps_optimised_hydra,3.9131249589991057,0.7964824120603015,0.7926087129307698,0.7916351525500447,2
UWaveGestureLibraryZ,mps_optimised_hydra,3.941393374996551,0.7962032384142937,0.7922024178999303,0.7912143914540448,3
UWaveGestureLibraryZ,mps_optimised_hydra,3.944880666997051,0.7981574539363484,0.7944921168429929,0.793561504544512,4
UWaveGestureLibraryZ,mps_optimised_hydra,3.9168353750064857,0.7917364600781687,0.7874027184456396,0.7864152537165099,5
Wafer,mps_optimised_hydra,2.867275167001935,1.0,1.0,1.0,1
Wafer,mps_optimised_hydra,2.596427542004676,1.0,1.0,1.0,2
Wafer,mps_optimised_hydra,3.650652541997261,1.0,1.0,1.0,3
Wafer,mps_optimised_hydra,2.5903603750048205,1.0,1.0,1.0,4
Wafer,mps_optimised_hydra,2.588359625005978,1.0,1.0,1.0,5
Wine,mps_optimised_hydra,0.4246473339953809,0.8703703703703703,0.8703259005145798,0.8703259005145798,1
Wine,mps_optimised_hydra,0.0743121249979594,0.925925925925926,0.925925925925926,0.925925925925926,2
Wine,mps_optimised_hydra,0.0629412089983816,0.8888888888888888,0.8887362637362637,0.8887362637362637,3
Wine,mps_optimised_hydra,0.0629490829960559,0.9074074074074074,0.9071207430340558,0.9071207430340557,4
Wine,mps_optimised_hydra,0.06671754099807,0.925925925925926,0.925824175824176,0.925824175824176,5
WordSynonyms,mps_optimised_hydra,0.9610545000032288,0.7460815047021944,0.6074437125319883,0.7190702467492316,1
WordSynonyms,mps_optimised_hydra,0.6978962079956545,0.7460815047021944,0.6201100573713705,0.7220770067884478,2
WordSynonyms,mps_optimised_hydra,0.6937588330038125,0.7366771159874608,0.5960496004758666,0.7123258707801476,3
WordSynonyms,mps_optimised_hydra,0.6947549160031485,0.7398119122257053,0.6184239179608264,0.7189260272648491,4
WordSynonyms,mps_optimised_hydra,0.6934681669954443,0.7523510971786834,0.6247369452192267,0.7311173999593921,5
Worms,mps_optimised_hydra,1.0866574999963632,0.7532467532467533,0.7250458461726068,0.7386578423710305,1
Worms,mps_optimised_hydra,0.770887540995318,0.7532467532467533,0.7191136649543843,0.7350361227399199,2
Worms,mps_optimised_hydra,0.7632581669968204,0.7792207792207793,0.7497272680371273,0.7668094359149783,3
Worms,mps_optimised_hydra,0.7734992909972789,0.7532467532467533,0.7401780827867784,0.7447554139818398,4
Worms,mps_optimised_hydra,0.7910171249968698,0.7532467532467533,0.7325716536984144,0.7414429360652152,5
WormsTwoClass,mps_optimised_hydra,0.7777495410045958,0.7792207792207793,0.7737251512532412,0.7787628102234845,1
WormsTwoClass,mps_optimised_hydra,0.7573997500003316,0.7662337662337663,0.7613636363636364,0.7662337662337663,2
WormsTwoClass,mps_optimised_hydra,0.7570590420000372,0.7922077922077922,0.7878787878787878,0.7922077922077922,3
WormsTwoClass,mps_optimised_hydra,0.7572250000011991,0.7792207792207793,0.7754331789329216,0.779599539249565,4
WormsTwoClass,mps_optimised_hydra,0.7585287499969127,0.7922077922077922,0.7878787878787878,0.7922077922077922,5
Yoga,mps_optimised_hydra,4.261748874996556,0.9246666666666666,0.9242813766583832,0.9246666666666666,1
Yoga,mps_optimised_hydra,3.848634708003374,0.9163333333333332,0.9158932776166322,0.9163272496137476,2
Yoga,mps_optimised_hydra,4.053026875000796,0.9226666666666666,0.9222785429817524,0.922670328210864,3
Yoga,mps_optimised_hydra,3.836078084001201,0.9216666666666666,0.9212546623103928,0.9216609707539072,4
Yoga,mps_optimised_hydra,3.845051749995037,0.9283333333333332,0.9278984085222516,0.928297867361614,5
ACSF1,original_hydra,2.2431457500060787,0.86,0.8603094992382918,0.8603094992382917,1
ACSF1,original_hydra,2.5650460409960942,0.88,0.8783698764853698,0.8783698764853699,2
ACSF1,original_hydra,2.3743282920040656,0.88,0.8788858509911142,0.878885850991114,3
ACSF1,original_hydra,2.2753205409971997,0.88,0.877623402457162,0.8776234024571621,4
ACSF1,original_hydra,2.2688633329962613,0.88,0.876052456763858,0.8760524567638579,5
Adiac,original_hydra,1.1567852089938242,0.8158567774936062,0.8059557727514385,0.8092681952707844,1
Adiac,original_hydra,1.1377292499964824,0.8260869565217391,0.8132508262879148,0.8187361638640016,2
Adiac,original_hydra,1.1365900829987368,0.8184143222506394,0.8066795279634218,0.8101017037395858,3
Adiac,original_hydra,1.1351792499990552,0.8107416879795396,0.7974746874039749,0.8022945600872171,4
Adiac,original_hydra,1.133822333002172,0.8107416879795396,0.8038739862718342,0.8072507767947024,5
AllGestureWiimoteX,original_hydra,5.462934124996536,0.6828571428571428,0.6847860627270067,0.6847860627270068,1
AllGestureWiimoteX,original_hydra,4.301979542004119,0.6914285714285714,0.6972753758718612,0.6972753758718611,2
AllGestureWiimoteX,original_hydra,4.2136394169938285,0.6885714285714286,0.6892849131170984,0.6892849131170984,3
AllGestureWiimoteX,original_hydra,4.471116749999055,0.68,0.6834793265843337,0.6834793265843337,4
AllGestureWiimoteX,original_hydra,4.1576254590036115,0.6757142857142857,0.6793110343101635,0.6793110343101636,5
AllGestureWiimoteY,original_hydra,4.098225624999031,0.7257142857142858,0.7247803340087973,0.7247803340087972,1
AllGestureWiimoteY,original_hydra,4.169000624999171,0.7242857142857143,0.7225361097612092,0.7225361097612092,2
AllGestureWiimoteY,original_hydra,4.502977791999001,0.73,0.7276621684298324,0.7276621684298326,3
AllGestureWiimoteY,original_hydra,4.090343749994645,0.7157142857142857,0.713871385758402,0.713871385758402,4
AllGestureWiimoteY,original_hydra,4.15956308299792,0.73,0.7268075858033682,0.7268075858033681,5
AllGestureWiimoteZ,original_hydra,4.291030291002244,0.6942857142857143,0.6894619970249252,0.689461997024925,1
AllGestureWiimoteZ,original_hydra,4.5287212090042885,0.6871428571428572,0.6828572910140009,0.6828572910140009,2
AllGestureWiimoteZ,original_hydra,4.166297957999632,0.69,0.6856400339565548,0.6856400339565548,3
AllGestureWiimoteZ,original_hydra,4.231778041998041,0.6814285714285714,0.6747476848940661,0.6747476848940661,4
AllGestureWiimoteZ,original_hydra,4.480024042000878,0.6885714285714286,0.6848003191395184,0.6848003191395184,5
ArrowHead,original_hydra,0.4274545420048525,0.8171428571428572,0.8171497584541063,0.8171055900621119,1
ArrowHead,original_hydra,0.4249278340066666,0.8228571428571428,0.8227305933078952,0.8230703133247036,2
ArrowHead,original_hydra,0.4283859159986605,0.8057142857142857,0.8060610644681442,0.8055069100024853,3
ArrowHead,original_hydra,0.4235201250048703,0.8228571428571428,0.8227323927921252,0.8228052630981896,4
ArrowHead,original_hydra,0.4214072920003673,0.8228571428571428,0.8229380923573301,0.8223647048656122,5
Beef,original_hydra,0.2769671249989187,0.8333333333333334,0.8351515151515152,0.8351515151515152,1
Beef,original_hydra,0.2819952080026269,0.8333333333333334,0.8351515151515152,0.8351515151515152,2
Beef,original_hydra,0.2776068749953992,0.8333333333333334,0.8351515151515152,0.8351515151515152,3
Beef,original_hydra,0.2782093749992782,0.8,0.7956643356643357,0.7956643356643357,4
Beef,original_hydra,0.282470457997988,0.8333333333333334,0.8351515151515152,0.8351515151515152,5
BeetleFly,original_hydra,0.2199867499948595,0.95,0.949874686716792,0.949874686716792,1
BeetleFly,original_hydra,0.2213946670017321,0.95,0.949874686716792,0.949874686716792,2
BeetleFly,original_hydra,0.2226808339983108,0.95,0.949874686716792,0.949874686716792,3
BeetleFly,original_hydra,0.2220155000031809,0.95,0.949874686716792,0.949874686716792,4
BeetleFly,original_hydra,0.2215723749977769,0.95,0.949874686716792,0.949874686716792,5
BirdChicken,original_hydra,0.2638402919983491,0.9,0.898989898989899,0.898989898989899,1
BirdChicken,original_hydra,0.2177203750034095,0.9,0.898989898989899,0.898989898989899,2
BirdChicken,original_hydra,0.2216365839994978,0.9,0.898989898989899,0.898989898989899,3
BirdChicken,original_hydra,0.2216570419986965,0.9,0.898989898989899,0.898989898989899,4
BirdChicken,original_hydra,0.2189230419971863,0.9,0.898989898989899,0.898989898989899,5
BME,original_hydra,0.1942418339967844,1.0,1.0,1.0,1
BME,original_hydra,0.1956007919943658,1.0,1.0,1.0,2
BME,original_hydra,0.1963828340012696,1.0,1.0,1.0,3
BME,original_hydra,0.1940734999952837,1.0,1.0,1.0,4
BME,original_hydra,0.1972859580055228,1.0,1.0,1.0,5
Car,original_hydra,0.5731311669951538,0.9333333333333332,0.9333333333333332,0.9322222222222224,1
Car,original_hydra,0.5816127920043073,0.9333333333333332,0.9350635208711434,0.9326206896551724,2
Car,original_hydra,0.5891717080012313,0.9166666666666666,0.917661361626879,0.915244621279104,3
Car,original_hydra,0.5726492499961751,0.9166666666666666,0.917661361626879,0.915244621279104,4
Car,original_hydra,0.5151089579958352,0.9333333333333332,0.9333333333333332,0.9322222222222224,5
CBF,original_hydra,0.9886134579937788,0.9911111111111112,0.9911184692175592,0.991103753004663,1
CBF,original_hydra,1.0411261249973904,0.9933333333333332,0.9933443613868124,0.993329657315507,2
CBF,original_hydra,1.0732584170036716,0.9933333333333332,0.9933331856741012,0.993325901151988,3
CBF,original_hydra,1.415702500002226,0.9933333333333332,0.9933331856741012,0.993325901151988,4
CBF,original_hydra,0.9321644169976936,0.9911111111111112,0.9911255945895548,0.9911036052427596,5
Chinatown,original_hydra,0.087256625003647,0.979591836734694,0.9749229724789806,0.979812661395437,1
Chinatown,original_hydra,0.0915575420003733,0.9825072886297376,0.9784385214986172,0.9826711316014606,2
Chinatown,original_hydra,0.0875462499971035,0.979591836734694,0.9749229724789806,0.979812661395437,3
Chinatown,original_hydra,0.0887724580024951,0.979591836734694,0.9749229724789806,0.979812661395437,4
Chinatown,original_hydra,0.0870294999986072,0.979591836734694,0.9749229724789806,0.979812661395437,5
ChlorineConcentration,original_hydra,6.095119166995573,0.7640625,0.7276244525229919,0.7576151957646784,1
ChlorineConcentration,original_hydra,7.088484084000811,0.76484375,0.7253973859065374,0.7575855610081011,2
ChlorineConcentration,original_hydra,6.407857958001841,0.7755208333333333,0.7358160467453104,0.7681475846595995,3
ChlorineConcentration,original_hydra,5.848180916000274,0.7669270833333334,0.7307254572196871,0.7602279522727663,4
ChlorineConcentration,original_hydra,6.190428166002675,0.7643229166666666,0.7237290615170799,0.7562458568776973,5
CinCECGTorso,original_hydra,19.995857333997265,0.9963768115942028,0.996360935669113,0.9963810015732354,1
CinCECGTorso,original_hydra,18.899584375001723,0.9920289855072464,0.9920047631076184,0.9920430664029436,2
CinCECGTorso,original_hydra,18.59646604199952,0.9963768115942028,0.9963566561253718,0.9963799235862536,3
CinCECGTorso,original_hydra,19.306645542004844,0.9963768115942028,0.9963566561253718,0.9963799235862536,4
CinCECGTorso,original_hydra,18.85743150000053,0.9978260869565218,0.9978144580887174,0.9978271432729772,5
Coffee,original_hydra,0.1776727079995907,1.0,1.0,1.0,1
Coffee,original_hydra,0.1650399999998626,1.0,1.0,1.0,2
Coffee,original_hydra,0.1659422500015352,1.0,1.0,1.0,3
Coffee,original_hydra,0.1650946250010747,1.0,1.0,1.0,4
Coffee,original_hydra,0.1703634169971337,1.0,1.0,1.0,5
Computers,original_hydra,3.431298916002561,0.708,0.7078831532613046,0.7078831532613046,1
Computers,original_hydra,2.7917445830025827,0.688,0.6876801845089371,0.6876801845089372,2
Computers,original_hydra,2.664406541000062,0.692,0.6917583385374133,0.6917583385374132,3
Computers,original_hydra,2.6528435000000172,0.724,0.7234646275188765,0.7234646275188765,4
Computers,original_hydra,2.6774036249989877,0.728,0.7271443246019518,0.7271443246019517,5
CricketX,original_hydra,2.0798946669965517,0.782051282051282,0.7837628626505725,0.7767472282869358,1
CricketX,original_hydra,2.9273053750002873,0.7897435897435897,0.7916446522670354,0.7852966450492693,2
CricketX,original_hydra,2.0605120420004823,0.7948717948717948,0.7933867819880239,0.7894094290277504,3
CricketX,original_hydra,2.053107625004486,0.8102564102564103,0.8108770811201076,0.8059021315557733,4
CricketX,original_hydra,2.059717707998061,0.7974358974358975,0.7994002560870572,0.7932968889736949,5
CricketY,original_hydra,2.0492084170036833,0.8358974358974359,0.837640408714865,0.8358576618750576,1
CricketY,original_hydra,2.0511392499975045,0.8153846153846154,0.8170640390844254,0.8150226859099788,2
CricketY,original_hydra,2.065012624996598,0.823076923076923,0.8267742107874958,0.8233554268029697,3
CricketY,original_hydra,2.7291396250002435,0.8333333333333334,0.8368162319502348,0.8338557390220255,4
CricketY,original_hydra,2.066602917002456,0.8358974358974359,0.8371097056777029,0.835549102480573,5
CricketZ,original_hydra,2.041751666998607,0.823076923076923,0.8094541588576099,0.8196168088421715,1
CricketZ,original_hydra,2.069822583005589,0.8153846153846154,0.8054531509132606,0.8151105337277413,2
CricketZ,original_hydra,2.0626724169997033,0.8333333333333334,0.8209862936143438,0.8296389813047174,3
CricketZ,original_hydra,2.047333417001937,0.8153846153846154,0.8032521739760035,0.8132801526881532,4
CricketZ,original_hydra,2.046654584002681,0.8282051282051283,0.8177369871206315,0.8270837854177167,5
Crop,original_hydra,16.43366141700244,0.7333333333333333,0.7266278134980647,0.7266278134980647,1
Crop,original_hydra,13.502896124999095,0.7355952380952381,0.728682650163902,0.728682650163902,2
Crop,original_hydra,14.525848417004454,0.7382142857142857,0.730287461780781,0.730287461780781,3
Crop,original_hydra,12.570754208005384,0.7353571428571428,0.7276940981374179,0.7276940981374179,4
Crop,original_hydra,13.125027166002836,0.7331547619047619,0.725742681946739,0.725742681946739,5
DiatomSizeReduction,original_hydra,1.0282955000002405,0.9509803921568628,0.9434343434343436,0.950891265597148,1
DiatomSizeReduction,original_hydra,1.001483250001911,0.9477124183006536,0.9373580046383968,0.9471107110296144,2
DiatomSizeReduction,original_hydra,0.9919116660021244,0.9509803921568628,0.9433091679053202,0.9507066236203656,3
DiatomSizeReduction,original_hydra,0.9847922500048298,0.9411764705882352,0.9214855993472436,0.9396150204779902,4
DiatomSizeReduction,original_hydra,1.0306948340003146,0.9477124183006536,0.9373580046383968,0.9471107110296144,5
DistalPhalanxOutlineAgeGroup,original_hydra,0.4448724999965634,0.7697841726618705,0.780621693121693,0.7706477675002855,1
DistalPhalanxOutlineAgeGroup,original_hydra,0.4079300000012154,0.7410071942446043,0.7493846438127963,0.741290472972576,2
DistalPhalanxOutlineAgeGroup,original_hydra,0.3962948749976931,0.762589928057554,0.769036519036519,0.7630804447351209,3
DistalPhalanxOutlineAgeGroup,original_hydra,0.3973482500005048,0.7553956834532374,0.7638281857031858,0.7564482504905167,4
DistalPhalanxOutlineAgeGroup,original_hydra,0.5213486659995397,0.762589928057554,0.7635406162464986,0.7643102593555408,5
DistalPhalanxOutlineCorrect,original_hydra,1.4439913330061245,0.7789855072463768,0.7633232585928165,0.773470630959912,1
DistalPhalanxOutlineCorrect,original_hydra,0.7668254169984721,0.7681159420289855,0.7531305903398926,0.763267740011926,2
DistalPhalanxOutlineCorrect,original_hydra,0.6958366670005489,0.75,0.7300676106646256,0.7422928094569886,3
DistalPhalanxOutlineCorrect,original_hydra,0.701532708000741,0.782608695652174,0.7676637297266962,0.7774847073348674,4
DistalPhalanxOutlineCorrect,original_hydra,0.6885576670028968,0.7753623188405797,0.7569318181818181,0.7680871212121211,5
DistalPhalanxTW,original_hydra,0.4059461659999215,0.7122302158273381,0.4998173281780163,0.6581050235957371,1
DistalPhalanxTW,original_hydra,0.398981874997844,0.7266187050359713,0.5206742782454926,0.6731788592640446,2
DistalPhalanxTW,original_hydra,0.4013877090037567,0.7050359712230215,0.5007668961763122,0.6616778838563107,3
DistalPhalanxTW,original_hydra,0.405021916005353,0.6906474820143885,0.4784425968833765,0.6339063953961541,4
DistalPhalanxTW,original_hydra,0.4061924580018967,0.697841726618705,0.4882209071956303,0.6479596226097455,5
DodgerLoopDay,original_hydra,0.3931407499985653,0.5844155844155844,0.5818910595394644,0.5869893668049544,1
DodgerLoopDay,original_hydra,0.3887308749981457,0.5454545454545454,0.5437087542873748,0.5501855523431202,2
DodgerLoopDay,original_hydra,0.3930608750015381,0.4805194805194805,0.4749827467218771,0.4800332517723821,3
DodgerLoopDay,original_hydra,0.3865127500030212,0.4805194805194805,0.4712747588033629,0.47575098433222,4
DodgerLoopDay,original_hydra,0.3947193750063889,0.5194805194805194,0.515490410210907,0.522973403408186,5
DodgerLoopGame,original_hydra,0.3750701250028214,0.8031496062992126,0.8007280487039478,0.8012469539029331,1
DodgerLoopGame,original_hydra,0.3688791659951675,0.8267716535433071,0.8254622688655672,0.825819373777678,2
DodgerLoopGame,original_hydra,0.3601816669979598,0.8346456692913385,0.8331560838285894,0.8335284801942766,3
DodgerLoopGame,original_hydra,0.3596113340026932,0.8267716535433071,0.8254622688655672,0.825819373777678,4
DodgerLoopGame,original_hydra,0.3585320830025011,0.8267716535433071,0.8254622688655672,0.825819373777678,5
DodgerLoopWeekend,original_hydra,0.3689378750059404,0.9761904761904762,0.9705859466189402,0.9764961778034692,1
DodgerLoopWeekend,original_hydra,0.363445082999533,0.9761904761904762,0.9705859466189402,0.9764961778034692,2
DodgerLoopWeekend,original_hydra,0.3678393329973914,0.9761904761904762,0.9705859466189402,0.9764961778034692,3
DodgerLoopWeekend,original_hydra,0.3716458749986486,0.9761904761904762,0.9705859466189402,0.9764961778034692,4
DodgerLoopWeekend,original_hydra,0.3715244999984861,0.9761904761904762,0.9705859466189402,0.9764961778034692,5
Earthquakes,original_hydra,2.10587945899897,0.7266187050359713,0.4208333333333333,0.629736211031175,1
Earthquakes,original_hydra,2.6213147079979535,0.7553956834532374,0.4575298438934803,0.6570710373849681,2
Earthquakes,original_hydra,2.0438066250062548,0.7338129496402878,0.4482351679004399,0.645283837300935,3
Earthquakes,original_hydra,2.0417872499965597,0.7338129496402878,0.4232365145228215,0.6333323382787546,4
Earthquakes,original_hydra,2.0329506669950206,0.7122302158273381,0.4159663865546218,0.622453297865909,5
ECG200,original_hydra,0.1745263750053709,0.87,0.8580631073261273,0.8695883830112459,1
ECG200,original_hydra,0.1753818330034846,0.91,0.9004314636574842,0.9090740126120146,2
ECG200,original_hydra,0.1746996250003576,0.88,0.8663101604278074,0.8782887700534759,3
ECG200,original_hydra,0.1732649999976274,0.89,0.8783051222480363,0.8888682376369067,4
ECG200,original_hydra,0.1771337079990189,0.89,0.879899552352877,0.8896517087018233,5
ECG5000,original_hydra,7.885066499999084,0.948,0.5733063041447917,0.9373126246678748,1
ECG5000,original_hydra,6.04720795799949,0.948,0.5879526874892194,0.938024124463282,2
ECG5000,original_hydra,5.845506624995323,0.9491111111111112,0.5918427070336799,0.9389144785459124,3
ECG5000,original_hydra,5.970859749999363,0.948,0.5777904371593983,0.937669012984924,4
ECG5000,original_hydra,5.827746165996359,0.9486666666666668,0.5933564090139456,0.9386545019193004,5
ECGFiveDays,original_hydra,1.078474665999238,1.0,1.0,1.0,1
ECGFiveDays,original_hydra,1.0729772499980754,1.0,1.0,1.0,2
ECGFiveDays,original_hydra,1.0908362089976436,1.0,1.0,1.0,3
ECGFiveDays,original_hydra,1.4487553750004736,1.0,1.0,1.0,4
ECGFiveDays,original_hydra,1.05789291599649,1.0,1.0,1.0,5
ElectricDevices,original_hydra,22.14166408299934,0.7458176630787187,0.6663502280217238,0.7304678568522102,1
ElectricDevices,original_hydra,21.090288708001022,0.7427052263000907,0.6689528834031764,0.7293219777168263,2
ElectricDevices,original_hydra,20.696619583999563,0.7473738814680326,0.6605785217306861,0.730404239971174,3
ElectricDevices,original_hydra,20.923916584004473,0.7477629360653612,0.6688031150168368,0.7337577784618516,4
ElectricDevices,original_hydra,20.490669500002696,0.7394631046556867,0.6668454815756188,0.7264261070677019,5
EOGHorizontalSignal,original_hydra,7.700329582999984,0.5911602209944752,0.6033546689894098,0.6023399443314373,1
EOGHorizontalSignal,original_hydra,8.039936082997883,0.5607734806629834,0.5711136632136646,0.57011791030284,2
EOGHorizontalSignal,original_hydra,7.821060916998249,0.569060773480663,0.5704467072147112,0.5689252422757028,3
EOGHorizontalSignal,original_hydra,8.096240457998647,0.585635359116022,0.5953072163758025,0.5943162778849136,4
EOGHorizontalSignal,original_hydra,7.805394791001163,0.5718232044198895,0.5798755096530801,0.578562455691811,5
EOGVerticalSignal,original_hydra,7.994219583000813,0.4696132596685083,0.4407481258959397,0.4393065589475545,1
EOGVerticalSignal,original_hydra,7.8149646249949,0.4861878453038674,0.4727404102838832,0.4722493222619452,2
EOGVerticalSignal,original_hydra,7.810199667001143,0.4861878453038674,0.469552442159258,0.4683277522965465,3
EOGVerticalSignal,original_hydra,7.820393291003711,0.494475138121547,0.4694020974383772,0.4682062264403072,4
EOGVerticalSignal,original_hydra,7.783421499996621,0.4779005524861878,0.4561006888708409,0.4549574820593228,5
EthanolLevel,original_hydra,13.409333916002652,0.59,0.5640681525245057,0.5642152793443319,1
EthanolLevel,original_hydra,12.749265541999192,0.578,0.5598224635740919,0.5597188173690635,2
EthanolLevel,original_hydra,12.590012041997396,0.564,0.546295468044877,0.5462743424275339,3
EthanolLevel,original_hydra,12.551284749999468,0.572,0.553076207868439,0.5530073102900173,4
EthanolLevel,original_hydra,12.528021624995745,0.604,0.5889361183478831,0.5889684346154934,5
FaceAll,original_hydra,2.6935192919991096,0.8644970414201183,0.8911328063170245,0.8655946205166207,1
FaceAll,original_hydra,2.6178407080005854,0.893491124260355,0.9100120956242048,0.8947947320468537,2
FaceAll,original_hydra,2.5762235000001965,0.9183431952662722,0.919166375541586,0.9186588300331392,3
FaceAll,original_hydra,2.564251791998686,0.9,0.9190042843267616,0.9023985652583606,4
FaceAll,original_hydra,2.580862499999057,0.8958579881656805,0.9097441983749393,0.8970175475194005,5
FaceFour,original_hydra,0.3342487500049174,0.8863636363636364,0.8984848484848486,0.8841597796143251,1
FaceFour,original_hydra,0.3330741669997223,0.875,0.8899099774943736,0.8730648571233718,2
FaceFour,original_hydra,0.3349269170066691,0.875,0.8880618999757391,0.8718417495581048,3
FaceFour,original_hydra,0.3354673339999863,0.8409090909090909,0.8575581395348837,0.8348308668076111,4
FaceFour,original_hydra,0.3369474999999511,0.8636363636363636,0.8774263371037565,0.8592724479821254,5
FacesUCR,original_hydra,2.5199600420019124,0.953170731707317,0.9400680256622146,0.9524917181620814,1
FacesUCR,original_hydra,2.5052948750017094,0.9556097560975608,0.942928646758402,0.9551060893185384,2
FacesUCR,original_hydra,2.5613186249975115,0.9604878048780487,0.9456129756364032,0.9598734904477082,3
FacesUCR,original_hydra,2.55426087500382,0.9560975609756096,0.94178297683415,0.955659434247766,4
FacesUCR,original_hydra,2.5195060830010334,0.9536585365853658,0.9413097704055368,0.9531861785023188,5
FiftyWords,original_hydra,1.9327389590034727,0.8219780219780219,0.6962382061092613,0.7954899760832219,1
FiftyWords,original_hydra,1.9104445420016416,0.8285714285714286,0.7052755929299566,0.8067890913085888,2
FiftyWords,original_hydra,1.9534395829978168,0.8307692307692308,0.7109809821097092,0.8121149300546775,3
FiftyWords,original_hydra,1.948441249995085,0.8417582417582418,0.7281975759079371,0.8198350310725828,4
FiftyWords,original_hydra,1.953076833000523,0.8373626373626374,0.7130341318095061,0.8172748401102066,5
Fish,original_hydra,1.1580099999991944,0.9885714285714284,0.9888685782302804,0.9886784704657048,1
Fish,original_hydra,1.1621873330004746,0.9885714285714284,0.9888685782302804,0.9886784704657048,2
Fish,original_hydra,1.1677967499999795,0.9828571428571428,0.983583227661911,0.9830698875741029,3
Fish,original_hydra,1.1518038340000205,0.9828571428571428,0.982522308609265,0.982840019883498,4
Fish,original_hydra,1.1674767500007874,0.9828571428571428,0.983583227661911,0.9830698875741029,5
FordA,original_hydra,21.20434154100076,0.9598484848484848,0.9598097108148989,0.9598494305566212,1
FordA,original_hydra,20.708100750001904,0.9575757575757576,0.9575327638863036,0.9575757575757576,2
FordA,original_hydra,20.849137790995883,0.9643939393939394,0.9643525102348632,0.9643911774500012,3
FordA,original_hydra,20.17495945799601,0.9659090909090908,0.9658761695598198,0.9659098938688292,4
FordA,original_hydra,20.26424112499808,0.9621212121212122,0.9620863970588236,0.9621229528743316,5
FordB,original_hydra,18.778703333999147,0.8135802469135802,0.813429819195785,0.8134821418802355,1
FordB,original_hydra,18.734026917001756,0.8185185185185185,0.8184961106309421,0.8185160287532323,2
FordB,original_hydra,19.18214808299672,0.8197530864197531,0.8197256097560975,0.8197475910870219,3
FordB,original_hydra,19.539162917004433,0.8358024691358025,0.8356459056409474,0.8356960059593012,4
FordB,original_hydra,19.134419042005906,0.825925925925926,0.8259044326460057,0.8259235377837125,5
FreezerRegularTrain,original_hydra,7.070282166001562,0.9978947368421052,0.9978947275112576,0.9978947275112576,1
FreezerRegularTrain,original_hydra,7.041014250004082,0.9975438596491228,0.9975438448320588,0.9975438448320586,2
FreezerRegularTrain,original_hydra,7.119209167001827,0.9982456140350876,0.998245608635299,0.998245608635299,3
FreezerRegularTrain,original_hydra,7.071844999998575,0.9975438596491228,0.9975438448320588,0.9975438448320586,4
FreezerRegularTrain,original_hydra,7.13219483300054,0.9975438596491228,0.9975438448320588,0.9975438448320586,5
FreezerSmallTrain,original_hydra,6.870061542002077,0.9252631578947368,0.9252491602305584,0.9252491602305584,1
FreezerSmallTrain,original_hydra,6.803476084001886,0.9157894736842104,0.9157884369151974,0.9157884369151974,2
FreezerSmallTrain,original_hydra,6.826719667005818,0.9319298245614036,0.9319264722177762,0.931926472217776,3
FreezerSmallTrain,original_hydra,6.895523457998934,0.9017543859649124,0.901750466869962,0.9017504668699616,4
FreezerSmallTrain,original_hydra,6.767717833005008,0.9228070175438596,0.9228066754127812,0.9228066754127812,5
Fungi,original_hydra,0.3354380419987137,1.0,1.0,1.0,1
Fungi,original_hydra,0.3294312079960946,1.0,1.0,1.0,2
Fungi,original_hydra,0.329537874997186,1.0,1.0,1.0,3
Fungi,original_hydra,0.3272074999986216,1.0,1.0,1.0,4
Fungi,original_hydra,0.3459126250018016,1.0,1.0,1.0,5
GestureMidAirD1,original_hydra,0.9841888750015642,0.7846153846153846,0.7671273171273172,0.7671273171273171,1
GestureMidAirD1,original_hydra,0.9894632919967988,0.7461538461538462,0.7321581196581197,0.7321581196581197,2
GestureMidAirD1,original_hydra,0.9778007909990264,0.7692307692307693,0.7621376486761101,0.7621376486761102,3
GestureMidAirD1,original_hydra,0.9870053749982616,0.7846153846153846,0.7791708291708291,0.7791708291708291,4
GestureMidAirD1,original_hydra,0.9912693750011384,0.7692307692307693,0.7554945054945056,0.7554945054945056,5
GestureMidAirD2,original_hydra,0.9959034580024309,0.7153846153846154,0.7084942834942836,0.7084942834942836,1
GestureMidAirD2,original_hydra,0.9920815829973436,0.6846153846153846,0.6708650324034939,0.670865032403494,2
GestureMidAirD2,original_hydra,0.9931327919985052,0.7076923076923077,0.6978741344125959,0.697874134412596,3
GestureMidAirD2,original_hydra,0.973134874999232,0.6923076923076923,0.6863220113220112,0.6863220113220113,4
GestureMidAirD2,original_hydra,0.9869304579988238,0.6846153846153846,0.6790047559278329,0.6790047559278328,5
GestureMidAirD3,original_hydra,0.9890693749985076,0.4923076923076923,0.4815307116212093,0.4815307116212093,1
GestureMidAirD3,original_hydra,0.9911454169996432,0.4692307692307692,0.4553602380525457,0.4553602380525458,2
GestureMidAirD3,original_hydra,0.9857408749958269,0.4846153846153846,0.4703455226734578,0.4703455226734579,3
GestureMidAirD3,original_hydra,0.9874889590064412,0.5076923076923077,0.4941748422517654,0.4941748422517652,4
GestureMidAirD3,original_hydra,0.9943405840022024,0.4692307692307692,0.4529693157521211,0.4529693157521212,5
GesturePebbleZ1,original_hydra,1.1100429580037598,0.8837209302325582,0.8771647194659408,0.8821737796255015,1
GesturePebbleZ1,original_hydra,1.1363167500021518,0.8837209302325582,0.8806493152816682,0.8859031849173777,2
GesturePebbleZ1,original_hydra,1.1128902080017724,0.9244186046511628,0.9208419729130736,0.9243154834602172,3
GesturePebbleZ1,original_hydra,1.1247337910026545,0.9011627906976744,0.8981584469221557,0.9030955088846532,4
GesturePebbleZ1,original_hydra,1.1234403339985874,0.8953488372093024,0.8911073105523307,0.8954141766260544,5
GesturePebbleZ2,original_hydra,1.1222405419975985,0.9050632911392406,0.9036494315863884,0.9046788434989056,1
GesturePebbleZ2,original_hydra,1.1429100829991512,0.8987341772151899,0.8968588335714874,0.8973296570579773,2
GesturePebbleZ2,original_hydra,1.1072113339978389,0.879746835443038,0.8752205565500447,0.8783285484645184,3
GesturePebbleZ2,original_hydra,1.1193338339944603,0.8987341772151899,0.8952618910586877,0.8980793727445209,4
GesturePebbleZ2,original_hydra,1.12375904199871,0.9050632911392406,0.9029741446809916,0.9040574529490952,5
GunPoint,original_hydra,0.2555579170002602,1.0,1.0,1.0,1
GunPoint,original_hydra,0.2543436659980216,1.0,1.0,1.0,2
GunPoint,original_hydra,0.2514625420008087,1.0,1.0,1.0,3
GunPoint,original_hydra,0.2481850420008413,1.0,1.0,1.0,4
GunPoint,original_hydra,0.2510123329993803,1.0,1.0,1.0,5
GunPointAgeSpan,original_hydra,0.6080607920011971,0.9968354430379748,0.9968351577914208,0.9968355381201592,1
GunPointAgeSpan,original_hydra,0.5957412080024369,1.0,1.0,1.0,2
GunPointAgeSpan,original_hydra,0.6075726250055595,1.0,1.0,1.0,3
GunPointAgeSpan,original_hydra,0.5924526659946423,1.0,1.0,1.0,4
GunPointAgeSpan,original_hydra,0.5965816659954726,1.0,1.0,1.0,5
GunPointMaleVersusFemale,original_hydra,0.5993937919993186,1.0,1.0,1.0,1
GunPointMaleVersusFemale,original_hydra,0.5894837500018184,1.0,1.0,1.0,2
GunPointMaleVersusFemale,original_hydra,0.6014414160017623,1.0,1.0,1.0,3
GunPointMaleVersusFemale,original_hydra,0.6071645830015768,1.0,1.0,1.0,4
GunPointMaleVersusFemale,original_hydra,0.600892708003812,1.0,1.0,1.0,5
GunPointOldVersusYoung,original_hydra,0.5944633750041248,1.0,1.0,1.0,1
GunPointOldVersusYoung,original_hydra,0.6017140410040156,1.0,1.0,1.0,2
GunPointOldVersusYoung,original_hydra,0.6004073330041138,1.0,1.0,1.0,3
GunPointOldVersusYoung,original_hydra,0.595924000001105,1.0,1.0,1.0,4
GunPointOldVersusYoung,original_hydra,0.5970652499963762,1.0,1.0,1.0,5
Ham,original_hydra,0.6668809580005473,0.7333333333333333,0.7321428571428572,0.7326530612244898,1
Ham,original_hydra,0.6547689169965452,0.7142857142857143,0.7130102040816326,0.7135568513119532,2
Ham,original_hydra,0.6576914170000236,0.7428571428571429,0.742014742014742,0.7424359424359425,3
Ham,original_hydra,0.6545516250043875,0.7142857142857143,0.7140522875816994,0.7142857142857143,4
Ham,original_hydra,0.6539957499990123,0.7428571428571429,0.7424834226541921,0.7427637128064052,5
HandOutlines,original_hydra,31.226250500003516,0.9405405405405406,0.9343039772727272,0.9399934735872236,1
HandOutlines,original_hydra,29.1527460829966,0.945945945945946,0.9402763429752066,0.9454486123520214,2
HandOutlines,original_hydra,29.69432795800094,0.9432432432432432,0.9369374487667496,0.9425425994125218,3
HandOutlines,original_hydra,29.08678362500359,0.9432432432432432,0.9371740448756822,0.9426627112254764,4
HandOutlines,original_hydra,29.828309167001866,0.945945945945946,0.9402763429752066,0.9454486123520214,5
Haptics,original_hydra,4.443165000004228,0.5032467532467533,0.4939812296699195,0.4953451084190165,1
Haptics,original_hydra,4.352110416002688,0.5,0.4922688887102042,0.4936832044257287,2
Haptics,original_hydra,4.3047883749968605,0.5064935064935064,0.4968360946621816,0.4979223084671983,3
Haptics,original_hydra,4.324896209000144,0.5097402597402597,0.5007983895597233,0.5020700127062582,4
Haptics,original_hydra,4.324113165996096,0.5064935064935064,0.4988942832653714,0.4996568531381439,5
Herring,original_hydra,0.4923232500004815,0.75,0.7374358974358974,0.7482051282051282,1
Herring,original_hydra,0.4975384170029429,0.734375,0.722943722943723,0.733495670995671,2
Herring,original_hydra,0.4760893749989918,0.703125,0.6903488668194551,0.7021422205245735,3
Herring,original_hydra,0.4967747080008848,0.75,0.7408906882591093,0.75,4
Herring,original_hydra,0.5025633749974077,0.71875,0.708502024291498,0.71875,5
HouseTwenty,original_hydra,2.405278250000265,0.9747899159663864,0.97405711794201,0.9747532760651676,1
HouseTwenty,original_hydra,2.4103057920001447,0.9495798319327732,0.9482608695652174,0.9495798319327732,2
HouseTwenty,original_hydra,2.3967685000025085,0.957983193277311,0.9567618632366834,0.9579221267752795,3
HouseTwenty,original_hydra,2.398240041002282,0.957983193277311,0.9567618632366834,0.9579221267752795,4
HouseTwenty,original_hydra,2.415265542003908,0.9495798319327732,0.9482608695652174,0.9495798319327732,5
InlineSkate,original_hydra,10.239254332998826,0.5054545454545455,0.5029211872910151,0.5002551631235165,1
InlineSkate,original_hydra,10.18644962500548,0.5,0.4974108565821851,0.4933051538798767,2
InlineSkate,original_hydra,10.257184416004748,0.4890909090909091,0.4912046181457103,0.4837543826466488,3
InlineSkate,original_hydra,10.174494667000545,0.4945454545454545,0.4963208953639951,0.4909075102671122,4
InlineSkate,original_hydra,10.230733541997324,0.5072727272727273,0.5061843859553367,0.5014995649661397,5
InsectEPGRegularTrain,original_hydra,1.4823765000037383,1.0,1.0,1.0,1
InsectEPGRegularTrain,original_hydra,1.5029229170031613,1.0,1.0,1.0,2
InsectEPGRegularTrain,original_hydra,1.5269505830001435,1.0,1.0,1.0,3
InsectEPGRegularTrain,original_hydra,1.4935074999957578,1.0,1.0,1.0,4
InsectEPGRegularTrain,original_hydra,1.549473915998533,1.0,1.0,1.0,5
InsectEPGSmallTrain,original_hydra,1.3475196669969591,1.0,1.0,1.0,1
InsectEPGSmallTrain,original_hydra,1.3557512080005836,1.0,1.0,1.0,2
InsectEPGSmallTrain,original_hydra,1.340315292000014,1.0,1.0,1.0,3
InsectEPGSmallTrain,original_hydra,1.3438565409960574,1.0,1.0,1.0,4
InsectEPGSmallTrain,original_hydra,1.3373516249994282,1.0,1.0,1.0,5
InsectWingbeatSound,original_hydra,4.010497082999791,0.6505050505050505,0.6398292282808257,0.6398292282808257,1
InsectWingbeatSound,original_hydra,3.980271125001309,0.6474747474747474,0.6373558198306728,0.6373558198306728,2
InsectWingbeatSound,original_hydra,3.936708916997304,0.6575757575757576,0.6485589531645575,0.6485589531645575,3
InsectWingbeatSound,original_hydra,3.927201500002411,0.647979797979798,0.6379600039404137,0.6379600039404136,4
InsectWingbeatSound,original_hydra,3.949344624998048,0.6621212121212121,0.6532262297809788,0.6532262297809788,5
ItalyPowerDemand,original_hydra,0.2227907499982393,0.9689018464528668,0.9689011121856866,0.9689015527459948,1
ItalyPowerDemand,original_hydra,0.2238445420007337,0.9718172983479106,0.9718155947853042,0.9718162336212816,2
ItalyPowerDemand,original_hydra,0.2262695419994997,0.9698736637512148,0.9698726394378568,0.9698731515945358,3
ItalyPowerDemand,original_hydra,0.2280000419996213,0.966958211856171,0.9669579310032186,0.966958211856171,4
ItalyPowerDemand,original_hydra,0.2277351670054486,0.966958211856171,0.966957431697292,0.9669578997926196,5
LargeKitchenAppliances,original_hydra,4.115702667004371,0.872,0.8720863734593266,0.8720863734593266,1
LargeKitchenAppliances,original_hydra,4.071276124996075,0.872,0.8724539597839526,0.8724539597839527,2
LargeKitchenAppliances,original_hydra,4.1217888750034035,0.872,0.872,0.872,3
LargeKitchenAppliances,original_hydra,4.116389165996225,0.8693333333333333,0.8696625489230995,0.8696625489230995,4
LargeKitchenAppliances,original_hydra,4.148266332995263,0.88,0.8801647208951184,0.8801647208951184,5
Lightning2,original_hydra,0.6328511660030927,0.7377049180327869,0.7318681318681319,0.7351107908484957,1
Lightning2,original_hydra,0.6221692499966593,0.7377049180327869,0.7342047930283224,0.7367048823172255,2
Lightning2,original_hydra,0.6140577080004732,0.7704918032786885,0.7653846153846153,0.7682219419924338,3
Lightning2,original_hydra,0.618796624999959,0.7540983606557377,0.7497949138638228,0.7524845681087696,4
Lightning2,original_hydra,0.6172797499966691,0.7377049180327869,0.7342047930283224,0.7367048823172255,5
Lightning7,original_hydra,0.3862864999973681,0.8493150684931506,0.8390116961545532,0.8424243903695958,1
Lightning7,original_hydra,0.3825534999996307,0.821917808219178,0.819191792189504,0.8186895515693986,2
Lightning7,original_hydra,0.3895403339993208,0.821917808219178,0.8296055264210948,0.8185916039090474,3
Lightning7,original_hydra,0.3851405840032385,0.821917808219178,0.8164429388489539,0.8186546098298081,4
Lightning7,original_hydra,0.3883461250006803,0.8493150684931506,0.8394819466248037,0.8438958301972,5
Mallat,original_hydra,17.872427291993517,0.9458422174840084,0.9451903176089532,0.9452086843686393,1
Mallat,original_hydra,16.95424154200009,0.9454157782515992,0.9449004084444133,0.944904210987189,2
Mallat,original_hydra,16.959125583998684,0.9415778251599148,0.9406659636024076,0.940704441193622,3
Mallat,original_hydra,16.989475250004034,0.9428571428571428,0.9421966561332108,0.942218123412717,4
Mallat,original_hydra,16.828720624995185,0.9424307036247336,0.9418636670024574,0.9418431484002866,5
Meat,original_hydra,0.4123433749991818,0.9,0.898796325625594,0.8987963256255941,1
Meat,original_hydra,0.3973742919988581,0.8833333333333333,0.8822443706164637,0.8822443706164637,2
Meat,original_hydra,0.3958392909989925,0.9,0.898796325625594,0.8987963256255941,3
Meat,original_hydra,0.388711792002141,0.9166666666666666,0.9160731917396694,0.9160731917396692,4
Meat,original_hydra,0.395442417000595,0.9166666666666666,0.9160731917396694,0.9160731917396692,5
MedicalImages,original_hydra,0.9778091670013964,0.7592105263157894,0.6580249107618072,0.7361019533920546,1
MedicalImages,original_hydra,0.9469222080006148,0.7644736842105263,0.6971396186993466,0.7514075719141262,2
MedicalImages,original_hydra,0.944744249994983,0.7657894736842106,0.6899750522924919,0.7488595815669165,3
MedicalImages,original_hydra,0.9462735830020392,0.7578947368421053,0.686659942263599,0.7427479303866549,4
MedicalImages,original_hydra,0.9755795419987408,0.7697368421052632,0.6985987406746639,0.7551572323559304,5
MelbournePedestrian,original_hydra,0.7653013750023092,0.9271237602414834,0.9240663038447146,0.9272090386457744,1
MelbournePedestrian,original_hydra,0.7636839170008898,0.9335920655454938,0.9306327483915506,0.9334587948826676,2
MelbournePedestrian,original_hydra,0.7664199999999255,0.9344545062526952,0.931402194220166,0.9346377992355274,3
MelbournePedestrian,original_hydra,0.7613019159980468,0.936179387667098,0.933290305153222,0.9360923697791976,4
MelbournePedestrian,original_hydra,0.7640800829976797,0.9297110823630876,0.9269981822035612,0.9298343862642622,5
MiddlePhalanxOutlineCorrect,original_hydra,0.7424901250051335,0.845360824742268,0.8406565994572954,0.844514064190973,1
MiddlePhalanxOutlineCorrect,original_hydra,0.6746784169954481,0.852233676975945,0.846550984119198,0.8507115271036021,2
MiddlePhalanxOutlineCorrect,original_hydra,0.6764113329991233,0.8178694158075601,0.8123288838052591,0.816872120047146,3
MiddlePhalanxOutlineCorrect,original_hydra,0.6793661659976351,0.8281786941580757,0.8227339181286549,0.8271110910150519,4
MiddlePhalanxOutlineCorrect,original_hydra,0.6756022920017131,0.8178694158075601,0.811861863693475,0.8165985874757344,5
MiddlePhalanxOutlineAgeGroup,original_hydra,0.4064660000003641,0.6038961038961039,0.5040388435224012,0.5816837543387974,1
MiddlePhalanxOutlineAgeGroup,original_hydra,0.3916277500029537,0.6233766233766234,0.5185185185185185,0.5990423717696445,2
MiddlePhalanxOutlineAgeGroup,original_hydra,0.386953834000451,0.6103896103896104,0.4901556689985504,0.5762831704124954,3
MiddlePhalanxOutlineAgeGroup,original_hydra,0.4000933749994146,0.5974025974025974,0.4985119047619048,0.5763856679035251,4
MiddlePhalanxOutlineAgeGroup,original_hydra,0.3915501250012312,0.538961038961039,0.441595321713142,0.5198332490148185,5
MiddlePhalanxTW,original_hydra,0.3958884169987868,0.538961038961039,0.3698384255451355,0.5181290201988339,1
MiddlePhalanxTW,original_hydra,0.3942509580010664,0.538961038961039,0.379477451662831,0.5246386751191146,2
MiddlePhalanxTW,original_hydra,0.3882640419978997,0.5324675324675324,0.3686359746838897,0.5184134885528363,3
MiddlePhalanxTW,original_hydra,0.3927714160017785,0.5324675324675324,0.3769186838388789,0.5190225729865633,4
MiddlePhalanxTW,original_hydra,0.3938281250011641,0.5454545454545454,0.3808210007047216,0.5270990637269707,5
MixedShapesRegularTrain,original_hydra,21.468444541998903,0.9797938144329896,0.9794579772460928,0.9798026725140137,1
MixedShapesRegularTrain,original_hydra,21.067606958000397,0.982680412371134,0.9821020330738576,0.9826834536647155,2
MixedShapesRegularTrain,original_hydra,21.539340374998577,0.9810309278350516,0.9808246750305408,0.9810347072901382,3
MixedShapesRegularTrain,original_hydra,21.84106795799744,0.982680412371134,0.9823520349427745,0.982669580018581,4
MixedShapesRegularTrain,original_hydra,21.528508291994513,0.9802061855670104,0.97978877458392,0.980242739039654,5
MixedShapesSmallTrain,original_hydra,17.81903975000023,0.964123711340206,0.9632755402641364,0.9639278841699992,1
MixedShapesSmallTrain,original_hydra,17.89553674999479,0.9657731958762886,0.9652630089521724,0.9655664784527956,2
MixedShapesSmallTrain,original_hydra,17.882970457998454,0.964123711340206,0.9632633647347282,0.9638787756213488,3
MixedShapesSmallTrain,original_hydra,17.70240266699693,0.964123711340206,0.9637432717381528,0.9639699146338642,4
MixedShapesSmallTrain,original_hydra,18.102143667005297,0.9649484536082474,0.964517961783726,0.9647877967772648,5
MoteStrain,original_hydra,0.998737957997946,0.9353035143769968,0.9346308919506888,0.9351499234292572,1
MoteStrain,original_hydra,0.9235014170044452,0.939297124600639,0.9386355252533852,0.9391342693766996,2
MoteStrain,original_hydra,0.903695583998342,0.937699680511182,0.9371024461877342,0.9375821917918152,3
MoteStrain,original_hydra,0.9184814170002936,0.9305111821086262,0.9298115381418268,0.9303600590117976,4
MoteStrain,original_hydra,0.9235438749965396,0.9384984025559104,0.9378791774358696,0.9383646499299816,5
NonInvasiveFetalECGThorax1,original_hydra,21.196456375000707,0.944529262086514,0.9389523972952588,0.942254540910086,1
NonInvasiveFetalECGThorax1,original_hydra,20.85556687499775,0.946055979643766,0.9420932126235344,0.944720864233283,2
NonInvasiveFetalECGThorax1,original_hydra,20.936534458000096,0.9455470737913486,0.9407805002128344,0.9439966814206372,3
NonInvasiveFetalECGThorax1,original_hydra,20.94600850000279,0.943002544529262,0.93767230606229,0.9412429875372048,4
NonInvasiveFetalECGThorax1,original_hydra,20.64854633300274,0.9414758269720102,0.9362539895227,0.9396405761507064,5
NonInvasiveFetalECGThorax2,original_hydra,20.958017207995,0.9618320610687024,0.9581708356889896,0.9609744878174352,1
NonInvasiveFetalECGThorax2,original_hydra,20.81585729199287,0.9557251908396946,0.951344488666036,0.9545491674074652,2
NonInvasiveFetalECGThorax2,original_hydra,20.77867170800164,0.9582697201017812,0.9548731247874154,0.9577109912736882,3
NonInvasiveFetalECGThorax2,original_hydra,22.051528875002987,0.957760814249364,0.9537675384277124,0.9569451798141788,4
NonInvasiveFetalECGThorax2,original_hydra,25.12201037500199,0.957760814249364,0.9539019077050503,0.9571099748966092,5
OliveOil,original_hydra,0.3497407500035479,0.9333333333333332,0.9302944862155388,0.9318295739348372,1
OliveOil,original_hydra,0.3844941250063129,0.9333333333333332,0.9302944862155388,0.9318295739348372,2
OliveOil,original_hydra,0.339745833996858,0.9333333333333332,0.9302944862155388,0.9318295739348372,3
OliveOil,original_hydra,0.3369477919986821,0.9333333333333332,0.9302944862155388,0.9318295739348372,4
OliveOil,original_hydra,0.3392219999950612,0.9666666666666668,0.9759725400457666,0.9668192219679634,5
OSULeaf,original_hydra,1.4934737500007031,0.987603305785124,0.9849250850261972,0.9875115754896652,1
OSULeaf,original_hydra,1.464200250004069,0.987603305785124,0.9850871140244952,0.9875064332220856,2
OSULeaf,original_hydra,1.4495664159985608,0.987603305785124,0.9851621808143548,0.987603305785124,3
OSULeaf,original_hydra,1.4513768750039162,0.9917355371900828,0.9907123235767736,0.9917139307513638,4
OSULeaf,original_hydra,1.4413187079990166,0.9834710743801652,0.9791197799449862,0.9832013788571108,5
PhalangesOutlinesCorrect,original_hydra,2.337742250005249,0.8286713286713286,0.8109041297161148,0.8240099722914436,1
PhalangesOutlinesCorrect,original_hydra,2.2385820830022567,0.8205128205128205,0.7980769230769231,0.8132956786802942,2
PhalangesOutlinesCorrect,original_hydra,3.0682664580017445,0.8100233100233101,0.7864625560548387,0.8025004026158332,3
PhalangesOutlinesCorrect,original_hydra,2.3890521669964073,0.8216783216783217,0.8005933257686576,0.815254577404768,4
PhalangesOutlinesCorrect,original_hydra,2.229088125000999,0.8111888111888111,0.7907758075684137,0.8055523848160149,5
Phoneme,original_hydra,17.71855512500042,0.3238396624472573,0.1562732508226431,0.2834726746680241,1
Phoneme,original_hydra,17.51301962499565,0.3190928270042194,0.1551379127359083,0.2797963701849268,2
Phoneme,original_hydra,17.051448040998366,0.3275316455696203,0.1565214869946632,0.2873730320591074,3
Phoneme,original_hydra,17.088147667003796,0.3206751054852321,0.1528862871448193,0.2799556735200913,4
Phoneme,original_hydra,17.494317209006113,0.3222573839662447,0.1575633048759208,0.2822489361420746,5
PickupGestureWiimoteZ,original_hydra,0.3399015000031795,0.84,0.8227633477633478,0.8227633477633478,1
PickupGestureWiimoteZ,original_hydra,0.3311355000041658,0.88,0.8757070707070707,0.8757070707070708,2
PickupGestureWiimoteZ,original_hydra,0.3284763749979902,0.86,0.8575252525252527,0.8575252525252526,3
PickupGestureWiimoteZ,original_hydra,0.3263333329960005,0.84,0.8344483294483295,0.8344483294483296,4
PickupGestureWiimoteZ,original_hydra,0.3316987079961109,0.86,0.8593434343434343,0.8593434343434343,5
PigAirwayPressure,original_hydra,4.941051333997166,0.7596153846153846,0.7427045177045175,0.7427045177045175,1
PigAirwayPressure,original_hydra,6.088479707999795,0.7836538461538461,0.771707459207459,0.771707459207459,2
PigAirwayPressure,original_hydra,5.057319583000208,0.7836538461538461,0.7662531912531911,0.7662531912531911,3
PigAirwayPressure,original_hydra,4.967172875003598,0.7980769230769231,0.7839077589077588,0.7839077589077588,4
PigAirwayPressure,original_hydra,5.287363499999628,0.7836538461538461,0.7678932178932177,0.7678932178932177,5
PigArtPressure,original_hydra,4.713498375000199,0.9855769230769232,0.9848595848595848,0.9848595848595848,1
PigArtPressure,original_hydra,4.719877249997808,0.9855769230769232,0.9848595848595848,0.9848595848595848,2
PigArtPressure,original_hydra,5.115416417000233,0.9855769230769232,0.9848595848595848,0.9848595848595848,3
PigArtPressure,original_hydra,4.744084958998428,0.9855769230769232,0.9848595848595848,0.9848595848595848,4
PigArtPressure,original_hydra,4.605277917005878,0.9855769230769232,0.9848595848595848,0.9848595848595848,5
PigCVP,original_hydra,5.351011958002346,0.9615384615384616,0.9611777111777112,0.9611777111777112,1
PigCVP,original_hydra,4.877160707997973,0.9567307692307692,0.9562326562326564,0.9562326562326564,2
PigCVP,original_hydra,4.903800500003854,0.9615384615384616,0.9606893106893106,0.9606893106893106,3
PigCVP,original_hydra,5.321780708000006,0.9615384615384616,0.9616050616050617,0.9616050616050617,4
PigCVP,original_hydra,4.910536208000849,0.9615384615384616,0.9611777111777112,0.9611777111777112,5
PLAID,original_hydra,13.516407041002822,0.8547486033519553,0.7911959436573587,0.8474333427644212,1
PLAID,original_hydra,13.653611041998374,0.8696461824953445,0.8200631947409395,0.8611952467284332,2
PLAID,original_hydra,13.448757582998953,0.851024208566108,0.7902508145728722,0.846219470478911,3
PLAID,original_hydra,13.610268833996088,0.8696461824953445,0.8167615421838446,0.8631481223464033,4
PLAID,original_hydra,13.012446957996872,0.851024208566108,0.7989140409687352,0.8454764474883117,5
Plane,original_hydra,0.3039864160018624,1.0,1.0,1.0,1
Plane,original_hydra,0.2687956660010968,1.0,1.0,1.0,2
Plane,original_hydra,0.3950422909983899,1.0,1.0,1.0,3
Plane,original_hydra,0.2633789999963483,1.0,1.0,1.0,4
Plane,original_hydra,0.2556154579942813,1.0,1.0,1.0,5
PowerCons,original_hydra,0.485881792003056,0.9777777777777776,0.9777750339548092,0.9777750339548092,1
PowerCons,original_hydra,0.4975310000008903,0.9777777777777776,0.9777750339548092,0.9777750339548092,2
PowerCons,original_hydra,1.1296112920026644,0.9777777777777776,0.9777750339548092,0.9777750339548092,3
PowerCons,original_hydra,0.8966042500032927,0.9722222222222222,0.972214504028897,0.9722145040288968,4
PowerCons,original_hydra,0.464969332999317,0.9611111111111112,0.961109910799716,0.961109910799716,5
ProximalPhalanxOutlineCorrect,original_hydra,0.6906479999961448,0.8969072164948454,0.8716931216931216,0.8926071383116058,1
ProximalPhalanxOutlineCorrect,original_hydra,0.6604570420022355,0.9072164948453608,0.8858077174623937,0.9039881871447548,2
ProximalPhalanxOutlineCorrect,original_hydra,0.6658803340033046,0.9003436426116839,0.8754960829731046,0.8959475359063968,3
ProximalPhalanxOutlineCorrect,original_hydra,0.730408957999316,0.9106529209621992,0.8888007054673721,0.9069261865367249,4
ProximalPhalanxOutlineCorrect,original_hydra,0.6624200000005658,0.9003436426116839,0.8773490298670155,0.896876201007329,5
ProximalPhalanxOutlineAgeGroup,original_hydra,0.4264110830044956,0.8634146341463415,0.7957557615147893,0.8663575304858865,1
ProximalPhalanxOutlineAgeGroup,original_hydra,0.4200747909999336,0.8536585365853658,0.774785775428524,0.8571133807993091,2
ProximalPhalanxOutlineAgeGroup,original_hydra,0.4186902920046123,0.848780487804878,0.7637832630318181,0.8508312344488856,3
ProximalPhalanxOutlineAgeGroup,original_hydra,0.4179542499987292,0.8585365853658536,0.7819968924839186,0.8612585212676575,4
ProximalPhalanxOutlineAgeGroup,original_hydra,0.4126204169951961,0.8536585365853658,0.7781762545899634,0.8560647222139296,5
ProximalPhalanxTW,original_hydra,0.4084062910042121,0.7804878048780488,0.4424162598630684,0.7504715177574545,1
ProximalPhalanxTW,original_hydra,0.4226983330008806,0.8195121951219512,0.5281004911268069,0.7884230346746394,2
ProximalPhalanxTW,original_hydra,0.4195750409999164,0.8097560975609757,0.4828158334040687,0.776632403146033,3
ProximalPhalanxTW,original_hydra,0.4240094580018194,0.8097560975609757,0.5007780832248917,0.7832961998504292,4
ProximalPhalanxTW,original_hydra,0.4215783339968766,0.8097560975609757,0.4996189256752636,0.7745773978683632,5
RefrigerationDevices,original_hydra,4.376539958000649,0.5306666666666666,0.5264310852546147,0.5264310852546147,1
RefrigerationDevices,original_hydra,4.269124166996335,0.496,0.4887821311222614,0.4887821311222614,2
RefrigerationDevices,original_hydra,4.355560290998255,0.5093333333333333,0.5044564973312836,0.5044564973312836,3
RefrigerationDevices,original_hydra,4.349517750000814,0.4933333333333333,0.4860701003830774,0.4860701003830774,4
RefrigerationDevices,original_hydra,4.345605334005086,0.5253333333333333,0.5194226637704898,0.5194226637704898,5
Rock,original_hydra,1.769845125003485,0.92,0.9193970503181028,0.9202955465587044,1
Rock,original_hydra,1.72504208299506,0.9,0.8912037037037037,0.903148148148148,2
Rock,original_hydra,1.7202231669944013,0.92,0.9193970503181028,0.9202955465587044,3
Rock,original_hydra,1.7337839999963762,0.9,0.8923315232525759,0.9005316067947646,4
Rock,original_hydra,1.7097196250033448,0.92,0.9193970503181028,0.9202955465587044,5
ScreenType,original_hydra,4.168416458000138,0.464,0.4630277449305829,0.4630277449305829,1
ScreenType,original_hydra,4.150906750001013,0.4826666666666667,0.4821055495033561,0.4821055495033561,2
ScreenType,original_hydra,4.158776457996282,0.5066666666666667,0.5046148910806063,0.5046148910806063,3
ScreenType,original_hydra,4.189619666001818,0.4666666666666667,0.464050953476198,0.4640509534761979,4
ScreenType,original_hydra,4.174421834002715,0.4773333333333333,0.4770064563303814,0.4770064563303814,5
SemgHandGenderCh2,original_hydra,11.357111958997848,0.8216666666666667,0.8096079762988622,0.8239825740882981,1
SemgHandGenderCh2,original_hydra,11.357391083001858,0.8316666666666667,0.8196294367140413,0.8336081553687031,2
SemgHandGenderCh2,original_hydra,11.296231666994572,0.8333333333333334,0.8215793793341343,0.835317767125406,3
SemgHandGenderCh2,original_hydra,11.385113124997588,0.825,0.8117824204780726,0.8267457180500659,4
SemgHandGenderCh2,original_hydra,11.346959082999092,0.8316666666666667,0.8215290192047734,0.8342896943316321,5
SemgHandMovementCh2,original_hydra,10.642997208000452,0.4822222222222222,0.4833391113080034,0.4833391113080034,1
SemgHandMovementCh2,original_hydra,10.68294541600335,0.5155555555555555,0.5157446553916839,0.5157446553916839,2
SemgHandMovementCh2,original_hydra,10.53197666699998,0.4933333333333333,0.4963184808746261,0.4963184808746261,3
SemgHandMovementCh2,original_hydra,10.623545333997754,0.4755555555555555,0.4758984387932508,0.4758984387932507,4
SemgHandMovementCh2,original_hydra,10.612399208002898,0.48,0.480709825076496,0.480709825076496,5
SemgHandSubjectCh2,original_hydra,10.630573416005063,0.78,0.7777018661144683,0.7777018661144683,1
SemgHandSubjectCh2,original_hydra,10.694778332996066,0.7844444444444445,0.7831291075466577,0.7831291075466578,2
SemgHandSubjectCh2,original_hydra,10.690747291999289,0.7644444444444445,0.7621603591445357,0.7621603591445356,3
SemgHandSubjectCh2,original_hydra,10.529048750002405,0.7555555555555555,0.7533692551313391,0.7533692551313392,4
SemgHandSubjectCh2,original_hydra,10.508455416995275,0.7533333333333333,0.7508726533166458,0.7508726533166459,5
ShakeGestureWiimoteZ,original_hydra,0.3176676660004887,0.94,0.940909090909091,0.9409090909090908,1
ShakeGestureWiimoteZ,original_hydra,0.3165990420020534,0.92,0.9194444444444444,0.9194444444444446,2
ShakeGestureWiimoteZ,original_hydra,0.3161367909997352,0.9,0.8951770451770452,0.8951770451770451,3
ShakeGestureWiimoteZ,original_hydra,0.3190422499974374,0.94,0.9435897435897436,0.9435897435897436,4
ShakeGestureWiimoteZ,original_hydra,0.3098157089989399,0.9,0.8951770451770452,0.8951770451770451,5
ShapeletSim,original_hydra,0.8406195409988868,0.9888888888888888,0.9888875169774046,0.9888875169774048,1
ShapeletSim,original_hydra,0.847182542005612,0.9833333333333332,0.9833287024173382,0.983328702417338,2
ShapeletSim,original_hydra,0.8440835000001243,0.9888888888888888,0.9888875169774046,0.9888875169774048,3
ShapeletSim,original_hydra,0.8290642499996466,0.9888888888888888,0.9888875169774046,0.9888875169774048,4
ShapeletSim,original_hydra,0.8536036250006873,0.9833333333333332,0.9833287024173382,0.983328702417338,5
ShapesAll,original_hydra,4.712762082999689,0.9316666666666666,0.9312882731303784,0.9312882731303784,1
ShapesAll,original_hydra,4.691837582999142,0.9316666666666666,0.9304828700312612,0.9304828700312616,2
ShapesAll,original_hydra,4.66942433299846,0.9233333333333332,0.9207857433244429,0.9207857433244432,3
ShapesAll,original_hydra,4.735825666997698,0.9283333333333332,0.927016416825274,0.927016416825274,4
ShapesAll,original_hydra,4.674335915995471,0.93,0.9291927165429654,0.9291927165429658,5
SmallKitchenAppliances,original_hydra,3.991566292002972,0.8106666666666666,0.8096003418345094,0.8096003418345092,1
SmallKitchenAppliances,original_hydra,4.02794345899747,0.816,0.8152748160861751,0.815274816086175,2
SmallKitchenAppliances,original_hydra,4.007297999996808,0.8133333333333334,0.8118751959970886,0.8118751959970887,3
SmallKitchenAppliances,original_hydra,4.028272166004172,0.8053333333333333,0.804660414890594,0.804660414890594,4
SmallKitchenAppliances,original_hydra,4.026599040997098,0.824,0.8225897968097154,0.8225897968097154,5
SmoothSubspace,original_hydra,0.028216083002917,0.98,0.97999799979998,0.97999799979998,1
SmoothSubspace,original_hydra,0.0267288749964791,0.98,0.98006533986732,0.98006533986732,2
SmoothSubspace,original_hydra,0.0278201659966725,0.94,0.93992799279928,0.93992799279928,3
SmoothSubspace,original_hydra,0.0275812500040046,0.9533333333333334,0.9535711116848428,0.9535711116848428,4
SmoothSubspace,original_hydra,0.0280217920007999,0.96,0.9599839935974388,0.9599839935974388,5
SonyAIBORobotSurface1,original_hydra,0.4105110840027919,0.9234608985024958,0.9231372330960854,0.9238426576998006,1
SonyAIBORobotSurface1,original_hydra,0.4122089170050458,0.9267886855241264,0.9264463729417,0.9271560453686816,2
SonyAIBORobotSurface1,original_hydra,0.4185462499954155,0.9151414309484192,0.9148689747114944,0.9155501153038068,3
SonyAIBORobotSurface1,original_hydra,0.4177142500047921,0.9334442595673876,0.9330690246564358,0.933777801710456,4
SonyAIBORobotSurface1,original_hydra,0.4167439169978024,0.9168053244592346,0.9165222125919504,0.917209769983926,5
SonyAIBORobotSurface2,original_hydra,0.6226528330007568,0.9485834207764952,0.945799039641206,0.948673655350324,1
SonyAIBORobotSurface2,original_hydra,0.6004554590035696,0.9464847848898216,0.9438617281897218,0.9467012507340046,2
SonyAIBORobotSurface2,original_hydra,0.597234542001388,0.949632738719832,0.9471890499016375,0.9498473065185028,3
SonyAIBORobotSurface2,original_hydra,0.5994246670015855,0.949632738719832,0.9471387630581491,0.9498255097854696,4
SonyAIBORobotSurface2,original_hydra,0.5980080829976941,0.9517313746065058,0.9492432452459684,0.9518728795938348,5
StarLightCurves,original_hydra,286.60536358399986,0.9822729480330258,0.9730647544498142,0.9819090606777892,1
StarLightCurves,original_hydra,253.9083917079988,0.9817872753763964,0.9723221673125167,0.9813873335830582,2
StarLightCurves,original_hydra,268.7766565839993,0.9821515298688684,0.9728531527536896,0.9817752339099468,3
StarLightCurves,original_hydra,263.682459292002,0.9814230208839242,0.9717983127820814,0.9810253781079796,4
StarLightCurves,original_hydra,258.39232370800164,0.9817872753763964,0.97236032382397,0.9813889760766694,5
Strawberry,original_hydra,2.8862060839965125,0.9756756756756756,0.9737172353372956,0.9757726281676746,1
Strawberry,original_hydra,1.8243467499996768,0.9702702702702702,0.9677728420869264,0.9703430108969696,2
Strawberry,original_hydra,1.8332938750027097,0.981081081081081,0.9794918086007712,0.9811273705707988,3
Strawberry,original_hydra,1.8182984580053017,0.972972972972973,0.970654484312046,0.9730175592933756,4
Strawberry,original_hydra,1.8079529169990565,0.9756756756756756,0.9737999512191284,0.9758083026574516,5
SwedishLeaf,original_hydra,1.1808503749998636,0.9808,0.981123474449032,0.980623145368946,1
SwedishLeaf,original_hydra,1.1362002079986269,0.984,0.9841383411154476,0.9839708690397186,2
SwedishLeaf,original_hydra,1.1265340000027209,0.9824,0.982358506245416,0.982256414885576,3
SwedishLeaf,original_hydra,1.1508151670059306,0.9776,0.9780170036683082,0.977554873727508,4
SwedishLeaf,original_hydra,1.1283631670012255,0.976,0.9761849368868932,0.9758727596853624,5
Symbols,original_hydra,3.312694208994799,0.9798994974874372,0.9801973407269662,0.9799948978824932,1
Symbols,original_hydra,2.9265072909984156,0.978894472361809,0.9792164935978702,0.9789965909862184,2
Symbols,original_hydra,2.922216958002537,0.9809045226130654,0.9811463416414912,0.9809854285554652,3
Symbols,original_hydra,2.879223333999107,0.9798994974874372,0.9801973407269662,0.9799948978824932,4
Symbols,original_hydra,2.913793708998128,0.9778894472361808,0.978203704837984,0.9779914085521488,5
SyntheticControl,original_hydra,0.3868930000026012,0.9633333333333334,0.9636602818536928,0.9636602818536926,1
SyntheticControl,original_hydra,0.3490573750023031,0.96,0.9605211577410758,0.9605211577410758,2
SyntheticControl,original_hydra,0.3592561249970458,0.97,0.9701860644406892,0.9701860644406888,3
SyntheticControl,original_hydra,0.3550119999999879,0.96,0.960430829519004,0.960430829519004,4
SyntheticControl,original_hydra,0.3561997079959837,0.9666666666666668,0.9672794523064528,0.9672794523064528,5
ToeSegmentation1,original_hydra,0.6344878749951022,0.9605263157894736,0.9605194805194806,0.960546821599453,1
ToeSegmentation1,original_hydra,0.6271571249963017,0.956140350877193,0.9561369757599076,0.9561572264636196,2
ToeSegmentation1,original_hydra,0.6344874170026742,0.956140350877193,0.9561369757599076,0.9561572264636196,3
ToeSegmentation1,original_hydra,0.6361382500035688,0.956140350877193,0.9561369757599076,0.9561572264636196,4
ToeSegmentation1,original_hydra,0.637591082995641,0.956140350877193,0.9561369757599076,0.9561572264636196,5
ToeSegmentation2,original_hydra,0.4760287500030244,0.8923076923076924,0.8317307692307692,0.8954142011834318,1
ToeSegmentation2,original_hydra,0.4683787500034668,0.8923076923076924,0.8317307692307692,0.8954142011834318,2
ToeSegmentation2,original_hydra,0.4705864169955021,0.9,0.8459575243824629,0.9035092516634764,3
ToeSegmentation2,original_hydra,0.4744144169962965,0.9076923076923076,0.8514285714285714,0.909098901098901,4
ToeSegmentation2,original_hydra,0.4694852920001722,0.9,0.8414485411389436,0.902223473121306,5
Trace,original_hydra,0.4542935829958878,1.0,1.0,1.0,1
Trace,original_hydra,0.4473205829999642,1.0,1.0,1.0,2
Trace,original_hydra,0.4423882080009207,1.0,1.0,1.0,3
Trace,original_hydra,0.4491330829987419,1.0,1.0,1.0,4
Trace,original_hydra,0.4476442919985857,1.0,1.0,1.0,5
TwoLeadECG,original_hydra,0.9992225839960156,0.9991220368744512,0.9991220368744512,0.9991220368744512,1
TwoLeadECG,original_hydra,0.8522288339954684,0.9991220368744512,0.9991220368744512,0.9991220368744512,2
TwoLeadECG,original_hydra,0.8527070000054664,0.9991220368744512,0.9991220368744512,0.9991220368744512,3
TwoLeadECG,original_hydra,0.8396837089967448,0.9991220368744512,0.9991220368744512,0.9991220368744512,4
TwoLeadECG,original_hydra,0.8369408750004368,0.9991220368744512,0.9991220368744512,0.9991220368744512,5
TwoPatterns,original_hydra,7.065825790996314,0.98375,0.9837660907493108,0.983730750020793,1
TwoPatterns,original_hydra,4.7006768330029445,0.988,0.9879732364040352,0.9879715188431352,2
TwoPatterns,original_hydra,4.698681041998498,0.98725,0.9872522660144448,0.987242203984172,3
TwoPatterns,original_hydra,4.700436125000124,0.986,0.9860472687192008,0.9859853865101972,4
TwoPatterns,original_hydra,4.671318417000293,0.985,0.9849745031482248,0.9849654912703024,5
UMD,original_hydra,0.2518351249964325,0.9861111111111112,0.9861103575088924,0.9861103575088924,1
UMD,original_hydra,0.2413808330020401,0.9861111111111112,0.9861103575088924,0.9861103575088924,2
UMD,original_hydra,0.2446842920035123,0.9861111111111112,0.9861103575088924,0.9861103575088924,3
UMD,original_hydra,0.2421386669957428,0.9861111111111112,0.9861103575088924,0.9861103575088924,4
UMD,original_hydra,0.2426394579961197,0.9930555555555556,0.993054801953337,0.993054801953337,5
UWaveGestureLibraryAll,original_hydra,29.363661374998628,0.974036850921273,0.9738545871665026,0.9740126283189776,1
UWaveGestureLibraryAll,original_hydra,28.990985415999603,0.96929089893914,0.9690341131271326,0.9692073752910092,2
UWaveGestureLibraryAll,original_hydra,29.281832166998356,0.9734785036292574,0.9732678525543008,0.973445766273357,3
UWaveGestureLibraryAll,original_hydra,29.097367999995186,0.9734785036292574,0.9732985705306134,0.973466492149136,4
UWaveGestureLibraryAll,original_hydra,29.19843445799779,0.9715242881072028,0.9713403616343887,0.971527917783775,5
UWaveGestureLibraryX,original_hydra,10.958459417000997,0.8542713567839196,0.8501536436398063,0.851644861969365,1
UWaveGestureLibraryX,original_hydra,10.335684791003589,0.8565047459519821,0.8522535240581148,0.8537507649652658,2
UWaveGestureLibraryX,original_hydra,10.308686457996371,0.8556672250139586,0.8514808939110265,0.8530048403059906,3
UWaveGestureLibraryX,original_hydra,10.270062416995644,0.8615298715801228,0.8574781100986524,0.8589061862718574,4
UWaveGestureLibraryX,original_hydra,10.472604417002003,0.8592964824120602,0.8551312577889449,0.8565576233145857,5
UWaveGestureLibraryY,original_hydra,10.3716032500015,0.7948073701842546,0.7929057461309212,0.7928349330012483,1
UWaveGestureLibraryY,original_hydra,10.406760334000865,0.7922948073701842,0.7898837072504337,0.7897647797947337,2
UWaveGestureLibraryY,original_hydra,10.23551249999582,0.8001116694584032,0.7978704667109219,0.7977084872600988,3
UWaveGestureLibraryY,original_hydra,10.333274042000994,0.7998324958123953,0.7971604202607936,0.7970169831762113,4
UWaveGestureLibraryY,original_hydra,10.36897808300273,0.7939698492462312,0.7917372206325708,0.7916355122722605,5
UWaveGestureLibraryZ,original_hydra,10.319213542003126,0.7962032384142937,0.7925885692436728,0.7916053097743978,1
UWaveGestureLibraryZ,original_hydra,10.265192541999568,0.7995533221663875,0.7961250342074879,0.7951701778297267,2
UWaveGestureLibraryZ,original_hydra,10.054300208001225,0.8001116694584032,0.796731688443872,0.7957380835896142,3
UWaveGestureLibraryZ,original_hydra,9.928422208002305,0.7975991066443328,0.7939590723880154,0.7929919773796124,4
UWaveGestureLibraryZ,original_hydra,10.32698199999868,0.7917364600781687,0.787510250177388,0.7865021254658453,5
Wafer,original_hydra,9.917805166005564,1.0,1.0,1.0,1
Wafer,original_hydra,8.439138749999984,1.0,1.0,1.0,2
Wafer,original_hydra,8.430996374998358,1.0,1.0,1.0,3
Wafer,original_hydra,8.481156207999447,1.0,1.0,1.0,4
Wafer,original_hydra,8.397512832998473,1.0,1.0,1.0,5
Wine,original_hydra,0.2112221670031431,0.8703703703703703,0.8703259005145798,0.8703259005145798,1
Wine,original_hydra,0.2007077499947627,0.925925925925926,0.925925925925926,0.925925925925926,2
Wine,original_hydra,0.1990592500005732,0.8888888888888888,0.8887362637362637,0.8887362637362637,3
Wine,original_hydra,0.2082940420004888,0.9074074074074074,0.9071207430340558,0.9071207430340557,4
Wine,original_hydra,0.2005061670060968,0.925925925925926,0.925824175824176,0.925824175824176,5
WordSynonyms,original_hydra,2.0450812919953023,0.7460815047021944,0.6074437125319883,0.7190702467492316,1
WordSynonyms,original_hydra,2.0370816250069765,0.7460815047021944,0.6201100573713705,0.7220770067884478,2
WordSynonyms,original_hydra,2.0307457500020973,0.7366771159874608,0.5960496004758666,0.7123258707801476,3
WordSynonyms,original_hydra,1.9951634999961243,0.7398119122257053,0.6184239179608264,0.7189260272648491,4
WordSynonyms,original_hydra,2.0558901670010528,0.7523510971786834,0.6247369452192267,0.7311173999593921,5
Worms,original_hydra,1.8137811250053344,0.7532467532467533,0.7250458461726068,0.7386578423710305,1
Worms,original_hydra,1.8063632080011305,0.7532467532467533,0.7191136649543843,0.7350361227399199,2
Worms,original_hydra,1.8206301250029355,0.7792207792207793,0.7497272680371273,0.7668094359149783,3
Worms,original_hydra,1.7934786660043756,0.7532467532467533,0.7401780827867784,0.7447554139818398,4
Worms,original_hydra,1.810775374993682,0.7532467532467533,0.7325716536984144,0.7414429360652152,5
WormsTwoClass,original_hydra,1.8183749999952852,0.7792207792207793,0.7737251512532412,0.7787628102234845,1
WormsTwoClass,original_hydra,1.8168365000019548,0.7662337662337663,0.7613636363636364,0.7662337662337663,2
WormsTwoClass,original_hydra,1.8122789169938187,0.7922077922077922,0.7878787878787878,0.7922077922077922,3
WormsTwoClass,original_hydra,1.7842602919990895,0.7792207792207793,0.7754331789329216,0.779599539249565,4
WormsTwoClass,original_hydra,1.7999502909951843,0.7922077922077922,0.7878787878787878,0.7922077922077922,5
Yoga,original_hydra,9.938171458001309,0.9246666666666666,0.9242813766583832,0.9246666666666666,1
Yoga,original_hydra,9.962928500004637,0.9166666666666666,0.9162324155086636,0.916662645822611,2
Yoga,original_hydra,9.890265750000252,0.9226666666666666,0.9222785429817524,0.922670328210864,3
Yoga,original_hydra,9.925713958000417,0.922,0.9215935409161092,0.921996236489964,4
Yoga,original_hydra,9.953748667001491,0.9286666666666666,0.9282300180967672,0.928629346276077,5
ACSF1,mrsqm,8.064503916000831,0.93,0.9284500020103732,0.9284500020103736,1
ACSF1,mrsqm,8.1132534999997,0.92,0.9188578397866324,0.9188578397866324,2
ACSF1,mrsqm,8.450697457999922,0.94,0.93937343358396,0.9393734335839596,3
ACSF1,mrsqm,8.237680124999315,0.93,0.9288578397866324,0.9288578397866324,4
ACSF1,mrsqm,7.907623957995384,0.94,0.9407404875825928,0.9407404875825928,5
Adiac,mrsqm,3.3875226250020205,0.8235294117647058,0.8139499575039003,0.8209171618377044,1
Adiac,mrsqm,3.3021167919941945,0.8286445012787724,0.8218306849317121,0.8238085081806805,2
Adiac,mrsqm,3.5420876249991124,0.8209718670076727,0.8195251261673391,0.8160810114572191,3
Adiac,mrsqm,3.2280038750031963,0.8337595907928389,0.821788259700836,0.8264844386541002,4
Adiac,mrsqm,3.318935708994104,0.8337595907928389,0.833106852680483,0.8301025052816383,5
AllGestureWiimoteX,mrsqm,11.290113374998327,0.6271428571428571,0.6135829419306248,0.6135829419306247,1
AllGestureWiimoteX,mrsqm,10.501412249999705,0.6385714285714286,0.6314394748254104,0.6314394748254104,2
AllGestureWiimoteX,mrsqm,11.119092458000525,0.6371428571428571,0.6259299731623342,0.6259299731623343,3
AllGestureWiimoteX,mrsqm,10.39706587499677,0.6385714285714286,0.6276184815681205,0.6276184815681204,4
AllGestureWiimoteX,mrsqm,10.75370508299966,0.6471428571428571,0.6402587747479439,0.6402587747479439,5
AllGestureWiimoteY,mrsqm,11.009412583000085,0.6514285714285715,0.6465049080716195,0.6465049080716195,1
AllGestureWiimoteY,mrsqm,10.46322583300207,0.6614285714285715,0.6537830027684229,0.653783002768423,2
AllGestureWiimoteY,mrsqm,11.098472709003545,0.6628571428571428,0.6584580283725996,0.6584580283725996,3
AllGestureWiimoteY,mrsqm,10.290932209005405,0.6585714285714286,0.6530887719928804,0.6530887719928804,4
AllGestureWiimoteY,mrsqm,10.694431208001332,0.66,0.6565170591292083,0.6565170591292082,5
AllGestureWiimoteZ,mrsqm,10.91477075000148,0.6542857142857142,0.6476867884004068,0.6476867884004068,1
AllGestureWiimoteZ,mrsqm,10.38364291700418,0.6328571428571429,0.6246687954542928,0.6246687954542928,2
AllGestureWiimoteZ,mrsqm,10.921333124999364,0.6442857142857142,0.6305266327714982,0.6305266327714983,3
AllGestureWiimoteZ,mrsqm,10.078831999999238,0.64,0.6303341444059327,0.6303341444059327,4
AllGestureWiimoteZ,mrsqm,10.52877770899795,0.6414285714285715,0.6329827236403959,0.6329827236403958,5
ArrowHead,mrsqm,1.1689286249966244,0.8628571428571429,0.8601705312231628,0.8632579701000752,1
ArrowHead,mrsqm,1.166891790999216,0.8571428571428571,0.854864391057554,0.857665012053993,2
ArrowHead,mrsqm,1.2074268750002377,0.8514285714285714,0.850877237630364,0.8522728485700762,3
ArrowHead,mrsqm,1.1451769589984906,0.8514285714285714,0.8506592460080832,0.8522645313342988,4
ArrowHead,mrsqm,1.2186770830012392,0.8457142857142858,0.8444669812201077,0.8464486727459004,5
Beef,mrsqm,0.8932006670002011,0.8,0.804812834224599,0.8048128342245988,1
Beef,mrsqm,0.8535076249972917,0.7666666666666667,0.7696613190730839,0.7696613190730838,2
Beef,mrsqm,0.8880448749987409,0.7666666666666667,0.7751515151515151,0.7751515151515151,3
Beef,mrsqm,0.8284903329986264,0.8333333333333334,0.8366666666666667,0.8366666666666667,4
Beef,mrsqm,0.8669093330026953,0.7666666666666667,0.7751515151515151,0.7751515151515151,5
BeetleFly,mrsqm,0.7509958329974324,0.95,0.949874686716792,0.949874686716792,1
BeetleFly,mrsqm,0.7467371250022552,0.95,0.949874686716792,0.949874686716792,2
BeetleFly,mrsqm,0.7432009170006495,0.95,0.949874686716792,0.949874686716792,3
BeetleFly,mrsqm,0.7076367909976398,0.95,0.949874686716792,0.949874686716792,4
BeetleFly,mrsqm,0.7428965829967638,0.95,0.949874686716792,0.949874686716792,5
BirdChicken,mrsqm,0.7331614590002573,0.9,0.898989898989899,0.898989898989899,1
BirdChicken,mrsqm,0.7370723330022884,0.9,0.898989898989899,0.898989898989899,2
BirdChicken,mrsqm,0.7275967090026825,0.9,0.898989898989899,0.898989898989899,3
BirdChicken,mrsqm,0.704747124997084,0.9,0.898989898989899,0.898989898989899,4
BirdChicken,mrsqm,0.7293637090042466,0.95,0.949874686716792,0.949874686716792,5
BME,mrsqm,0.5835769999976037,0.84,0.8430063002293017,0.8430063002293016,1
BME,mrsqm,0.5730025410011876,0.86,0.8639132214208823,0.8639132214208822,2
BME,mrsqm,0.6263289170019561,0.84,0.8425843130761165,0.8425843130761164,3
BME,mrsqm,0.5552943329967093,0.86,0.862048635174133,0.8620486351741329,4
BME,mrsqm,0.5887881249946076,0.8066666666666666,0.8095796105771401,0.8095796105771401,5
Car,mrsqm,1.858021666004788,0.85,0.8523076923076923,0.8489230769230769,1
Car,mrsqm,1.85963383300259,0.85,0.8507407407407407,0.8500246913580247,2
Car,mrsqm,1.828529083999456,0.85,0.8523076923076923,0.8489230769230769,3
Car,mrsqm,1.7378820829981123,0.8166666666666667,0.8240740740740741,0.8187084520417854,4
Car,mrsqm,1.8327571249974424,0.8666666666666667,0.8666666666666666,0.8644444444444445,5
CBF,mrsqm,2.0949549580036546,0.9977777777777778,0.997785136129507,0.9977777777777778,1
CBF,mrsqm,2.0328165419996367,1.0,1.0,1.0,2
CBF,mrsqm,2.2882639999952517,1.0,1.0,1.0,3
CBF,mrsqm,1.963002750002488,1.0,1.0,1.0,4
CBF,mrsqm,2.1752763749973383,1.0,1.0,1.0,5
Chinatown,mrsqm,0.2365654169989284,0.9737609329446064,0.9679549064183612,0.9741188386893748,1
Chinatown,mrsqm,0.2359159589977935,0.9737609329446064,0.9679549064183612,0.9741188386893748,2
Chinatown,mrsqm,0.2450350830040406,0.9737609329446064,0.9677581074729752,0.974044850365562,3
Chinatown,mrsqm,0.2365179999978863,0.9737609329446064,0.9677581074729752,0.974044850365562,4
Chinatown,mrsqm,0.2405930410022847,0.9737609329446064,0.9677581074729752,0.974044850365562,5
ChlorineConcentration,mrsqm,12.68679549999797,0.7057291666666666,0.6524469696701584,0.6916429487531798,1
ChlorineConcentration,mrsqm,12.38489304199902,0.7140625,0.657836167971523,0.6993775728980095,2
ChlorineConcentration,mrsqm,13.58539754099911,0.7229166666666667,0.6657285728806323,0.7066955161266634,3
ChlorineConcentration,mrsqm,11.92910637499881,0.7190104166666667,0.6701083011550795,0.70676046089826,4
ChlorineConcentration,mrsqm,12.940978250000626,0.7236979166666667,0.6662206090738464,0.7078697573322312,5
CinCECGTorso,mrsqm,51.97815208300017,0.9347826086956522,0.934558249136764,0.9343966923707292,1
CinCECGTorso,mrsqm,52.56821795799624,0.9355072463768116,0.9356391861468022,0.935433207024636,2
CinCECGTorso,mrsqm,54.40543141699891,0.932608695652174,0.9325378147920572,0.9322214064153176,3
CinCECGTorso,mrsqm,52.852063875005115,0.9304347826086956,0.9303891126336838,0.930141468217554,4
CinCECGTorso,mrsqm,50.03609962500195,0.932608695652174,0.932391045605102,0.932079799169394,5
Coffee,mrsqm,0.5720486659993185,1.0,1.0,1.0,1
Coffee,mrsqm,0.547141458002443,0.9642857142857144,0.9638709677419356,0.964147465437788,2
Coffee,mrsqm,0.579541250001057,1.0,1.0,1.0,3
Coffee,mrsqm,0.5357283749981434,1.0,1.0,1.0,4
Coffee,mrsqm,0.5619957919989247,0.9642857142857144,0.9638709677419356,0.964147465437788,5
Computers,mrsqm,8.609212750001461,0.752,0.7519364957429102,0.7519364957429102,1
Computers,mrsqm,8.627307041999302,0.76,0.7599846390168971,0.7599846390168971,2
Computers,mrsqm,8.574790833001316,0.76,0.7598616803278688,0.7598616803278688,3
Computers,mrsqm,8.192284666998603,0.74,0.7399625546078635,0.7399625546078634,4
Computers,mrsqm,8.592688208002073,0.732,0.7318927571028412,0.7318927571028412,5
CricketX,mrsqm,5.437219209001341,0.8128205128205128,0.8129449868737035,0.8104451957601986,1
CricketX,mrsqm,5.139529208994645,0.7871794871794872,0.788207564894413,0.7852894737940125,2
CricketX,mrsqm,5.569203291001031,0.8282051282051283,0.8285943288612261,0.8267877153840788,3
CricketX,mrsqm,5.018842290999601,0.8025641025641026,0.803885553075483,0.8013506877375848,4
CricketX,mrsqm,5.274841750004271,0.7846153846153846,0.7832069513128167,0.7805585191443232,5
CricketY,mrsqm,5.4265878750011325,0.8025641025641026,0.8023705909842628,0.8013316254333257,1
CricketY,mrsqm,5.1475934160043835,0.8,0.7979430541114597,0.7956693343610868,2
CricketY,mrsqm,5.547125040997344,0.8205128205128205,0.81946496950696,0.817352514548522,3
CricketY,mrsqm,5.0317862080046325,0.8179487179487179,0.8178639683047476,0.8153538837611038,4
CricketY,mrsqm,5.332730458001606,0.8179487179487179,0.8178201193820747,0.8164397236863675,5
CricketZ,mrsqm,5.442390208001598,0.823076923076923,0.8131575375718002,0.8207168064473761,1
CricketZ,mrsqm,5.17956504200265,0.8333333333333334,0.8242059346360554,0.831667972588391,2
CricketZ,mrsqm,5.5911560419990565,0.8076923076923077,0.7983067052571359,0.8077418874514924,3
CricketZ,mrsqm,5.045882250000432,0.8076923076923077,0.7981147283077421,0.8062034943607658,4
CricketZ,mrsqm,5.361778625003353,0.841025641025641,0.8306036173295496,0.8402348512581362,5
Crop,mrsqm,22.99486587499996,0.7254166666666667,0.7241939256423091,0.7241939256423091,1
Crop,mrsqm,24.077808582995203,0.7298809523809524,0.7285675740583053,0.7285675740583053,2
Crop,mrsqm,23.75586458300677,0.7238095238095238,0.7220294045851222,0.7220294045851222,3
Crop,mrsqm,23.477306749999116,0.7275595238095238,0.7254448573321289,0.7254448573321289,4
Crop,mrsqm,22.769654124997032,0.7269047619047619,0.7260306445603701,0.72603064456037,5
DiatomSizeReduction,mrsqm,2.3377666669985047,0.8954248366013072,0.7711991047035976,0.8661145500079276,1
DiatomSizeReduction,mrsqm,2.229839082996478,0.8921568627450981,0.7780101652237437,0.8657681056682637,2
DiatomSizeReduction,mrsqm,2.3975796249942505,0.8954248366013072,0.7711494731093037,0.8661203743753447,3
DiatomSizeReduction,mrsqm,2.160340542002814,0.8921568627450981,0.7951003372203558,0.87059958336373,4
DiatomSizeReduction,mrsqm,2.2600275840013637,0.8856209150326797,0.7820595069711053,0.8623614132121495,5
DistalPhalanxOutlineAgeGroup,mrsqm,1.120263958000578,0.7553956834532374,0.7579485557663926,0.7569052917059141,1
DistalPhalanxOutlineAgeGroup,mrsqm,1.1119275000019115,0.7410071942446043,0.7385223472179994,0.7432356820533237,2
DistalPhalanxOutlineAgeGroup,mrsqm,1.146351665993279,0.7553956834532374,0.7697700691121744,0.7555799857721479,3
DistalPhalanxOutlineAgeGroup,mrsqm,1.0220782079995845,0.7194244604316546,0.7164593837535014,0.7208018862221147,4
DistalPhalanxOutlineAgeGroup,mrsqm,1.0831896669988057,0.7482014388489209,0.7489417989417989,0.7493719310266073,5
DistalPhalanxOutlineCorrect,mrsqm,1.5656768749977346,0.7898550724637681,0.7754082720691398,0.7849018837570384,1
DistalPhalanxOutlineCorrect,mrsqm,1.562216250000347,0.782608695652174,0.7710556876624454,0.7796272742354697,2
DistalPhalanxOutlineCorrect,mrsqm,1.5830844580050325,0.7753623188405797,0.7649837938801296,0.7732150378142797,3
DistalPhalanxOutlineCorrect,mrsqm,1.4243917920030071,0.7717391304347826,0.7615697889670492,0.7697766259410095,4
DistalPhalanxOutlineCorrect,mrsqm,1.4763133750020645,0.7862318840579711,0.7759955980466331,0.7839764312080153,5
DistalPhalanxTW,mrsqm,1.0681605830031913,0.7122302158273381,0.6036392796408009,0.7010186500571678,1
DistalPhalanxTW,mrsqm,1.080837415996939,0.7122302158273381,0.5907263347425621,0.7023544474943194,2
DistalPhalanxTW,mrsqm,1.0848827909940155,0.697841726618705,0.5588214805253345,0.6852324078410147,3
DistalPhalanxTW,mrsqm,0.9967058749971328,0.7338129496402878,0.6151606070850494,0.722710253335226,4
DistalPhalanxTW,mrsqm,1.022983875001955,0.7194244604316546,0.6057671762539917,0.7106805691086341,5
DodgerLoopDay,mrsqm,1.1474337090039626,0.5844155844155844,0.5621285680264009,0.5660170325031005,1
DodgerLoopDay,mrsqm,1.0867317909942358,0.5324675324675324,0.5117206882753101,0.5188253483211467,2
DodgerLoopDay,mrsqm,1.1564151249986026,0.5844155844155844,0.5791126288020699,0.5848159202196469,3
DodgerLoopDay,mrsqm,1.056874583999161,0.5194805194805194,0.5116244459090064,0.5168945381356204,4
DodgerLoopDay,mrsqm,1.1167879170025117,0.5454545454545454,0.5355611298729964,0.5415572041920522,5
DodgerLoopGame,mrsqm,1.0520383330003824,0.7874015748031497,0.7781013395457193,0.7791744436138842,1
DodgerLoopGame,mrsqm,0.9851750000016182,0.8818897637795275,0.8804368292223687,0.8807481723417598,2
DodgerLoopGame,mrsqm,1.061440333003702,0.7874015748031497,0.7808245445829338,0.7817214123402361,3
DodgerLoopGame,mrsqm,0.9732185839966404,0.8818897637795275,0.8808257741632781,0.8810917715673404,4
DodgerLoopGame,mrsqm,1.0210639580036514,0.7952755905511811,0.7870227038183695,0.788013050226307,5
DodgerLoopWeekend,mrsqm,1.0478985410009043,0.9761904761904762,0.9705859466189402,0.9764961778034692,1
DodgerLoopWeekend,mrsqm,0.9936620829976164,0.9761904761904762,0.9705859466189402,0.9764961778034692,2
DodgerLoopWeekend,mrsqm,1.063082332999329,0.9682539682539684,0.961111111111111,0.9687830687830687,3
DodgerLoopWeekend,mrsqm,0.9598200420005014,0.9761904761904762,0.9705859466189402,0.9764961778034692,4
DodgerLoopWeekend,mrsqm,1.0195871670002816,0.9761904761904762,0.9705859466189402,0.9764961778034692,5
Earthquakes,mrsqm,5.995069709002564,0.7697841726618705,0.5512510088781275,0.7067024346624395,1
Earthquakes,mrsqm,6.0016330419966835,0.7913669064748201,0.6010885700148442,0.737851124345452,2
Earthquakes,mrsqm,5.927155624995066,0.7841726618705036,0.594988344988345,0.7323959014606497,3
Earthquakes,mrsqm,5.558885791993816,0.7697841726618705,0.5512510088781275,0.7067024346624395,4
Earthquakes,mrsqm,5.965509875000862,0.762589928057554,0.5460663038099951,0.701692658737928,5
ECG200,mrsqm,0.5526031659974251,0.87,0.8541128941757379,0.8675928627538997,1
ECG200,mrsqm,0.5575982499940437,0.88,0.864314789687924,0.8772320217096337,2
ECG200,mrsqm,0.5583918330012239,0.85,0.829059829059829,0.8458119658119658,3
ECG200,mrsqm,0.5386391659994842,0.86,0.8417005879692447,0.8567706919945727,4
ECG200,mrsqm,0.5636480000030133,0.86,0.8417005879692447,0.8567706919945727,5
ECG5000,mrsqm,11.783807207997596,0.9482222222222222,0.5789333561782751,0.9386926118413332,1
ECG5000,mrsqm,11.38006016700092,0.9477777777777778,0.5857985297133226,0.939154573796452,2
ECG5000,mrsqm,12.824032625001564,0.9477777777777778,0.579609887676301,0.938092086528417,3
ECG5000,mrsqm,10.978050875004556,0.9468888888888888,0.5853073746206588,0.9381233729817264,4
ECG5000,mrsqm,12.12179825000203,0.9493333333333334,0.5889409840023753,0.9406852920421026,5
ECGFiveDays,mrsqm,2.088073708000593,1.0,1.0,1.0,1
ECGFiveDays,mrsqm,2.0458081659962772,1.0,1.0,1.0,2
ECGFiveDays,mrsqm,2.3055727090031723,1.0,1.0,1.0,3
ECGFiveDays,mrsqm,1.9683256249991248,1.0,1.0,1.0,4
ECGFiveDays,mrsqm,2.1695823339978233,1.0,1.0,1.0,5
ElectricDevices,mrsqm,35.28698558299948,0.7477629360653612,0.6601180922988339,0.7342294687379637,1
ElectricDevices,mrsqm,35.281486291001784,0.7434833354947478,0.6565691677034374,0.7303609887086768,2
ElectricDevices,mrsqm,36.44575133299804,0.76267669562962,0.6794375222253073,0.7489839419639646,3
ElectricDevices,mrsqm,33.679206499997235,0.7410193230450006,0.6548166121913784,0.7275272143550777,4
ElectricDevices,mrsqm,35.51119191700127,0.7583970950590067,0.6763812949617104,0.7459178703450996,5
EOGHorizontalSignal,mrsqm,22.488942250005493,0.6574585635359116,0.6654180047162713,0.6646121068593352,1
EOGHorizontalSignal,mrsqm,23.09825825000007,0.6657458563535912,0.67453555194885,0.6734654839223294,2
EOGHorizontalSignal,mrsqm,23.709869791004166,0.6464088397790055,0.65780716162745,0.6566187183132394,3
EOGHorizontalSignal,mrsqm,23.055354333999276,0.6519337016574586,0.6611829921369221,0.6601109852451885,4
EOGHorizontalSignal,mrsqm,22.228648374999462,0.6353591160220995,0.6450852798703577,0.6439626741388523,5
EOGVerticalSignal,mrsqm,22.46214545799739,0.511049723756906,0.4813526597633346,0.4801993400648683,1
EOGVerticalSignal,mrsqm,23.208997833004105,0.5082872928176796,0.4765107068163287,0.4750044716370452,2
EOGVerticalSignal,mrsqm,23.87896075000026,0.4834254143646408,0.4515674684228428,0.44986625987782,3
EOGVerticalSignal,mrsqm,23.24152104100358,0.5,0.4710363736833082,0.4695996726817192,4
EOGVerticalSignal,mrsqm,22.577677916997345,0.494475138121547,0.4638837685784269,0.4628743169317388,5
EthanolLevel,mrsqm,45.57236441600253,0.622,0.6130928764262635,0.6131138188011621,1
EthanolLevel,mrsqm,46.292359416002,0.638,0.6331106045140711,0.6331677240352569,2
EthanolLevel,mrsqm,47.39960883300227,0.638,0.6288594253710532,0.6288149316986525,3
EthanolLevel,mrsqm,46.83935024999664,0.632,0.6211174736539349,0.6211520352652635,4
EthanolLevel,mrsqm,45.48347170900525,0.636,0.6284732226073657,0.6285304847626162,5
FaceAll,mrsqm,5.49439308399451,0.8313609467455622,0.8565336677185428,0.8132432772780579,1
FaceAll,mrsqm,5.320683166995877,0.8159763313609467,0.8322153197127155,0.7906246160392874,2
FaceAll,mrsqm,6.565637499996228,0.8112426035502959,0.8417183479296718,0.7884928992955219,3
FaceAll,mrsqm,5.621723875003227,0.8130177514792899,0.8366298144993498,0.7917221593528185,4
FaceAll,mrsqm,6.071739708000678,0.8218934911242604,0.8472120780707665,0.795825904834938,5
FaceFour,mrsqm,1.226219874995877,0.9772727272727272,0.9807407407407408,0.9772390572390574,1
FaceFour,mrsqm,1.0710919159973855,0.9886363636363636,0.9903810580836108,0.988632159553358,2
FaceFour,mrsqm,1.3203423340019071,1.0,1.0,1.0,3
FaceFour,mrsqm,1.1890312089963118,1.0,1.0,1.0,4
FaceFour,mrsqm,1.1220128330023726,0.9886363636363636,0.9903810580836108,0.988632159553358,5
FacesUCR,mrsqm,5.416431708996242,0.951219512195122,0.9300377507010128,0.9497150960914822,1
FacesUCR,mrsqm,5.2900626250047935,0.951219512195122,0.9320191099769692,0.9498657822563128,2
FacesUCR,mrsqm,6.047577625002305,0.9434146341463414,0.9165296580434896,0.941351577219418,3
FacesUCR,mrsqm,5.010746708001534,0.9473170731707315,0.927700462089043,0.9462649062504064,4
FacesUCR,mrsqm,5.542563334005536,0.9492682926829268,0.9291036918190808,0.9476740783793588,5
FiftyWords,mrsqm,6.419627582996327,0.7450549450549451,0.5871070122447674,0.7048407717057812,1
FiftyWords,mrsqm,6.011229292002099,0.7472527472527473,0.5695009598109801,0.7014918539489523,2
FiftyWords,mrsqm,6.499255125003401,0.7626373626373626,0.5947940725886682,0.7181101817575597,3
FiftyWords,mrsqm,5.905492292004055,0.7758241758241758,0.6206793828325726,0.74156434016239,4
FiftyWords,mrsqm,6.346215500001563,0.7450549450549451,0.5541948322586233,0.6930480689929046,5
Fish,mrsqm,4.095767333004915,1.0,1.0,1.0,1
Fish,mrsqm,3.997277041999041,0.9828571428571428,0.982270253639213,0.9828630399528232,2
Fish,mrsqm,4.223035125003662,1.0,1.0,1.0,3
Fish,mrsqm,3.897282707999693,0.9942857142857144,0.994601476954418,0.9942897886427298,4
Fish,mrsqm,4.056125666000298,1.0,1.0,1.0,5
FordA,mrsqm,64.0874345839984,0.956060606060606,0.9560347679076776,0.9560686804833964,1
FordA,mrsqm,60.72561033300008,0.9492424242424242,0.949210680917998,0.9492510815127224,2
FordA,mrsqm,64.67211600000155,0.953030303030303,0.9529871323529412,0.9530324615641712,3
FordA,mrsqm,60.79267837500083,0.9613636363636364,0.9613423151772758,0.9613712019458934,4
FordA,mrsqm,62.47673779199977,0.9545454545454546,0.9545036764705884,0.954547543449198,5
FordB,mrsqm,56.841754166998726,0.8148148148148148,0.8144879562222114,0.8145648641263534,1
FordB,mrsqm,53.3798290420018,0.8197530864197531,0.8191178899840317,0.819223756056652,2
FordB,mrsqm,56.13296333300241,0.8135802469135802,0.8130533999948032,0.8131514180262036,3
FordB,mrsqm,52.45531866600504,0.8209876543209876,0.8208169647965216,0.8208715854443508,4
FordB,mrsqm,54.169551625003805,0.8098765432098766,0.8096490853267737,0.8097140732933745,5
FreezerRegularTrain,mrsqm,16.581568500005233,0.9964912280701754,0.9964911848714666,0.9964911848714664,1
FreezerRegularTrain,mrsqm,15.618006166994746,0.9957894736842106,0.9957893990364372,0.9957893990364372,2
FreezerRegularTrain,mrsqm,17.151437000000442,0.996140350877193,0.9961402933795628,0.9961402933795628,3
FreezerRegularTrain,mrsqm,15.346946958001354,0.995438596491228,0.9954385015828584,0.9954385015828584,4
FreezerRegularTrain,mrsqm,16.560867832995427,0.9975438596491228,0.9975438448320588,0.9975438448320586,5
FreezerSmallTrain,mrsqm,15.886421874994994,0.9592982456140352,0.959298225570071,0.959298225570071,1
FreezerSmallTrain,mrsqm,14.9550913330022,0.9470175438596492,0.9470167545739986,0.9470167545739984,2
FreezerSmallTrain,mrsqm,16.273236207998707,0.955438596491228,0.9554373620691248,0.9554373620691248,3
FreezerSmallTrain,mrsqm,14.68015487500088,0.9543859649122808,0.95438515622807,0.95438515622807,4
FreezerSmallTrain,mrsqm,15.570075583003929,0.9543859649122808,0.9543856055006158,0.9543856055006158,5
Fungi,mrsqm,0.9003483330016024,1.0,1.0,1.0,1
Fungi,mrsqm,0.8949801660055527,1.0,1.0,1.0,2
Fungi,mrsqm,0.9545261659950484,1.0,1.0,1.0,3
Fungi,mrsqm,0.8655429999998887,1.0,1.0,1.0,4
Fungi,mrsqm,0.9306922089963336,1.0,1.0,1.0,5
GestureMidAirD1,mrsqm,3.1817270000028657,0.7384615384615385,0.7302009955856109,0.7302009955856109,1
GestureMidAirD1,mrsqm,2.9997893330000807,0.7307692307692307,0.7124409778255932,0.7124409778255932,2
GestureMidAirD1,mrsqm,3.2256999169985647,0.7615384615384615,0.7470954259415798,0.7470954259415797,3
GestureMidAirD1,mrsqm,3.006100583006628,0.7076923076923077,0.701970251970252,0.701970251970252,4
GestureMidAirD1,mrsqm,3.03213500000129,0.7692307692307693,0.7655073558919714,0.7655073558919713,5
GestureMidAirD2,mrsqm,3.1879585410060827,0.6923076923076923,0.6848704714089331,0.684870471408933,1
GestureMidAirD2,mrsqm,3.0487905830013915,0.6923076923076923,0.6858904983904984,0.6858904983904983,2
GestureMidAirD2,mrsqm,3.2254242499984684,0.6846153846153846,0.6826143941528557,0.6826143941528556,3
GestureMidAirD2,mrsqm,2.9712977090021013,0.7076923076923077,0.7063864554249168,0.706386455424917,4
GestureMidAirD2,mrsqm,3.1223991669976385,0.7230769230769231,0.7197816072816072,0.7197816072816073,5
GestureMidAirD3,mrsqm,3.21679516700533,0.4769230769230769,0.4610423764269918,0.4610423764269918,1
GestureMidAirD3,mrsqm,2.9713885829987703,0.5076923076923077,0.4909447264650884,0.4909447264650884,2
GestureMidAirD3,mrsqm,3.25178245799907,0.4846153846153846,0.4708291708291708,0.4708291708291708,3
GestureMidAirD3,mrsqm,3.002991082998051,0.5,0.472919502634911,0.472919502634911,4
GestureMidAirD3,mrsqm,3.0659190000005765,0.5,0.4846125983777805,0.4846125983777806,5
GesturePebbleZ1,mrsqm,3.422286958004406,0.8953488372093024,0.8907781782063434,0.8946935222570388,1
GesturePebbleZ1,mrsqm,3.3050385000024107,0.9069767441860463,0.9012358658705384,0.9048327085127382,2
GesturePebbleZ1,mrsqm,3.430332707997877,0.9011627906976744,0.8952277255618881,0.8988377186638937,3
GesturePebbleZ1,mrsqm,3.2194079170003533,0.9127906976744186,0.9081547910953648,0.9115434503676736,4
GesturePebbleZ1,mrsqm,3.3430654170006164,0.9127906976744186,0.9081547910953648,0.9115434503676736,5
GesturePebbleZ2,mrsqm,3.463405791000696,0.930379746835443,0.9273222234484788,0.9294951191106504,1
GesturePebbleZ2,mrsqm,3.304101957997773,0.9493670886075948,0.9475274267628092,0.9491058720187828,2
GesturePebbleZ2,mrsqm,3.473761541994463,0.9430379746835444,0.9413965635148994,0.9426056374305156,3
GesturePebbleZ2,mrsqm,3.2590564159982023,0.930379746835443,0.9280856872795344,0.9302574557158004,4
GesturePebbleZ2,mrsqm,3.385128709000128,0.9430379746835444,0.9400008388918883,0.9424455357632552,5
GunPoint,mrsqm,0.7259540419981931,1.0,1.0,1.0,1
GunPoint,mrsqm,0.7276444579983945,1.0,1.0,1.0,2
GunPoint,mrsqm,0.7906189589994028,1.0,1.0,1.0,3
GunPoint,mrsqm,0.7126757910009474,1.0,1.0,1.0,4
GunPoint,mrsqm,0.7592635420005536,1.0,1.0,1.0,5
GunPointAgeSpan,mrsqm,1.4010123339976417,1.0,1.0,1.0,1
GunPointAgeSpan,mrsqm,1.393055792002997,1.0,1.0,1.0,2
GunPointAgeSpan,mrsqm,1.53323966699827,1.0,1.0,1.0,3
GunPointAgeSpan,mrsqm,1.379922667001665,0.9968354430379748,0.9968351577914208,0.9968355381201592,4
GunPointAgeSpan,mrsqm,1.4654114160002791,1.0,1.0,1.0,5
GunPointMaleVersusFemale,mrsqm,1.4138002079998842,0.9968354430379748,0.9968282964137668,0.9968359194795888,1
GunPointMaleVersusFemale,mrsqm,1.407359541997721,1.0,1.0,1.0,2
GunPointMaleVersusFemale,mrsqm,1.5475748329990893,1.0,1.0,1.0,3
GunPointMaleVersusFemale,mrsqm,1.3844289999979082,0.9936708860759492,0.9936584386915512,0.9936726642737204,4
GunPointMaleVersusFemale,mrsqm,1.45314904100087,1.0,1.0,1.0,5
GunPointOldVersusYoung,mrsqm,1.413046374997066,0.9968253968253968,0.9968171851791976,0.9968248835975096,1
GunPointOldVersusYoung,mrsqm,1.4109604160039453,0.9968253968253968,0.9968171851791976,0.9968248835975096,2
GunPointOldVersusYoung,mrsqm,1.548988417001965,0.9968253968253968,0.9968171851791976,0.9968248835975096,3
GunPointOldVersusYoung,mrsqm,1.3719825830048649,0.9968253968253968,0.9968171851791976,0.9968248835975096,4
GunPointOldVersusYoung,mrsqm,1.4792812500018044,0.9904761904761904,0.9904449904449903,0.9904709904709906,5
Ham,mrsqm,2.3572815000006813,0.7619047619047619,0.7618183467924871,0.7616887241240747,1
Ham,mrsqm,2.249821958001121,0.7333333333333333,0.733115468409586,0.7328976034858388,2
Ham,mrsqm,2.3762498750002123,0.7523809523809524,0.7512755102040817,0.7508017492711371,3
Ham,mrsqm,2.2170003749997704,0.7619047619047619,0.7615587246798075,0.7612991967610916,4
Ham,mrsqm,2.315706624998711,0.7523809523809524,0.7521786492374728,0.7519763460939931,5
HandOutlines,mrsqm,105.68285670899786,0.9405405405405406,0.935439865486501,0.9405405405405406,1
HandOutlines,mrsqm,108.4167291670019,0.945945945945946,0.9411128087598676,0.9458547546782842,2
HandOutlines,mrsqm,112.5063052080004,0.9486486486486486,0.9441509433962264,0.9486058133605304,3
HandOutlines,mrsqm,103.66083579199768,0.9432432432432432,0.9380634670110242,0.9430980158722464,4
HandOutlines,mrsqm,111.00236858300195,0.9432432432432432,0.9378494468840736,0.9429958213919052,5
Haptics,mrsqm,12.091047207999509,0.5551948051948052,0.5423925464934308,0.542923266637646,1
Haptics,mrsqm,12.398872416000811,0.5909090909090909,0.5752382635004561,0.5756944215715672,2
Haptics,mrsqm,12.885732583999925,0.5974025974025974,0.5883141640130496,0.5874568952840523,3
Haptics,mrsqm,12.489919625004404,0.5746753246753247,0.5608408750946637,0.5603619851658616,4
Haptics,mrsqm,12.060091458006356,0.6103896103896104,0.5965325386837346,0.5957152802370728,5
Herring,mrsqm,1.7468704999992042,0.6875,0.6536796536796536,0.6739718614718614,1
Herring,mrsqm,1.7561670419963775,0.625,0.5636363636363637,0.5943181818181819,2
Herring,mrsqm,1.7218288750009378,0.6875,0.6536796536796536,0.6739718614718614,3
Herring,mrsqm,1.625144249999721,0.640625,0.5873282870759742,0.6151352677319877,4
Herring,mrsqm,1.7283747919937014,0.65625,0.6190476190476191,0.6413690476190477,5
HouseTwenty,mrsqm,8.21837170800427,0.9831932773109244,0.9827536231884058,0.9831932773109244,1
HouseTwenty,mrsqm,8.26966716699826,0.9831932773109244,0.9827536231884058,0.9831932773109244,2
HouseTwenty,mrsqm,8.49655562499538,0.9831932773109244,0.9827536231884058,0.9831932773109244,3
HouseTwenty,mrsqm,8.361616333000711,0.9747899159663864,0.974199609741996,0.9748227107566304,4
HouseTwenty,mrsqm,8.017772457998944,0.9831932773109244,0.9827536231884058,0.9831932773109244,5
InlineSkate,mrsqm,28.72241262500029,0.4472727272727272,0.4485489216768465,0.4444303917224388,1
InlineSkate,mrsqm,29.927700792002724,0.44,0.443301195805095,0.4380368835202271,2
InlineSkate,mrsqm,32.81954520900035,0.4618181818181818,0.4601057178508022,0.4595111136366521,3
InlineSkate,mrsqm,31.190621082998405,0.4436363636363636,0.4411343905422603,0.4407929794715398,4
InlineSkate,mrsqm,29.611509499998647,0.4654545454545454,0.4632573890993358,0.46370582939035,5
InsectEPGRegularTrain,mrsqm,4.3517830000055255,1.0,1.0,1.0,1
InsectEPGRegularTrain,mrsqm,4.4107765829976415,1.0,1.0,1.0,2
InsectEPGRegularTrain,mrsqm,4.477338250006142,1.0,1.0,1.0,3
InsectEPGRegularTrain,mrsqm,4.104216374995303,1.0,1.0,1.0,4
InsectEPGRegularTrain,mrsqm,4.3684992080015945,1.0,1.0,1.0,5
InsectEPGSmallTrain,mrsqm,3.662023874996521,0.9959839357429718,0.9945774659820718,0.9959682152942,1
InsectEPGSmallTrain,mrsqm,3.583852208997996,0.9959839357429718,0.9945774659820718,0.9959682152942,2
InsectEPGSmallTrain,mrsqm,3.5917420420009876,0.9959839357429718,0.9945774659820718,0.9959682152942,3
InsectEPGSmallTrain,mrsqm,3.460892249997414,0.9959839357429718,0.9945774659820718,0.9959682152942,4
InsectEPGSmallTrain,mrsqm,3.6109780419938033,0.9959839357429718,0.9945774659820718,0.9959682152942,5
InsectWingbeatSound,mrsqm,11.327273500006411,0.6388888888888888,0.6342092372531832,0.6342092372531832,1
InsectWingbeatSound,mrsqm,10.51140149999992,0.6454545454545455,0.6419177095241033,0.6419177095241032,2
InsectWingbeatSound,mrsqm,11.6920879169993,0.6378787878787879,0.6334670269350918,0.6334670269350917,3
InsectWingbeatSound,mrsqm,10.320169750004425,0.6444444444444445,0.640784834184825,0.640784834184825,4
InsectWingbeatSound,mrsqm,11.07971604100021,0.6525252525252525,0.6492361331551352,0.6492361331551353,5
ItalyPowerDemand,mrsqm,0.5313797499984503,0.9475218658892128,0.9475206268133464,0.9475213702588662,1
ItalyPowerDemand,mrsqm,0.5432844160022796,0.9416909620991254,0.9416904664762682,0.9416909620991254,2
ItalyPowerDemand,mrsqm,0.5608112910049385,0.9504373177842566,0.9504343218638108,0.950435445333978,3
ItalyPowerDemand,mrsqm,0.539578125004482,0.9543245869776482,0.954323033986428,0.9543238104820382,4
ItalyPowerDemand,mrsqm,0.5460377909985255,0.9514091350826044,0.9514068863383932,0.9514078500859124,5
LargeKitchenAppliances,mrsqm,13.524668875004863,0.8693333333333333,0.8688650004745392,0.8688650004745393,1
LargeKitchenAppliances,mrsqm,13.328525332995923,0.8613333333333333,0.8610281445911698,0.8610281445911697,2
LargeKitchenAppliances,mrsqm,13.219986333002453,0.8746666666666667,0.8741835282593774,0.8741835282593775,3
LargeKitchenAppliances,mrsqm,12.78272762499546,0.88,0.879677230428841,0.879677230428841,4
LargeKitchenAppliances,mrsqm,13.237986291998824,0.88,0.8797751277479318,0.8797751277479318,5
Lightning2,mrsqm,2.221127291995799,0.7868852459016393,0.7783058428850993,0.781880594141991,1
Lightning2,mrsqm,2.226592334001907,0.7868852459016393,0.7711399711399711,0.7760603695029925,2
Lightning2,mrsqm,2.188482416997431,0.8360655737704918,0.8282657657657657,0.8312656919214296,3
Lightning2,mrsqm,2.116121667000698,0.819672131147541,0.8124126362873916,0.8154374258124539,4
Lightning2,mrsqm,2.196055750006053,0.8032786885245902,0.7966666666666666,0.799672131147541,5
Lightning7,mrsqm,1.3441957920003915,0.7671232876712328,0.768382872717238,0.7638478103977064,1
Lightning7,mrsqm,1.250487958001031,0.7534246575342466,0.7380785723900544,0.7466062871312937,2
Lightning7,mrsqm,1.339665583996975,0.7123287671232876,0.7073204573204573,0.7129940075145554,3
Lightning7,mrsqm,1.234415708000597,0.7397260273972602,0.7291799594630738,0.7413234814581131,4
Lightning7,mrsqm,1.2984084579948103,0.7534246575342466,0.741514261046788,0.7540590032831654,5
Mallat,mrsqm,53.705369084003905,0.9893390191897654,0.9893982904421632,0.9893323809005335,1
Mallat,mrsqm,54.82019874999969,0.9215351812366738,0.9150267442393576,0.914059171735065,2
Mallat,mrsqm,57.912595166002575,0.953091684434968,0.9523117621371276,0.9518540571080756,3
Mallat,mrsqm,56.345714166993275,0.9795309168443496,0.9795792854360464,0.9794989436187148,4
Mallat,mrsqm,53.63410704199487,0.9816631130063966,0.9817602563865084,0.9815871509189265,5
Meat,mrsqm,1.5145357080036774,0.9333333333333332,0.933249791144528,0.933249791144528,1
Meat,mrsqm,1.4739617080049356,0.9,0.8994708994708995,0.8994708994708996,2
Meat,mrsqm,1.541198416998668,0.9,0.8994708994708995,0.8994708994708996,3
Meat,mrsqm,1.4402065000031143,0.9166666666666666,0.916449550595892,0.916449550595892,4
Meat,mrsqm,1.5110787919984432,0.9,0.8994708994708995,0.8994708994708996,5
MedicalImages,mrsqm,2.522836083000584,0.7105263157894737,0.6276334849106576,0.7026674221925259,1
MedicalImages,mrsqm,2.4805397919990355,0.7131578947368421,0.6159308846629699,0.7020985889744131,2
MedicalImages,mrsqm,2.543606084000203,0.7131578947368421,0.6421194058844892,0.7058507209248975,3
MedicalImages,mrsqm,2.3786315830002422,0.7210526315789474,0.6448715014231354,0.7106192257621246,4
MedicalImages,mrsqm,2.7467149579970283,0.7092105263157895,0.6299853175128605,0.7020795396019809,5
MelbournePedestrian,mrsqm,1.8685315830007312,0.8896075894782234,0.8851620441861346,0.8893893987995597,1
MelbournePedestrian,mrsqm,1.91685995899752,0.8870202673566192,0.8819973439643365,0.8865513150616593,2
MelbournePedestrian,mrsqm,1.9850517910017516,0.8952134540750324,0.8911537369127476,0.8950912372870066,3
MelbournePedestrian,mrsqm,1.924062625002989,0.8917636912462268,0.8883002406533613,0.8915181602995729,4
MelbournePedestrian,mrsqm,1.906290540995542,0.8921949115998276,0.8875176638282269,0.8917308095794433,5
MiddlePhalanxOutlineCorrect,mrsqm,1.6272357499983627,0.8006872852233677,0.7943713450292398,0.7994488655774602,1
MiddlePhalanxOutlineCorrect,mrsqm,1.676225290997536,0.8006872852233677,0.7933036151660625,0.7988078055724174,2
MiddlePhalanxOutlineCorrect,mrsqm,1.7756822500014096,0.8144329896907216,0.8094626054903482,0.813798472558759,3
MiddlePhalanxOutlineCorrect,mrsqm,1.4945589999988442,0.8006872852233677,0.7938489349228064,0.7991389794949387,4
MiddlePhalanxOutlineCorrect,mrsqm,1.5353927920004935,0.7835051546391752,0.7769192392402138,0.7823196898673623,5
MiddlePhalanxOutlineAgeGroup,mrsqm,1.1704577499986044,0.564935064935065,0.4755983222304465,0.5485210570332703,1
MiddlePhalanxOutlineAgeGroup,mrsqm,1.1935411670056055,0.5714285714285714,0.4737615483729473,0.5529377522715792,2
MiddlePhalanxOutlineAgeGroup,mrsqm,1.207712374998664,0.5844155844155844,0.488649848383379,0.5664881915230383,3
MiddlePhalanxOutlineAgeGroup,mrsqm,1.1282481249945704,0.5714285714285714,0.4674700624783061,0.5449828449492194,4
MiddlePhalanxOutlineAgeGroup,mrsqm,1.1264724580032637,0.5714285714285714,0.4778103176391079,0.5539989409104074,5
MiddlePhalanxTW,mrsqm,1.1487699580029584,0.551948051948052,0.4053832902670112,0.5413487029766099,1
MiddlePhalanxTW,mrsqm,1.1589912080016802,0.5324675324675324,0.3795050635554511,0.5230285971565041,2
MiddlePhalanxTW,mrsqm,1.1811982090002855,0.538961038961039,0.4017951927530824,0.5352228917705848,3
MiddlePhalanxTW,mrsqm,1.1970737500014366,0.487012987012987,0.3372479135109447,0.4828888509062102,4
MiddlePhalanxTW,mrsqm,1.2057146669976646,0.5844155844155844,0.4449416049849772,0.5790705355434472,5
MixedShapesRegularTrain,mrsqm,67.47732516700489,0.9785567010309278,0.9785987552515704,0.978505873535168,1
MixedShapesRegularTrain,mrsqm,70.79945500000031,0.9851546391752576,0.9847828888998555,0.985127721355363,2
MixedShapesRegularTrain,mrsqm,73.19497425000009,0.9797938144329896,0.9791562161919456,0.9797037649819892,3
MixedShapesRegularTrain,mrsqm,70.37516158400103,0.9785567010309278,0.978384345109196,0.9785514859011304,4
MixedShapesRegularTrain,mrsqm,63.41311845800374,0.9830927835051546,0.9827097019423708,0.9830443079453058,5
MixedShapesSmallTrain,mrsqm,52.83224133299518,0.96659793814433,0.966654018719417,0.9665212583845088,1
MixedShapesSmallTrain,mrsqm,54.50163291700301,0.9694845360824742,0.9692451920600108,0.96940450830907,2
MixedShapesSmallTrain,mrsqm,56.77165258300374,0.9624742268041238,0.9623081500158132,0.9623337960646884,3
MixedShapesSmallTrain,mrsqm,54.61778729099751,0.9628865979381444,0.9629732399544194,0.962800389027232,4
MixedShapesSmallTrain,mrsqm,52.07328237500042,0.9670103092783504,0.9670533104280208,0.966908796745806,5
MoteStrain,mrsqm,1.820539291999012,0.9488817891373802,0.9485127240295372,0.948853935166977,1
MoteStrain,mrsqm,1.8243193750022328,0.9584664536741214,0.9581550802139038,0.9584376227981752,2
MoteStrain,mrsqm,1.873539250002068,0.9600638977635784,0.959741729690796,0.9600236267544806,3
MoteStrain,mrsqm,1.729348624998238,0.9424920127795527,0.9419407195579086,0.9423835616539832,4
MoteStrain,mrsqm,1.7425437919955584,0.9424920127795527,0.9419223156853044,0.9423725601630168,5
NonInvasiveFetalECGThorax1,mrsqm,68.20432937499572,0.9363867684478372,0.9302841334404152,0.934719065930356,1
NonInvasiveFetalECGThorax1,mrsqm,68.23056570899644,0.9338422391857506,0.9283981250390728,0.9324933766766884,2
NonInvasiveFetalECGThorax1,mrsqm,67.50559204099409,0.9338422391857506,0.9275707193809544,0.9317076005961948,3
NonInvasiveFetalECGThorax1,mrsqm,64.05979504200513,0.917557251908397,0.9123517283120902,0.916785213987389,4
NonInvasiveFetalECGThorax1,mrsqm,67.67338233299961,0.9374045801526718,0.9320939323053494,0.9364513241913216,5
NonInvasiveFetalECGThorax2,mrsqm,67.93313370800024,0.9506361323155216,0.9479573505873494,0.950886101047324,1
NonInvasiveFetalECGThorax2,mrsqm,67.85932254100044,0.9368956743002544,0.9336045736130544,0.9371576938752492,2
NonInvasiveFetalECGThorax2,mrsqm,67.45992416600347,0.9394402035623408,0.936107053687625,0.939787507357309,3
NonInvasiveFetalECGThorax2,mrsqm,63.94147074999637,0.9465648854961832,0.9433206990697194,0.9465339538924176,4
NonInvasiveFetalECGThorax2,mrsqm,67.55505270800495,0.9450381679389313,0.9419555560147704,0.9450839778062108,5
OliveOil,mrsqm,1.0429815420066006,0.9333333333333332,0.9302944862155388,0.9318295739348372,1
OliveOil,mrsqm,1.0431335829998716,0.9333333333333332,0.9302944862155388,0.9318295739348372,2
OliveOil,mrsqm,1.0420998339977814,0.9333333333333332,0.9302944862155388,0.9318295739348372,3
OliveOil,mrsqm,0.9809642920008628,0.9666666666666668,0.9759725400457666,0.9668192219679634,4
OliveOil,mrsqm,1.0416036669994355,0.9333333333333332,0.9302944862155388,0.9318295739348372,5
OSULeaf,mrsqm,4.526834249998501,0.987603305785124,0.9899572437108484,0.9875589306243668,1
OSULeaf,mrsqm,4.3169999579986325,0.9958677685950412,0.9966669966669968,0.9958636776818596,2
OSULeaf,mrsqm,4.577744165995682,0.987603305785124,0.9878256003256004,0.9875630682448864,3
OSULeaf,mrsqm,4.270367208999232,0.987603305785124,0.9828652094187502,0.98728309002436,4
OSULeaf,mrsqm,4.456054415997642,0.9917355371900828,0.9911716063889976,0.9917082371627826,5
PhalangesOutlinesCorrect,mrsqm,4.488359207993199,0.8088578088578089,0.7917377095765843,0.8052389260829158,1
PhalangesOutlinesCorrect,mrsqm,4.356198374996893,0.7913752913752914,0.7768361951342845,0.7897155771925279,2
PhalangesOutlinesCorrect,mrsqm,4.517207332995895,0.7878787878787878,0.7711463493273149,0.7851381298401846,3
PhalangesOutlinesCorrect,mrsqm,3.981132625005557,0.7995337995337995,0.7825171980830106,0.7962722842557316,4
PhalangesOutlinesCorrect,mrsqm,4.094791832998453,0.8076923076923077,0.7926634768740032,0.8052850923664321,5
Phoneme,mrsqm,46.22432658300386,0.3813291139240506,0.1877309294200092,0.3324319896693136,1
Phoneme,mrsqm,48.314059708995046,0.3771097046413502,0.1787325343713389,0.3270672964198043,2
Phoneme,mrsqm,50.36942408400501,0.3691983122362869,0.1874239801655794,0.32436652555046,3
Phoneme,mrsqm,48.4968572910002,0.3686708860759494,0.1805328604485823,0.3212999973707686,4
Phoneme,mrsqm,45.84993095900427,0.3776371308016877,0.1785346883201096,0.3267705967703654,5
PickupGestureWiimoteZ,mrsqm,1.0652004999938072,0.84,0.8415656565656565,0.8415656565656565,1
PickupGestureWiimoteZ,mrsqm,1.023797874993761,0.74,0.7273376623376624,0.7273376623376623,2
PickupGestureWiimoteZ,mrsqm,1.0863548329944024,0.72,0.7218686868686868,0.7218686868686869,3
PickupGestureWiimoteZ,mrsqm,0.9982604169999832,0.8,0.7975757575757576,0.7975757575757575,4
PickupGestureWiimoteZ,mrsqm,1.0452914159977809,0.82,0.8177272727272727,0.8177272727272726,5
PigAirwayPressure,mrsqm,15.914714624996122,0.9326923076923076,0.9325091575091574,0.9325091575091574,1
PigAirwayPressure,mrsqm,15.921267041994724,0.9615384615384616,0.9609432234432234,0.9609432234432234,2
PigAirwayPressure,mrsqm,16.447400000004563,0.9326923076923076,0.9324900526823604,0.9324900526823604,3
PigAirwayPressure,mrsqm,16.042978125005902,0.9615384615384616,0.9604395604395604,0.9604395604395604,4
PigAirwayPressure,mrsqm,15.609498083998917,0.9326923076923076,0.9305250305250304,0.9305250305250304,5
PigArtPressure,mrsqm,16.098430375001044,0.9903846153846154,0.9902319902319902,0.9902319902319902,1
PigArtPressure,mrsqm,16.204692665996845,0.9903846153846154,0.9902319902319902,0.9902319902319902,2
PigArtPressure,mrsqm,16.586382417001005,0.9903846153846154,0.9902319902319902,0.9902319902319902,3
PigArtPressure,mrsqm,16.398677958000917,0.9903846153846154,0.9902319902319902,0.9902319902319902,4
PigArtPressure,mrsqm,15.87651491699944,1.0,1.0,1.0,5
PigCVP,mrsqm,15.86838145799993,0.9278846153846154,0.93298139768728,0.93298139768728,1
PigCVP,mrsqm,16.149229082999227,0.9375,0.9423220570279394,0.9423220570279394,2
PigCVP,mrsqm,16.49686387499969,0.9375,0.9405982905982904,0.9405982905982904,3
PigCVP,mrsqm,16.065354457998183,0.9471153846153846,0.9498778998778996,0.9498778998778996,4
PigCVP,mrsqm,15.59443883300264,0.9471153846153846,0.9489735691658768,0.9489735691658768,5
PLAID,mrsqm,36.10371775000385,0.8566108007448789,0.7980382251636812,0.8479694610629336,1
PLAID,mrsqm,37.765167625002505,0.8566108007448789,0.8042975038501542,0.8495743517402842,2
PLAID,mrsqm,38.67653841699939,0.8361266294227188,0.7888372763648843,0.8285724568694718,3
PLAID,mrsqm,37.60190754200448,0.851024208566108,0.7964428722941449,0.8428137411412241,4
PLAID,mrsqm,36.07454866699845,0.845437616387337,0.7867568279243945,0.8367189161921716,5
Plane,mrsqm,0.7736452919998555,1.0,1.0,1.0,1
Plane,mrsqm,0.7696863329983898,1.0,1.0,1.0,2
Plane,mrsqm,0.8547793329998967,1.0,1.0,1.0,3
Plane,mrsqm,0.7667042920002132,1.0,1.0,1.0,4
Plane,mrsqm,0.807493375003105,1.0,1.0,1.0,5
PowerCons,mrsqm,1.2632197919956525,0.9444444444444444,0.9444444444444444,0.9444444444444444,1
PowerCons,mrsqm,1.2342744580018916,0.9388888888888888,0.938887002685268,0.938887002685268,2
PowerCons,mrsqm,1.3896429169981277,0.95,0.949998456742492,0.949998456742492,3
PowerCons,mrsqm,1.226246916994569,0.9444444444444444,0.9444444444444444,0.9444444444444444,4
PowerCons,mrsqm,1.2976186250016326,0.9388888888888888,0.938887002685268,0.938887002685268,5
ProximalPhalanxOutlineCorrect,mrsqm,1.626171249998151,0.8934707903780069,0.8716438297690698,0.8911062029787054,1
ProximalPhalanxOutlineCorrect,mrsqm,1.7137681249951129,0.9003436426116839,0.8790922245941803,0.8977307633472366,2
ProximalPhalanxOutlineCorrect,mrsqm,1.740774790996511,0.9003436426116839,0.8807326483598796,0.8985154990797359,3
ProximalPhalanxOutlineCorrect,mrsqm,1.5612223749994882,0.8797250859106529,0.8560566445722685,0.8775187057858882,4
ProximalPhalanxOutlineCorrect,mrsqm,1.6099033339996822,0.8900343642611683,0.8688302907369845,0.8882220502847423,5
ProximalPhalanxOutlineAgeGroup,mrsqm,1.2835051660003955,0.848780487804878,0.7490985783471332,0.8512267519175738,1
ProximalPhalanxOutlineAgeGroup,mrsqm,1.2947230839999977,0.8634146341463415,0.7815567711968062,0.8664536054964116,2
ProximalPhalanxOutlineAgeGroup,mrsqm,1.339891625000746,0.8390243902439024,0.7419116804665938,0.8413860639153181,3
ProximalPhalanxOutlineAgeGroup,mrsqm,1.2233746670026449,0.8536585365853658,0.7639657282741737,0.8565782010329283,4
ProximalPhalanxOutlineAgeGroup,mrsqm,1.2477698330039857,0.8682926829268293,0.7967883766779463,0.8692054787858724,5
ProximalPhalanxTW,mrsqm,1.572237332999066,0.8048780487804879,0.5184758440766637,0.7833581089635462,1
ProximalPhalanxTW,mrsqm,1.7125537910033015,0.8048780487804879,0.5236827488195408,0.7873877599816671,2
ProximalPhalanxTW,mrsqm,1.2321918750021723,0.8195121951219512,0.5205699974096724,0.7929417140141756,3
ProximalPhalanxTW,mrsqm,1.1301555410027504,0.8097560975609757,0.4991700547357481,0.7847697453180807,4
ProximalPhalanxTW,mrsqm,1.15784624999651,0.7853658536585366,0.4786443599159533,0.7683503112974303,5
RefrigerationDevices,mrsqm,14.211636833999364,0.5866666666666667,0.590121289931148,0.590121289931148,1
RefrigerationDevices,mrsqm,13.90725037499942,0.5893333333333334,0.5922908992204313,0.5922908992204314,2
RefrigerationDevices,mrsqm,13.784640958001546,0.6133333333333333,0.616337280861186,0.6163372808611861,3
RefrigerationDevices,mrsqm,13.187081791002129,0.5893333333333334,0.5898545898545898,0.5898545898545899,4
RefrigerationDevices,mrsqm,13.669686790999547,0.6213333333333333,0.6235400232668903,0.6235400232668903,5
Rock,mrsqm,5.691749500001606,0.92,0.9193970503181028,0.9202955465587044,1
Rock,mrsqm,5.842588708001131,0.92,0.9193970503181028,0.9202955465587044,2
Rock,mrsqm,6.024596750001365,0.92,0.9193970503181028,0.9202955465587044,3
Rock,mrsqm,5.635959415994876,0.94,0.9484800362976408,0.9405607985480944,4
Rock,mrsqm,5.890210082994599,0.94,0.9484800362976408,0.9405607985480944,5
ScreenType,mrsqm,13.364056374994108,0.5733333333333334,0.5738291076301664,0.5738291076301663,1
ScreenType,mrsqm,13.459922667003411,0.5866666666666667,0.5864244516849326,0.5864244516849326,2
ScreenType,mrsqm,13.36784087500564,0.568,0.5674835403175388,0.5674835403175388,3
ScreenType,mrsqm,12.716017833001388,0.568,0.5674475448779024,0.5674475448779023,4
ScreenType,mrsqm,13.139298542002509,0.5973333333333334,0.5977124183006536,0.5977124183006536,5
SemgHandGenderCh2,mrsqm,35.711058625005535,0.86,0.8489914788048754,0.8612231690216805,1
SemgHandGenderCh2,mrsqm,37.22259770800156,0.875,0.8645031329886694,0.8758171213841156,2
SemgHandGenderCh2,mrsqm,37.8177902919997,0.8533333333333334,0.8408564814814814,0.8542245370370369,3
SemgHandGenderCh2,mrsqm,37.67850400000316,0.8666666666666667,0.8537993883941082,0.8668112428270325,4
SemgHandGenderCh2,mrsqm,35.98400566700002,0.8533333333333334,0.8418005968432027,0.8546147484989033,5
SemgHandMovementCh2,mrsqm,37.30958437499794,0.56,0.5595779496017107,0.5595779496017107,1
SemgHandMovementCh2,mrsqm,38.8973798329971,0.6066666666666667,0.6094227504081206,0.6094227504081207,2
SemgHandMovementCh2,mrsqm,39.60142120799719,0.5688888888888889,0.5669117463280313,0.5669117463280313,3
SemgHandMovementCh2,mrsqm,38.64181558400014,0.5377777777777778,0.5344096479808055,0.5344096479808055,4
SemgHandMovementCh2,mrsqm,37.56637479100027,0.5688888888888889,0.5688292123072701,0.5688292123072701,5
SemgHandSubjectCh2,mrsqm,37.38147416699939,0.8288888888888889,0.8284084681303352,0.8284084681303351,1
SemgHandSubjectCh2,mrsqm,38.66779133399541,0.8355555555555556,0.8355643714883211,0.835564371488321,2
SemgHandSubjectCh2,mrsqm,39.65610912500415,0.8422222222222222,0.841526209885245,0.8415262098852451,3
SemgHandSubjectCh2,mrsqm,38.90946404200077,0.8555555555555555,0.8550436401909189,0.8550436401909189,4
SemgHandSubjectCh2,mrsqm,36.98667304200353,0.84,0.8390353853282214,0.8390353853282214,5
ShakeGestureWiimoteZ,mrsqm,1.227023957995698,0.92,0.919949494949495,0.9199494949494952,1
ShakeGestureWiimoteZ,mrsqm,1.1663632089985183,0.94,0.9366161616161616,0.9366161616161616,2
ShakeGestureWiimoteZ,mrsqm,1.2329647079968709,0.96,0.9568181818181818,0.956818181818182,3
ShakeGestureWiimoteZ,mrsqm,1.132782375003444,0.94,0.9408119658119658,0.9408119658119658,4
ShakeGestureWiimoteZ,mrsqm,1.2028945830024895,0.94,0.9366161616161616,0.9366161616161616,5
ShapeletSim,mrsqm,2.577718749998894,1.0,1.0,1.0,1
ShapeletSim,mrsqm,2.39837645800435,1.0,1.0,1.0,2
ShapeletSim,mrsqm,2.49236162500165,1.0,1.0,1.0,3
ShapeletSim,mrsqm,2.353727334004361,0.9944444444444444,0.994444272971388,0.994444272971388,4
ShapeletSim,mrsqm,2.4319786249980098,1.0,1.0,1.0,5
ShapesAll,mrsqm,15.33645075000095,0.9466666666666668,0.9464720743254192,0.9464720743254196,1
ShapesAll,mrsqm,15.124198750003416,0.9416666666666668,0.9399491152122732,0.9399491152122732,2
ShapesAll,mrsqm,14.532607458000712,0.9333333333333332,0.9295843999481768,0.9295843999481772,3
ShapesAll,mrsqm,14.01098141699913,0.95,0.9494927976506924,0.9494927976506924,4
ShapesAll,mrsqm,14.903992749997997,0.9466666666666668,0.9461728231411228,0.9461728231411232,5
SmallKitchenAppliances,mrsqm,13.718821082999057,0.816,0.8156761144193633,0.8156761144193634,1
SmallKitchenAppliances,mrsqm,13.553687583000285,0.8293333333333334,0.8281825546567546,0.8281825546567544,2
SmallKitchenAppliances,mrsqm,13.427313416999825,0.8453333333333334,0.8448002620060672,0.8448002620060672,3
SmallKitchenAppliances,mrsqm,13.057113415998174,0.824,0.8224389695336775,0.8224389695336776,4
SmallKitchenAppliances,mrsqm,13.565150874994288,0.832,0.8313759951458849,0.8313759951458849,5
SmoothSubspace,mrsqm,0.1142335420008748,0.8266666666666667,0.8286848161383394,0.8286848161383394,1
SmoothSubspace,mrsqm,0.1105871660038246,0.8466666666666667,0.8476834940775632,0.847683494077563,2
SmoothSubspace,mrsqm,0.111775375000434,0.8533333333333334,0.8542521367521368,0.8542521367521366,3
SmoothSubspace,mrsqm,0.1167962920007994,0.8533333333333334,0.8546447977930739,0.854644797793074,4
SmoothSubspace,mrsqm,0.1134218750012223,0.88,0.8806884327001528,0.880688432700153,5
SonyAIBORobotSurface1,mrsqm,0.8821703339999658,0.7953410981697171,0.794604131645851,0.7928640717978337,1
SonyAIBORobotSurface1,mrsqm,0.8824963749939343,0.778702163061564,0.7773981090828077,0.7749884441220624,2
SonyAIBORobotSurface1,mrsqm,0.9070185419986956,0.7986688851913477,0.7980224694135455,0.7964064299690399,3
SonyAIBORobotSurface1,mrsqm,0.8221519159997115,0.8252911813643927,0.825134325545823,0.8243936175136888,4
SonyAIBORobotSurface1,mrsqm,0.8637432920004358,0.7936772046589018,0.7929750872280374,0.7912699448959382,5
SonyAIBORobotSurface2,mrsqm,1.2123222919981345,0.919202518363064,0.9153224177901276,0.9195639002791708,1
SonyAIBORobotSurface2,mrsqm,1.2129725829945528,0.9412381951731374,0.9373644429838974,0.9410093659298912,2
SonyAIBORobotSurface2,mrsqm,1.2436731249981676,0.9464847848898216,0.9435298628418064,0.9465525583312898,3
SonyAIBORobotSurface2,mrsqm,1.1325032919994555,0.9202518363064008,0.9167670285824608,0.920752218953941,4
SonyAIBORobotSurface2,mrsqm,1.163237458000367,0.9527806925498428,0.950173408389829,0.9528404926452558,5
StarLightCurves,mrsqm,213.31447662499704,0.9813016027197669,0.9723117690831892,0.9811285083712458,1
StarLightCurves,mrsqm,217.0775058750005,0.9808159300631376,0.9713482788130184,0.980591572347505,2
StarLightCurves,mrsqm,230.47819683399575,0.9809373482272948,0.9716511009898886,0.9807319719622578,3
StarLightCurves,mrsqm,219.3472516670008,0.9810587663914522,0.9718211000439378,0.9808763796727904,4
StarLightCurves,mrsqm,213.16528066700263,0.9811801845556096,0.9720112776022916,0.9809756992058706,5
Strawberry,mrsqm,5.439129667000088,0.9675675675675676,0.9647853811744552,0.9676210711520504,1
Strawberry,mrsqm,5.431140000000596,0.9702702702702702,0.9678766209678056,0.9703887677604912,2
Strawberry,mrsqm,5.77692787500564,0.9648648648648648,0.9620360065983156,0.965004907353308,3
Strawberry,mrsqm,5.257004625003901,0.972972972972973,0.9707500632431064,0.9730601459035558,4
Strawberry,mrsqm,5.476050584002223,0.9702702702702702,0.9678766209678056,0.9703887677604912,5
SwedishLeaf,mrsqm,3.2067995839970536,0.9504,0.9510023778882466,0.9500728799315082,1
SwedishLeaf,mrsqm,3.239954958000453,0.9664,0.96694124591924,0.9661894233917544,2
SwedishLeaf,mrsqm,3.4955487080005696,0.9632,0.9635068062678828,0.9630562819499974,3
SwedishLeaf,mrsqm,2.924240375003137,0.9616,0.9619194284419436,0.9614220151803818,4
SwedishLeaf,mrsqm,3.2298770830020658,0.9616,0.9620237294015014,0.9613054585424612,5
Symbols,mrsqm,8.50783745899389,0.9839195979899498,0.98410971237,0.9839107109482226,1
Symbols,mrsqm,7.957715500000631,0.9738693467336684,0.974223342573776,0.9738792888565748,2
Symbols,mrsqm,8.565238958995906,0.9819095477386934,0.9821569849766334,0.981916696645426,3
Symbols,mrsqm,7.846148750002612,0.9829145728643216,0.9831336276684228,0.9829144842916608,4
Symbols,mrsqm,8.28806504199747,0.9809045226130654,0.981157114387314,0.9809426593970962,5
SyntheticControl,mrsqm,0.9801872909956728,0.98,0.97999799979998,0.97999799979998,1
SyntheticControl,mrsqm,1.0328606670009322,0.9833333333333332,0.9833329999666632,0.9833329999666632,2
SyntheticControl,mrsqm,1.0239872080055648,0.9766666666666668,0.9766586634653862,0.976658663465386,3
SyntheticControl,mrsqm,1.0019419169984758,0.9866666666666668,0.9866653331999866,0.9866653331999866,4
SyntheticControl,mrsqm,0.9737599159998354,0.98,0.97999799979998,0.97999799979998,5
ToeSegmentation1,mrsqm,1.831014999996114,0.9824561403508772,0.9824345146379044,0.9824669532073635,1
ToeSegmentation1,mrsqm,1.73057137500291,0.9824561403508772,0.9824345146379044,0.9824669532073635,2
ToeSegmentation1,mrsqm,2.053294040997571,0.9780701754385964,0.9780494849330894,0.9780849543711015,3
ToeSegmentation1,mrsqm,1.6775928750066669,0.9605263157894736,0.960397568271736,0.9605164121342632,4
ToeSegmentation1,mrsqm,1.7794160829944303,0.9649122807017544,0.9648148148148148,0.9649122807017544,5
ToeSegmentation2,mrsqm,1.516142749998835,0.9307692307692308,0.8988851438942183,0.9347001455894378,1
ToeSegmentation2,mrsqm,1.467396167005063,0.946153846153846,0.919290465631929,0.9486610950025584,2
ToeSegmentation2,mrsqm,1.549965958998655,0.946153846153846,0.919290465631929,0.9486610950025584,3
ToeSegmentation2,mrsqm,1.4292042910019518,0.9384615384615383,0.9089635854341735,0.9416505063563888,4
ToeSegmentation2,mrsqm,1.4881612499957555,0.9384615384615383,0.9089635854341735,0.9416505063563888,5
Trace,mrsqm,1.537943292001728,1.0,1.0,1.0,1
Trace,mrsqm,1.607883958000457,1.0,1.0,1.0,2
Trace,mrsqm,1.641287292004563,1.0,1.0,1.0,3
Trace,mrsqm,1.396392250004283,1.0,1.0,1.0,4
Trace,mrsqm,1.5000899160004335,1.0,1.0,1.0,5
TwoLeadECG,mrsqm,1.7109132920013508,0.9973661106233538,0.9973661025023182,0.9973660984418004,1
TwoLeadECG,mrsqm,1.714139832998626,0.9991220368744512,0.9991220368744512,0.9991220368744512,2
TwoLeadECG,mrsqm,1.7536210830003256,0.9964881474978052,0.9964881231346046,0.9964881150135376,3
TwoLeadECG,mrsqm,1.6169063330016795,0.9973661106233538,0.9973661025023182,0.9973660984418004,4
TwoLeadECG,mrsqm,1.6373353750022943,1.0,1.0,1.0,5
TwoPatterns,mrsqm,12.299738417001208,0.9955,0.9955153071198692,0.9954982106954238,1
TwoPatterns,mrsqm,11.67171700000472,0.99475,0.994781154007066,0.9947533255819369,2
TwoPatterns,mrsqm,13.12660766600311,0.99675,0.9967555382905818,0.9967498674126072,3
TwoPatterns,mrsqm,11.23884791599994,0.9975,0.9975046582201934,0.997499079641662,4
TwoPatterns,mrsqm,12.321870082996613,0.996,0.9960224990115232,0.9960002733458994,5
UMD,mrsqm,0.709337415995833,0.9513888888888888,0.9514582202930004,0.9514582202930006,1
UMD,mrsqm,0.6998908329987898,0.9722222222222222,0.9722804755279558,0.972280475527956,2
UMD,mrsqm,0.7646694170034607,0.9930555555555556,0.993054801953337,0.993054801953337,3
UMD,mrsqm,0.6825288749969332,0.9513888888888888,0.9517893993700444,0.9517893993700446,4
UMD,mrsqm,0.7334123749969876,0.9583333333333334,0.9587209960384832,0.9587209960384832,5
UWaveGestureLibraryAll,mrsqm,97.46156920800422,0.9517029592406476,0.9515791152116072,0.9517427161681786,1
UWaveGestureLibraryAll,mrsqm,99.3394070409995,0.9517029592406476,0.9515182480155844,0.9517150118465172,2
UWaveGestureLibraryAll,mrsqm,94.0724671249991,0.948073701842546,0.9477920389302364,0.9479043394207022,3
UWaveGestureLibraryAll,mrsqm,88.5950284999999,0.9517029592406476,0.951559198326163,0.9517321077563212,4
UWaveGestureLibraryAll,mrsqm,90.7921472080052,0.949748743718593,0.9495731779249736,0.9497403227914544,5
UWaveGestureLibraryX,mrsqm,27.72338858400326,0.8347292015633724,0.8320760728858935,0.8337455104439926,1
UWaveGestureLibraryX,mrsqm,26.3177405000024,0.8375209380234506,0.8352094323432422,0.8368138702014195,2
UWaveGestureLibraryX,mrsqm,28.30887595799868,0.8252372975991067,0.8226000201846079,0.8242248147491777,3
UWaveGestureLibraryX,mrsqm,25.462146042002132,0.8347292015633724,0.8318429756259968,0.8334536104323266,4
UWaveGestureLibraryX,mrsqm,27.2903873749965,0.8422668900055835,0.8392493335593652,0.8407767123252596,5
UWaveGestureLibraryY,mrsqm,28.15948324999772,0.785036292573981,0.7828456908701116,0.7825418666050962,1
UWaveGestureLibraryY,mrsqm,26.64524062500277,0.7811278615298716,0.7786346212349512,0.778316073255241,2
UWaveGestureLibraryY,mrsqm,28.716819166998903,0.7755443886097152,0.7728055283852444,0.7724364776269463,3
UWaveGestureLibraryY,mrsqm,25.80292804200144,0.7802903405918481,0.7783242607036921,0.7780597034942537,4
UWaveGestureLibraryY,mrsqm,27.603676457998517,0.7872696817420436,0.7846570671827791,0.7843835221016247,5
UWaveGestureLibraryZ,mrsqm,27.82931470899348,0.7936906756002233,0.790590529423751,0.7896430753260308,1
UWaveGestureLibraryZ,mrsqm,26.51601658299478,0.7917364600781687,0.7893167472850349,0.7883399001181005,2
UWaveGestureLibraryZ,mrsqm,28.31747383399488,0.7783361250697934,0.7760280903583046,0.7749284618490027,3
UWaveGestureLibraryZ,mrsqm,25.6035042920048,0.7883863763260748,0.7853379093199635,0.7843564325878783,4
UWaveGestureLibraryZ,mrsqm,27.23122054099804,0.7939698492462312,0.7918166290505843,0.7908222108001715,5
Wafer,mrsqm,19.21224174999952,1.0,1.0,1.0,1
Wafer,mrsqm,18.57875987499574,1.0,1.0,1.0,2
Wafer,mrsqm,20.828053165998423,1.0,1.0,1.0,3
Wafer,mrsqm,17.954414291998546,0.9998377676833226,0.9995783185980858,0.9998377140227052,4
Wafer,mrsqm,19.54270770900621,1.0,1.0,1.0,5
Wine,mrsqm,0.6883458750016871,0.8333333333333334,0.8328173374613003,0.8328173374613003,1
Wine,mrsqm,0.6867380409967154,0.925925925925926,0.9255172413793104,0.9255172413793104,2
Wine,mrsqm,0.73522391699953,0.8888888888888888,0.8887362637362637,0.8887362637362637,3
Wine,mrsqm,0.7233495000036783,0.9444444444444444,0.9442724458204336,0.9442724458204332,4
Wine,mrsqm,0.7100666659971466,0.8888888888888888,0.8882758620689655,0.8882758620689656,5
WordSynonyms,mrsqm,5.279705458000535,0.6865203761755486,0.5491489080636786,0.6568718033407899,1
WordSynonyms,mrsqm,4.989199582996662,0.6661442006269592,0.5086875266314821,0.6283653693584615,2
WordSynonyms,mrsqm,5.461070167002617,0.6598746081504702,0.500021395791197,0.620906860012213,3
WordSynonyms,mrsqm,4.886627665997366,0.6724137931034483,0.5060135563425806,0.6350041621869981,4
WordSynonyms,mrsqm,5.27191295800003,0.6724137931034483,0.528334568700224,0.6377944629774577,5
Worms,mrsqm,6.385742582999228,0.7532467532467533,0.7093894409683883,0.7371355385709453,1
Worms,mrsqm,6.418745625000156,0.7402597402597403,0.6968500155380399,0.7173775457528319,2
Worms,mrsqm,6.326125542000227,0.7402597402597403,0.6751237067026541,0.7127667653983443,3
Worms,mrsqm,6.069480499994825,0.7272727272727273,0.6852544882018566,0.7132566104814908,4
Worms,mrsqm,6.282933540998783,0.7402597402597403,0.7073690611448049,0.7274905941433921,5
WormsTwoClass,mrsqm,6.283679457999824,0.7662337662337663,0.7652439024390244,0.7674216027874565,1
WormsTwoClass,mrsqm,6.334548999999242,0.7532467532467533,0.7525790630813461,0.7544152110362157,2
WormsTwoClass,mrsqm,6.217587416002061,0.7922077922077922,0.7913279132791329,0.7932636469221834,3
WormsTwoClass,mrsqm,5.9955394999997225,0.7922077922077922,0.7904761904761906,0.7931972789115647,4
WormsTwoClass,mrsqm,6.246203374998004,0.8051948051948052,0.804004751399966,0.8061865166905045,5
Yoga,mrsqm,27.65414949999831,0.9186666666666666,0.9181515305887408,0.9186147201714135,1
Yoga,mrsqm,26.52090945799864,0.9246666666666666,0.9243027817276294,0.9246771633476004,2
Yoga,mrsqm,28.290224041993497,0.924,0.9235739160904172,0.9239809783968936,3
Yoga,mrsqm,26.343772083004296,0.9133333333333332,0.9128732654519264,0.9133248917208304,4
Yoga,mrsqm,27.48864362500171,0.9153333333333332,0.9147316800678924,0.9152426078409256,5
